DATE,Unnamed: 1,"('Close', 'CAT')",Date,Close
2020-08-24,,127.74935913085938,,
2020-08-25,,127.27144622802734,,
2020-08-26,,127.8846435546875,,
2020-08-27,,129.273193359375,,
2020-08-28,,129.50759887695312,,
2020-08-31,,128.3174285888672,,
2020-09-01,,131.68971252441406,,
2020-09-02,,134.5930938720703,,
2020-09-03,,132.32989501953125,,
2020-09-04,,133.61029052734375,,
2020-09-08,,133.91683959960938,,
2020-09-09,,137.67681884765625,,
2020-09-10,,135.12503051757812,,
2020-09-11,,138.70474243164062,,
2020-09-14,,138.4161834716797,,
2020-09-15,,133.98898315429688,,
2020-09-16,,136.25216674804688,,
2020-09-17,,138.7407684326172,,
2020-09-18,,137.40631103515625,,
2020-09-21,,131.0404815673828,,
2020-09-22,,132.6815185546875,,
2020-09-23,,130.18389892578125,,
2020-09-24,,130.86917114257812,,
2020-09-25,,131.56346130371094,,
2020-09-28,,133.159423828125,,
2020-09-29,,132.9159698486328,,
2020-09-30,,134.48489379882812,,
2020-10-01,,132.28475952148438,,
2020-10-02,,135.19717407226562,,
2020-10-05,,138.39816284179688,,
2020-10-06,,136.6308135986328,,
2020-10-07,,139.55230712890625,,
2020-10-08,,141.25645446777344,,
2020-10-09,,143.3123016357422,,
2020-10-12,,146.62144470214844,,
2020-10-13,,146.17959594726562,,
2020-10-14,,147.5231170654297,,
2020-10-15,,148.8125,,
2020-10-16,,152.15771484375,,
2020-10-19,,151.05767822265625,,
2020-10-20,,152.37408447265625,,
2020-10-21,,150.9404754638672,,
2020-10-22,,152.97825622558594,,
2020-10-23,,152.94195556640625,,
2020-10-26,,148.05224609375,,
2020-10-27,,143.2532501220703,,
2020-10-28,,137.12979125976562,,
2020-10-29,,140.31398010253906,,
2020-10-30,,142.47305297851562,,
2020-11-02,,148.11573791503906,,
2020-11-03,,152.12550354003906,,
2020-11-04,,140.82199096679688,,
2020-11-05,,147.95240783691406,,
2020-11-06,,146.31951904296875,,
2020-11-09,,154.96498107910156,,
2020-11-10,,156.30760192871094,,
2020-11-11,,153.73118591308594,,
2020-11-12,,153.4318084716797,,
2020-11-13,,155.77235412597656,,
2020-11-16,,157.11500549316406,,
2020-11-17,,155.95379638671875,,
2020-11-18,,156.70677185058594,,
2020-11-19,,156.8518829345703,,
2020-11-20,,156.24407958984375,,
2020-11-23,,158.55738830566406,,
2020-11-24,,160.4806365966797,,
2020-11-25,,158.42137145996094,,
2020-11-27,,158.8295440673828,,
2020-11-30,,157.47784423828125,,
2020-12-01,,157.17849731445312,,
2020-12-02,,157.73191833496094,,
2020-12-03,,158.42137145996094,,
2020-12-04,,165.2977752685547,,
2020-12-07,,162.12265014648438,,
2020-12-08,,162.24057006835938,,
2020-12-09,,163.35643005371094,,
2020-12-10,,162.2496795654297,,
2020-12-11,,162.64878845214844,,
2020-12-14,,161.52394104003906,,
2020-12-15,,164.8714141845703,,
2020-12-16,,162.8393096923828,,
2020-12-17,,162.53997802734375,,
2020-12-18,,164.16378784179688,,
2020-12-21,,163.43804931640625,,
2020-12-22,,160.1903533935547,,
2020-12-23,,161.8595428466797,,
2020-12-24,,162.89370727539062,,
2020-12-28,,161.814208984375,,
2020-12-29,,160.25384521484375,,
2020-12-30,,163.3291778564453,,
2020-12-31,,165.12539672851562,,
2021-01-04,,165.2433319091797,,
2021-01-05,,166.59506225585938,,
2021-01-06,,175.86643981933594,,
2021-01-07,,176.20208740234375,,
2021-01-08,,176.22935485839844,,
2021-01-11,,175.86643981933594,,
2021-01-12,,179.2048797607422,,
2021-01-13,,177.70802307128906,,
2021-01-14,,179.07789611816406,,
2021-01-15,,176.555908203125,,
2021-01-19,,176.98455810546875,,
2021-01-20,,175.41592407226562,,
2021-01-21,,175.2790985107422,,
2021-01-22,,175.05108642578125,,
2021-01-25,,170.85585021972656,,
2021-01-26,,170.73731994628906,,
2021-01-27,,164.7362823486328,,
2021-01-28,,168.11984252929688,,
2021-01-29,,166.75181579589844,,
2021-02-01,,168.4663848876953,,
2021-02-02,,175.56185913085938,,
2021-02-03,,174.60423278808594,,
2021-02-04,,174.78660583496094,,
2021-02-05,,176.01785278320312,,
2021-02-08,,180.0762939453125,,
2021-02-09,,179.9212188720703,,
2021-02-10,,180.322509765625,,
2021-02-11,,180.89707946777344,,
2021-02-12,,180.5687561035156,,
2021-02-16,,184.57247924804688,,
2021-02-17,,184.49952697753903,,
2021-02-18,,182.3289337158203,,
2021-02-19,,191.43991088867188,,
2021-02-22,,198.872787475586,,
2021-02-23,,200.80621337890625,,
2021-02-24,,202.89474487304688,,
2021-02-25,,202.3018951416016,,
2021-02-26,,196.88458251953125,,
2021-03-01,,200.4232177734375,,
2021-03-02,,196.8299255371093,,
2021-03-03,,195.9999389648437,,
2021-03-04,,194.0482635498047,,
2021-03-05,,200.7880249023437,,
2021-03-08,,202.0830535888672,,
2021-03-09,,197.7236785888672,,
2021-03-10,,201.60885620117188,,
2021-03-11,,200.4232177734375,,
2021-03-12,,208.8501892089844,,
2021-03-15,,210.43707275390625,,
2021-03-16,,206.5336761474609,,
2021-03-17,,213.07276916503903,,
2021-03-18,,210.3823699951172,,
2021-03-19,,205.46658325195312,,
2021-03-22,,206.13238525390625,,
2021-03-23,,199.04605102539065,,
2021-03-24,,201.7638702392578,,
2021-03-25,,204.51812744140625,,
2021-03-26,,209.30616760253903,,
2021-03-29,,209.9628295898437,,
2021-03-30,,212.5711669921875,,
2021-03-31,,211.46763610839844,,
2021-04-01,,212.2610778808593,,
2021-04-05,,213.145751953125,,
2021-04-06,,210.3459014892578,,
2021-04-07,,210.1361541748047,,
2021-04-08,,210.1999053955078,,
2021-04-09,,210.44615173339844,,
2021-04-12,,210.6103515625,,
2021-04-13,,209.1693572998047,,
2021-04-14,,212.11520385742188,,
2021-04-15,,212.0604705810547,,
2021-04-16,,212.8265686035156,,
2021-04-19,,211.94186401367188,,
2021-04-20,,207.6007080078125,,
2021-04-21,,212.00572204589844,,
2021-04-22,,208.7498474121093,,
2021-04-23,,210.8111572265625,,
2021-04-26,,211.2234039306641,,
2021-04-27,,211.0218505859375,,
2021-04-28,,212.81744384765625,,
2021-04-29,,208.3925628662109,,
2021-04-30,,208.9788513183593,,
2021-05-03,,209.03384399414065,,
2021-05-04,,213.8343811035156,,
2021-05-05,,217.92950439453125,,
2021-05-06,,217.1874237060547,,
2021-05-07,,220.7787170410156,,
2021-05-10,,222.2628173828125,,
2021-05-11,,219.2303771972656,,
2021-05-12,,217.4164581298828,,
2021-05-13,,219.9358062744141,,
2021-05-14,,221.91465759277344,,
2021-05-17,,224.2599639892578,,
2021-05-18,,219.3861083984375,,
2021-05-19,,217.00421142578125,,
2021-05-20,,215.2819061279297,,
2021-05-21,,217.3431854248047,,
2021-05-24,,219.0013885498047,,
2021-05-25,,217.279052734375,,
2021-05-26,,217.7737274169922,,
2021-05-27,,221.04432678222656,,
2021-05-28,,220.86111450195312,,
2021-06-01,,222.4002227783203,,
2021-06-02,,223.04151916503903,,
2021-06-03,,223.38967895507807,,
2021-06-04,,223.5545654296875,,
2021-06-07,,219.6518402099609,,
2021-06-08,,220.018295288086,,
2021-06-09,,214.9703826904297,,
2021-06-10,,206.7984619140625,,
2021-06-11,,202.1903533935547,,
2021-06-14,,200.64208984375,,
2021-06-15,,201.05435180664065,,
2021-06-16,,198.947265625,,
2021-06-17,,191.8838806152344,,
2021-06-18,,191.3433380126953,,
2021-06-21,,195.32850646972656,,
2021-06-22,,195.2552032470703,,
2021-06-23,,195.85986328125,,
2021-06-24,,200.9443817138672,,
2021-06-25,,198.16851806640625,,
2021-06-28,,198.1318359375,,
2021-06-29,,197.0600128173828,,
2021-06-30,,199.3778381347656,,
2021-07-01,,198.53494262695312,,
2021-07-02,,199.4969177246093,,
2021-07-06,,195.612533569336,,
2021-07-07,,196.6844024658203,,
2021-07-08,,194.32077026367188,,
2021-07-09,,199.1853942871093,,
2021-07-12,,200.2481384277344,,
2021-07-13,,197.1424865722656,,
2021-07-14,,193.8902130126953,,
2021-07-15,,193.67947387695312,,
2021-07-16,,190.50965881347656,,
2021-07-19,,187.0465087890625,,
2021-07-20,,191.54122924804688,,
2021-07-21,,194.09255981445312,,
2021-07-22,,192.64649963378903,,
2021-07-23,,192.9873046875,,
2021-07-26,,194.36883544921875,,
2021-07-27,,193.3280792236328,,
2021-07-28,,194.7465209960937,,
2021-07-29,,195.7780303955078,,
2021-07-30,,190.4267578125,,
2021-08-02,,188.9623107910156,,
2021-08-03,,192.03858947753903,,
2021-08-04,,188.372802734375,,
2021-08-05,,190.83204650878903,,
2021-08-06,,191.90045166015625,,
2021-08-09,,192.3978271484375,,
2021-08-10,,197.1688537597656,,
2021-08-11,,204.15963745117188,,
2021-08-12,,202.85174560546875,,
2021-08-13,,201.3135986328125,,
2021-08-16,,200.52145385742188,,
2021-08-17,,196.58856201171875,,
2021-08-18,,193.2451629638672,,
2021-08-19,,188.30838012695312,,
2021-08-20,,188.7596893310547,,
2021-08-23,,192.6280517578125,,
2021-08-24,,195.80567932128903,,
2021-08-25,,197.8043670654297,,
2021-08-26,,194.5622711181641,,
2021-08-27,,196.02674865722656,,
2021-08-30,,194.75567626953125,,
2021-08-31,,194.2214813232422,,
2021-09-01,,191.54122924804688,,
2021-09-02,,195.0596618652344,,
2021-09-03,,193.760971069336,,
2021-09-07,,191.78993225097656,,
2021-09-08,,190.4451904296875,,
2021-09-09,,189.20176696777344,,
2021-09-10,,188.8241271972656,,
2021-09-13,,189.9201812744141,,
2021-09-14,,186.3557281494141,,
2021-09-15,,189.4872589111328,,
2021-09-16,,187.52549743652344,,
2021-09-17,,183.9794006347656,,
2021-09-20,,175.7544403076172,,
2021-09-21,,174.851806640625,,
2021-09-22,,176.24261474609375,,
2021-09-23,,181.0965576171875,,
2021-09-24,,181.2807464599609,,
2021-09-27,,184.209701538086,,
2021-09-28,,184.71627807617188,,
2021-09-29,,182.24786376953125,,
2021-09-30,,176.8136749267578,,
2021-10-01,,178.98733520507812,,
2021-10-04,,177.88209533691406,,
2021-10-05,,177.30184936523438,,
2021-10-06,,176.71234130859375,,
2021-10-07,,180.29522705078125,,
2021-10-08,,179.75181579589844,,
2021-10-11,,177.66104125976562,,
2021-10-12,,174.92550659179688,,
2021-10-13,,174.0229034423828,,
2021-10-14,,178.98733520507812,,
2021-10-15,,183.3070678710937,,
2021-10-18,,182.5333709716797,,
2021-10-19,,185.2596740722656,,
2021-10-20,,188.0688934326172,,
2021-10-21,,186.18072509765625,,
2021-10-22,,185.8287811279297,,
2021-10-25,,187.27359008789065,,
2021-10-26,,184.8933868408203,,
2021-10-27,,181.6427001953125,,
2021-10-28,,189.01470947265625,,
2021-10-29,,188.94061279296875,,
2021-11-01,,190.20944213867188,,
2021-11-02,,191.82090759277344,,
2021-11-03,,188.5146026611328,,
2021-11-04,,188.55162048339844,,
2021-11-05,,190.6724853515625,,
2021-11-08,,198.42420959472656,,
2021-11-09,,194.31219482421875,,
2021-11-10,,191.4041442871093,,
2021-11-11,,193.1267242431641,,
2021-11-12,,193.8121337890625,,
2021-11-15,,192.3673248291016,,
2021-11-16,,190.25575256347656,,
2021-11-17,,187.98670959472656,,
2021-11-18,,186.5419158935547,,
2021-11-19,,185.63433837890625,,
2021-11-22,,187.43101501464844,,
2021-11-23,,190.16311645507807,,
2021-11-24,,191.77459716796875,,
2021-11-26,,184.0506591796875,,
2021-11-29,,181.44821166992188,,
2021-11-30,,179.0680389404297,,
2021-12-01,,177.326904296875,,
2021-12-02,,182.25392150878903,,
2021-12-03,,183.18934631347656,,
2021-12-06,,186.41226196289065,,
2021-12-07,,189.38514709472656,,
2021-12-08,,189.1073455810547,,
2021-12-09,,189.05177307128903,,
2021-12-10,,188.4312896728516,,
2021-12-13,,186.3844451904297,,
2021-12-14,,186.7456970214844,,
2021-12-15,,187.5884552001953,,
2021-12-16,,190.94102478027344,,
2021-12-17,,186.49560546875,,
2021-12-20,,181.022216796875,,
2021-12-21,,183.66165161132807,,
2021-12-22,,187.21798706054688,,
2021-12-23,,190.9688415527344,,
2021-12-27,,191.1355895996093,,
2021-12-28,,191.3578186035156,,
2021-12-29,,192.01541137695312,,
2021-12-30,,190.8577117919922,,
2021-12-31,,191.4689483642578,,
2022-01-03,,191.70977783203125,,
2022-01-04,,201.9713287353516,,
2022-01-05,,203.5179901123047,,
2022-01-06,,205.5925445556641,,
2022-01-07,,207.6300048828125,,
2022-01-10,,205.268310546875,,
2022-01-11,,203.7032012939453,,
2022-01-12,,205.9722137451172,,
2022-01-13,,210.23245239257807,,
2022-01-14,,212.0291748046875,,
2022-01-18,,212.8904724121093,,
2022-01-19,,206.28298950195312,,
2022-01-20,,201.60191345214844,,
2022-01-21,,199.23814392089844,,
2022-01-24,,199.46145629882807,,
2022-01-25,,199.4428558349609,,
2022-01-26,,199.4242248535156,,
2022-01-27,,197.45132446289065,,
2022-01-28,,187.2051239013672,,
2022-01-31,,187.577377319336,,
2022-02-01,,191.1044769287109,,
2022-02-02,,190.7229156494141,,
2022-02-03,,186.67462158203125,,
2022-02-04,,184.64588928222656,,
2022-02-07,,185.9580535888672,,
2022-02-08,,187.5215301513672,,
2022-02-09,,189.4758453369141,,
2022-02-10,,188.9826202392578,,
2022-02-11,,187.27957153320312,,
2022-02-14,,186.0232086181641,,
2022-02-15,,189.2990264892578,,
2022-02-16,,189.51307678222656,,
2022-02-17,,181.23048400878903,,
2022-02-18,,178.634033203125,,
2022-02-22,,177.9453887939453,,
2022-02-23,,173.72030639648438,,
2022-02-24,,171.87770080566406,,
2022-02-25,,174.08326721191406,,
2022-02-28,,174.56719970703125,,
2022-03-01,,170.14669799804688,,
2022-03-02,,179.2482147216797,,
2022-03-03,,181.33287048339844,,
2022-03-04,,182.086669921875,,
2022-03-07,,183.0544891357422,,
2022-03-08,,195.43185424804688,,
2022-03-09,,195.2271423339844,,
2022-03-10,,197.09768676757807,,
2022-03-11,,199.9268035888672,,
2022-03-14,,200.49449157714844,,
2022-03-15,,201.4437255859375,,
2022-03-16,,201.09011840820312,,
2022-03-17,,206.32017517089844,,
2022-03-18,,205.58502197265625,,
2022-03-21,,208.1907958984375,,
2022-03-22,,207.26011657714844,,
2022-03-23,,206.7575836181641,,
2022-03-24,,206.7948455810547,,
2022-03-25,,207.86505126953125,,
2022-03-28,,206.4597930908203,,
2022-03-29,,205.7059936523437,,
2022-03-30,,207.6044769287109,,
2022-03-31,,207.36251831054688,,
2022-04-01,,204.5241241455078,,
2022-04-04,,205.491943359375,,
2022-04-05,,201.03424072265625,,
2022-04-06,,201.21104431152344,,
2022-04-07,,200.9225616455078,,
2022-04-08,,201.97418212890625,,
2022-04-11,,201.0621337890625,,
2022-04-12,,201.6670837402344,,
2022-04-13,,203.12814331054688,,
2022-04-14,,212.00634765625,,
2022-04-18,,213.969970703125,,
2022-04-19,,216.0545654296875,,
2022-04-20,,218.77200317382807,,
2022-04-21,,216.43614196777344,,
2022-04-22,,202.2601928710937,,
2022-04-25,,202.6342163085937,,
2022-04-26,,196.6496124267578,,
2022-04-27,,200.0720367431641,,
2022-04-28,,198.6507110595703,,
2022-04-29,,196.8740081787109,,
2022-05-02,,198.30474853515625,,
2022-05-03,,199.75411987304688,,
2022-05-04,,208.14190673828125,,
2022-05-05,,201.9141998291016,,
2022-05-06,,200.71725463867188,,
2022-05-09,,192.89990234375,,
2022-05-10,,189.8141326904297,,
2022-05-11,,191.89002990722656,,
2022-05-12,,189.8515167236328,,
2022-05-13,,191.067138671875,,
2022-05-16,,193.7414703369141,,
2022-05-17,,199.2584991455078,,
2022-05-18,,194.4428253173828,,
2022-05-19,,193.33938598632807,,
2022-05-20,,184.97967529296875,,
2022-05-23,,190.8988342285156,,
2022-05-24,,192.30142211914065,,
2022-05-25,,195.723876953125,,
2022-05-26,,199.16500854492188,,
2022-05-27,,203.04562377929688,,
2022-05-31,,201.83937072753903,,
2022-06-01,,203.4477386474609,,
2022-06-02,,205.7199859619141,,
2022-06-03,,208.43179321289065,,
2022-06-06,,209.1143798828125,,
2022-06-07,,212.3591461181641,,
2022-06-08,,214.88389587402344,,
2022-06-09,,209.1517791748047,,
2022-06-10,,201.21286010742188,,
2022-06-13,,193.4516448974609,,
2022-06-14,,193.2739105224609,,
2022-06-15,,192.62872314453125,,
2022-06-16,,182.14637756347656,,
2022-06-17,,180.13592529296875,,
2022-06-21,,183.6237945556641,,
2022-06-22,,175.6381072998047,,
2022-06-23,,167.0727081298828,,
2022-06-24,,173.45001220703125,,
2022-06-27,,175.41368103027344,,
2022-06-28,,175.27346801757812,,
2022-06-29,,171.5704803466797,,
2022-06-30,,167.15684509277344,,
2022-07-01,,166.7173614501953,,
2022-07-05,,162.4813995361328,,
2022-07-06,,161.12550354003906,,
2022-07-07,,168.57818603515625,,
2022-07-08,,167.47479248046875,,
2022-07-11,,163.65960693359375,,
2022-07-12,,163.1640167236328,,
2022-07-13,,162.58425903320312,,
2022-07-14,,158.90933227539062,,
2022-07-15,,162.12608337402344,,
2022-07-18,,162.22894287109375,,
2022-07-19,,169.00845336914062,,
2022-07-20,,169.46044921875,,
2022-07-21,,170.4208984375,,
2022-07-22,,168.1892852783203,,
2022-07-25,,171.19297790527344,,
2022-07-26,,170.64686584472656,,
2022-07-27,,174.43209838867188,,
2022-07-28,,176.870849609375,,
2022-07-29,,186.6729431152344,,
2022-08-01,,183.4809112548828,,
2022-08-02,,172.79373168945312,,
2022-08-03,,172.19110107421875,,
2022-08-04,,172.9161376953125,,
2022-08-05,,174.5639190673828,,
2022-08-08,,174.95941162109375,,
2022-08-09,,175.16656494140625,,
2022-08-10,,179.58270263671875,,
2022-08-11,,182.67111206054688,,
2022-08-12,,185.34527587890625,,
2022-08-15,,184.5072784423828,,
2022-08-16,,185.985595703125,,
2022-08-17,,184.4884033203125,,
2022-08-18,,185.82554626464844,,
2022-08-19,,184.17770385742188,,
2022-08-22,,180.5619659423828,,
2022-08-23,,185.6936950683593,,
2022-08-24,,182.82180786132807,,
2022-08-25,,187.2661895751953,,
2022-08-26,,180.7126007080078,,
2022-08-29,,180.580795288086,,
2022-08-30,,176.0234375,,
2022-08-31,,173.9236297607422,,
2022-09-01,,171.7861785888672,,
2022-09-02,,170.27020263671875,,
2022-09-06,,170.1101531982422,,
2022-09-07,,170.29849243164062,,
2022-09-08,,172.45474243164062,,
2022-09-09,,178.42449951171875,,
2022-09-12,,181.1645965576172,,
2022-09-13,,173.54701232910156,,
2022-09-14,,173.86715698242188,,
2022-09-15,,171.8332977294922,,
2022-09-16,,168.98965454101562,,
2022-09-19,,171.47547912597656,,
2022-09-20,,167.5960693359375,,
2022-09-21,,161.9087677001953,,
2022-09-22,,160.5905303955078,,
2022-09-23,,154.6490020751953,,
2022-09-26,,153.12362670898438,,
2022-09-27,,152.9541015625,,
2022-09-28,,157.96343994140625,,
2022-09-29,,156.2120819091797,,
2022-09-30,,154.4983673095703,,
2022-10-03,,161.23081970214844,,
2022-10-04,,169.14031982421875,,
2022-10-05,,167.96328735351562,,
2022-10-06,,168.36817932128906,,
2022-10-07,,167.18177795410156,,
2022-10-10,,168.2363739013672,,
2022-10-11,,169.25331115722656,,
2022-10-12,,169.01788330078125,,
2022-10-13,,172.4453125,,
2022-10-14,,167.7843780517578,,
2022-10-17,,170.24197387695312,,
2022-10-18,,172.83135986328125,,
2022-10-19,,173.6411590576172,,
2022-10-20,,169.9971160888672,,
2022-10-21,,180.31036376953125,,
2022-10-24,,181.3340759277344,,
2022-10-25,,184.68966674804688,,
2022-10-26,,186.69923400878903,,
2022-10-27,,201.08840942382807,,
2022-10-28,,207.9133453369141,,
2022-10-31,,205.1833953857422,,
2022-11-01,,207.11708068847656,,
2022-11-02,,203.3633575439453,,
2022-11-03,,207.83750915527344,,
2022-11-04,,215.97999572753903,,
2022-11-07,,216.70040893554688,,
2022-11-08,,217.837890625,,
2022-11-09,,213.7903289794922,,
2022-11-10,,220.34034729003903,,
2022-11-11,,224.16989135742188,,
2022-11-14,,224.1793670654297,,
2022-11-15,,222.3688507080078,,
2022-11-16,,220.3119201660156,,
2022-11-17,,218.43508911132807,,
2022-11-18,,219.37350463867188,,
2022-11-21,,220.07492065429688,,
2022-11-22,,224.8997802734375,,
2022-11-23,,224.57749938964844,,
2022-11-25,,223.4210205078125,,
2022-11-28,,220.1981658935547,,
2022-11-29,,222.87124633789065,,
2022-11-30,,224.0940704345703,,
2022-12-01,,223.4115447998047,,
2022-12-02,,223.82864379882807,,
2022-12-05,,220.45411682128903,,
2022-12-06,,216.3970184326172,,
2022-12-07,,217.05108642578125,,
2022-12-08,,218.8900604248047,,
2022-12-09,,215.4491577148437,,
2022-12-12,,220.9185943603516,,
2022-12-13,,223.2220153808593,,
2022-12-14,,222.26461791992188,,
2022-12-15,,218.6436004638672,,
2022-12-16,,220.59629821777344,,
2022-12-19,,220.188705444336,,
2022-12-20,,222.8902130126953,,
2022-12-21,,229.1369171142578,,
2022-12-22,,225.16519165039065,,
2022-12-23,,227.3737945556641,,
2022-12-27,,230.4734344482422,,
2022-12-28,,226.90933227539065,,
2022-12-29,,227.68663024902344,,
2022-12-30,,227.07997131347656,,
2023-01-03,,226.4353790283203,,
2023-01-04,,228.7861785888672,,
2023-01-05,,227.762451171875,,
2023-01-06,,235.89547729492188,,
2023-01-09,,233.7721405029297,,
2023-01-10,,237.45950317382807,,
2023-01-11,,237.6680450439453,,
2023-01-12,,241.78195190429688,,
2023-01-13,,244.995346069336,,
2023-01-17,,242.90994262695312,,
2023-01-18,,239.649154663086,,
2023-01-19,,234.0584259033203,,
2023-01-20,,237.8300628662109,,
2023-01-23,,240.67776489257807,,
2023-01-24,,245.35415649414065,,
2023-01-25,,246.14468383789065,,
2023-01-26,,249.64962768554688,,
2023-01-27,,251.95448303222656,,
2023-01-30,,249.05911254882807,,
2023-01-31,,240.2872772216797,,
2023-02-01,,237.6681365966797,,
2023-02-02,,233.2488708496093,,
2023-02-03,,235.9727783203125,,
2023-02-06,,239.45867919921875,,
2023-02-07,,237.78237915039065,,
2023-02-08,,237.0299835205078,,
2023-02-09,,234.56320190429688,,
2023-02-10,,235.88706970214844,,
2023-02-13,,236.34425354003903,,
2023-02-14,,232.7345733642578,,
2023-02-15,,236.8681030273437,,
2023-02-16,,234.7917938232422,,
2023-02-17,,236.0013885498047,,
2023-02-21,,229.2582244873047,,
2023-02-22,,226.5723876953125,,
2023-02-23,,226.6295166015625,,
2023-02-24,,224.9342041015625,,
2023-02-27,,228.5629425048828,,
2023-02-28,,228.15338134765625,,
2023-03-01,,236.8394927978516,,
2023-03-02,,240.1825256347656,,
2023-03-03,,243.16358947753903,,
2023-03-06,,241.8968811035156,,
2023-03-07,,234.4298858642578,,
2023-03-08,,236.8871307373047,,
2023-03-09,,229.496337890625,,
2023-03-10,,216.20997619628903,,
2023-03-13,,214.0098876953125,,
2023-03-14,,214.93374633789065,,
2023-03-15,,206.923828125,,
2023-03-16,,208.3048553466797,,
2023-03-17,,204.7808837890625,,
2023-03-20,,209.8287353515625,,
2023-03-21,,214.21942138671875,,
2023-03-22,,209.4858856201172,,
2023-03-23,,209.0001220703125,,
2023-03-24,,206.6857452392578,,
2023-03-27,,207.6286163330078,,
2023-03-28,,209.6858673095703,,
2023-03-29,,212.3907623291016,,
2023-03-30,,213.8574676513672,,
2023-03-31,,217.952880859375,,
2023-04-03,,218.9339141845703,,
2023-04-04,,207.1048126220703,,
2023-04-05,,203.3712921142578,,
2023-04-06,,199.21871948242188,,
2023-04-10,,205.2761383056641,,
2023-04-11,,210.1049346923828,,
2023-04-12,,210.0096893310547,,
2023-04-13,,211.1240081787109,,
2023-04-14,,213.0384216308593,,
2023-04-17,,214.5241851806641,,
2023-04-18,,214.486083984375,,
2023-04-19,,213.9622497558593,,
2023-04-20,,211.69552612304688,,
2023-04-21,,210.92941284179688,,
2023-04-24,,213.9553985595703,,
2023-04-25,,209.3589630126953,,
2023-04-26,,207.02243041992188,,
2023-04-27,,205.2413024902344,,
2023-04-28,,209.5217742919922,,
2023-05-01,,208.056640625,,
2023-05-02,,206.0264892578125,,
2023-05-03,,206.4957427978516,,
2023-05-04,,201.45880126953125,,
2023-05-05,,205.96905517578125,,
2023-05-08,,205.68179321289065,,
2023-05-09,,204.4369354248047,,
2023-05-10,,204.1304931640625,,
2023-05-11,,201.12359619140625,,
2023-05-12,,200.6543884277344,,
2023-05-15,,202.3302001953125,,
2023-05-16,,198.4136505126953,,
2023-05-17,,203.10585021972656,,
2023-05-18,,205.61474609375,,
2023-05-19,,205.6721954345703,,
2023-05-22,,205.1742401123047,,
2023-05-23,,203.69000244140625,,
2023-05-24,,200.80763244628903,,
2023-05-25,,201.0757751464844,,
2023-05-26,,202.818588256836,,
2023-05-30,,200.9991455078125,,
2023-05-31,,197.025146484375,,
2023-06-01,,200.20437622070312,,
2023-06-02,,217.01974487304688,,
2023-06-05,,213.0361328125,,
2023-06-06,,217.06756591796875,,
2023-06-07,,225.5614776611328,,
2023-06-08,,224.5081024169922,,
2023-06-09,,225.0635223388672,,
2023-06-12,,227.8118133544922,,
2023-06-13,,235.03208923339844,,
2023-06-14,,233.00198364257807,,
2023-06-15,,237.16751098632807,,
2023-06-16,,234.8693084716797,,
2023-06-20,,230.9239959716797,,
2023-06-21,,231.239974975586,,
2023-06-22,,227.27557373046875,,
2023-06-23,,224.4985198974609,,
2023-06-26,,226.9020538330078,,
2023-06-27,,230.4834899902344,,
2023-06-28,,231.6134185791016,,
2023-06-29,,233.8829345703125,,
2023-06-30,,235.6161956787109,,
2023-07-03,,236.84194946289065,,
2023-07-05,,234.4479522705078,,
2023-07-06,,230.37814331054688,,
2023-07-07,,234.7830810546875,,
2023-07-10,,238.2591552734375,,
2023-07-11,,242.1278533935547,,
2023-07-12,,242.84605407714844,,
2023-07-13,,245.0101928710937,,
2023-07-14,,244.7803649902344,,
2023-07-17,,246.54237365722656,,
2023-07-18,,252.62307739257807,,
2023-07-19,,252.85403442382807,,
2023-07-20,,251.25656127929688,,
2023-07-21,,247.9461212158203,,
2023-07-24,,249.6013641357422,,
2023-07-25,,252.19004821777344,,
2023-07-26,,248.5908966064453,,
2023-07-27,,248.57164001464844,,
2023-07-28,,250.62144470214844,,
2023-07-31,,255.1829376220703,,
2023-08-01,,277.7785949707031,,
2023-08-02,,276.73931884765625,,
2023-08-03,,270.8498229980469,,
2023-08-04,,266.0284118652344,,
2023-08-07,,271.0422058105469,,
2023-08-08,,272.23553466796875,,
2023-08-09,,273.813720703125,,
2023-08-10,,273.1304931640625,,
2023-08-11,,274.4777526855469,,
2023-08-14,,273.8233947753906,,
2023-08-15,,266.92340087890625,,
2023-08-16,,264.171142578125,,
2023-08-17,,264.8062744140625,,
2023-08-18,,263.4878845214844,,
2023-08-21,,262.4774169921875,,
2023-08-22,,260.02349853515625,,
2023-08-23,,262.74688720703125,,
2023-08-24,,259.1573486328125,,
2023-08-25,,262.2945556640625,,
2023-08-28,,264.4405822753906,,
2023-08-29,,269.48321533203125,,
2023-08-30,,271.69659423828125,,
2023-08-31,,270.5418395996094,,
2023-09-01,,275.46893310546875,,
2023-09-05,,271.0229797363281,,
2023-09-06,,272.2451477050781,,
2023-09-07,,270.8305053710937,,
2023-09-08,,271.6484680175781,,
2023-09-11,,271.4270935058594,,
2023-09-12,,271.1961975097656,,
2023-09-13,,265.52801513671875,,
2023-09-14,,271.9179382324219,,
2023-09-15,,268.6363525390625,,
2023-09-18,,270.3589172363281,,
2023-09-19,,269.13677978515625,,
2023-09-20,,268.11669921875,,
2023-09-21,,261.7845458984375,,
2023-09-22,,262.7757568359375,,
2023-09-25,,263.9401550292969,,
2023-09-26,,259.3690795898437,,
2023-09-27,,262.4389038085937,,
2023-09-28,,265.83599853515625,,
2023-09-29,,262.718017578125,,
2023-10-02,,261.4862365722656,,
2023-10-03,,258.8398132324219,,
2023-10-04,,255.04815673828125,,
2023-10-05,,250.9774780273437,,
2023-10-06,,256.0201721191406,,
2023-10-09,,261.0819702148437,,
2023-10-10,,262.9200744628906,,
2023-10-11,,262.55438232421875,,
2023-10-12,,259.4556884765625,,
2023-10-13,,257.8485717773437,,
2023-10-16,,260.5912475585937,,
2023-10-17,,262.3811950683594,,
2023-10-18,,249.45700073242188,,
2023-10-19,,243.3654327392578,,
2023-10-20,,241.0535430908203,,
2023-10-23,,239.2350311279297,,
2023-10-24,,241.39210510253903,,
2023-10-25,,236.9328155517578,,
2023-10-26,,234.50485229492188,,
2023-10-27,,230.76138305664065,,
2023-10-30,,234.2436981201172,,
2023-10-31,,218.66033935546875,,
2023-11-01,,224.2513885498047,,
2023-11-02,,231.3030700683593,,
2023-11-03,,232.8797912597656,,
2023-11-06,,230.49050903320312,,
2023-11-07,,227.2403717041016,,
2023-11-08,,227.14361572265625,,
2023-11-09,,226.4955139160156,,
2023-11-10,,231.84475708007807,,
2023-11-13,,233.76971435546875,,
2023-11-14,,239.75738525390625,,
2023-11-15,,242.8817596435547,,
2023-11-16,,240.095932006836,,
2023-11-17,,244.79702758789065,,
2023-11-20,,242.2626800537109,,
2023-11-21,,241.2566833496093,,
2023-11-22,,237.9678192138672,,
2023-11-24,,239.273681640625,,
2023-11-27,,239.3027191162109,,
2023-11-28,,239.4091339111328,,
2023-11-29,,241.2953643798828,,
2023-11-30,,242.5238494873047,,
2023-12-01,,248.3664093017578,,
2023-12-04,,246.422119140625,,
2023-12-05,,246.8477325439453,,
2023-12-06,,247.60223388671875,,
2023-12-07,,248.9951629638672,,
2023-12-08,,251.016830444336,,
2023-12-11,,252.39044189453125,,
2023-12-12,,252.8837127685547,,
2023-12-13,,259.2099304199219,,
2023-12-14,,275.84765625,,
2023-12-15,,276.3990478515625,,
2023-12-18,,276.3700256347656,,
2023-12-19,,283.38299560546875,,
2023-12-20,,280.2392883300781,,
2023-12-21,,280.5874328613281,,
2023-12-22,,280.8679504394531,,
2023-12-26,,285.9657287597656,,
2023-12-27,,288.37432861328125,,
2023-12-28,,287.1748046875,,
2023-12-29,,286.0044860839844,,
2024-01-02,,283.14117431640625,,
2024-01-03,,275.006103515625,,
2024-01-04,,276.7472839355469,,
2024-01-05,,279.4847717285156,,
2024-01-08,,282.6962585449219,,
2024-01-09,,282.73492431640625,,
2024-01-10,,283.76031494140625,,
2024-01-11,,282.512451171875,,
2024-01-12,,280.9163513183594,,
2024-01-16,,277.8403015136719,,
2024-01-17,,269.521484375,,
2024-01-18,,272.6845703125,,
2024-01-19,,277.2325134277344,,
2024-01-22,,280.5269470214844,,
2024-01-23,,280.68243408203125,,
2024-01-24,,282.4802551269531,,
2024-01-25,,292.2855834960937,,
2024-01-26,,290.9833984375,,
2024-01-29,,294.69561767578125,,
2024-01-30,,296.1630249023437,,
2024-01-31,,291.8385314941406,,
2024-02-01,,299.0103759765625,,
2024-02-02,,306.20166015625,,
2024-02-05,,312.3336486816406,,
2024-02-06,,313.61639404296875,,
2024-02-07,,314.4618225097656,,
2024-02-08,,312.916748046875,,
2024-02-09,,308.2132568359375,,
2024-02-12,,312.5571594238281,,
2024-02-13,,304.0151062011719,,
2024-02-14,,307.77587890625,,
2024-02-15,,313.9565124511719,,
2024-02-16,,312.8292541503906,,
2024-02-20,,304.8897399902344,,
2024-02-21,,308.1938171386719,,
2024-02-22,,313.0041809082031,,
2024-02-23,,314.74371337890625,,
2024-02-26,,316.2013244628906,,
2024-02-27,,318.38787841796875,,
2024-02-28,,320.2634582519531,,
2024-02-29,,324.539306640625,,
2024-03-01,,327.2020263671875,,
2024-03-04,,329.0970458984375,,
2024-03-05,,324.1214599609375,,
2024-03-06,,326.1622314453125,,
2024-03-07,,330.62274169921875,,
2024-03-08,,329.6217956542969,,
2024-03-11,,325.5208435058594,,
2024-03-12,,327.7267761230469,,
2024-03-13,,331.88604736328125,,
2024-03-14,,332.2748107910156,,
2024-03-15,,337.18231201171875,,
2024-03-18,,341.9732666015625,,
2024-03-19,,343.91680908203125,,
2024-03-20,,346.3948974609375,,
2024-03-21,,354.2761535644531,,
2024-03-22,,348.0080871582031,,
2024-03-25,,345.9090576171875,,
2024-03-26,,346.33660888671875,,
2024-03-27,,354.36358642578125,,
2024-03-28,,356.0933837890625,,
2024-04-01,,353.4792175292969,,
2024-04-02,,354.5385131835937,,
2024-04-03,,365.1893310546875,,
2024-04-04,,359.3585510253906,,
2024-04-05,,368.6002807617188,,
2024-04-08,,362.9347839355469,,
2024-04-09,,361.4090881347656,,
2024-04-10,,361.57427978515625,,
2024-04-11,,361.4868774414063,,
2024-04-12,,355.31597900390625,,
2024-04-15,,353.6444702148437,,
2024-04-16,,349.7281188964844,,
2024-04-17,,348.21221923828125,,
2024-04-18,,347.8331298828125,,
2024-04-19,,345.9117736816406,,
2024-04-22,,348.7889709472656,,
2024-04-23,,354.2898864746094,,
2024-04-24,,354.5531616210937,,
2024-04-25,,329.6627197265625,,
2024-04-26,,334.9100036621094,,
2024-04-29,,341.171630859375,,
2024-04-30,,326.3172912597656,,
2024-05-01,,322.9036560058594,,
2024-05-02,,327.1658630371094,,
2024-05-03,,328.4435119628906,,
2024-05-06,,333.6615600585937,,
2024-05-07,,336.4900207519531,,
2024-05-08,,336.0023498535156,,
2024-05-09,,343.1028137207031,,
2024-05-10,,346.03857421875,,
2024-05-13,,347.8819274902344,,
2024-05-14,,349.34490966796875,,
2024-05-15,,351.1590881347656,,
2024-05-16,,342.0689697265625,,
2024-05-17,,347.4820251464844,,
2024-05-20,,353.8021545410156,,
2024-05-21,,350.2129821777344,,
2024-05-22,,347.1601867675781,,
2024-05-23,,342.0494689941406,,
2024-05-24,,340.2938232421875,,
2024-05-28,,337.9237670898437,,
2024-05-29,,329.7699890136719,,
2024-05-30,,330.88189697265625,,
2024-05-31,,330.1698913574219,,
2024-06-03,,323.1864929199219,,
2024-06-04,,319.489990234375,,
2024-06-05,,321.3236083984375,,
2024-06-06,,320.1922302246094,,
2024-06-07,,320.8262023925781,,
2024-06-10,,321.4796447753906,,
2024-06-11,,319.2364196777344,,
2024-06-12,,320.621337890625,,
2024-06-13,,318.309814453125,,
2024-06-14,,313.5404663085937,,
2024-06-17,,314.447509765625,,
2024-06-18,,317.11993408203125,,
2024-06-20,,321.01153564453125,,
2024-06-21,,319.7533264160156,,
2024-06-24,,321.8600158691406,,
2024-06-25,,319.3241882324219,,
2024-06-26,,318.6706848144531,,
2024-06-27,,319.3826904296875,,
2024-06-28,,324.88360595703125,,
2024-07-01,,320.96270751953125,,
2024-07-02,,319.6753234863281,,
2024-07-03,,322.4549560546875,,
2024-07-05,,320.25079345703125,,
2024-07-08,,320.9432067871094,,
2024-07-09,,318.0172119140625,,
2024-07-10,,320.3775634765625,,
2024-07-11,,322.962158203125,,
2024-07-12,,327.3121032714844,,
2024-07-15,,337.24102783203125,,
2024-07-16,,351.6856994628906,,
2024-07-17,,348.9743347167969,,
2024-07-18,,347.2479858398437,,
2024-07-19,,339.05517578125,,
2024-07-22,,340.6710205078125,,
2024-07-23,,337.0476379394531,,
2024-07-24,,329.0858764648437,,
2024-07-25,,337.1748962402344,,
2024-07-26,,343.22705078125,,
2024-07-29,,337.400146484375,,
2024-07-30,,334.6482849121094,,
2024-07-31,,339.0356140136719,,
2024-08-01,,324.65936279296875,,
2024-08-02,,314.22979736328125,,
2024-08-05,,310.2439880371094,,
2024-08-06,,319.6845092773437,,
2024-08-07,,319.0577087402344,,
2024-08-08,,329.203369140625,,
2024-08-09,,331.2598876953125,,
2024-08-12,,329.0760498046875,,
2024-08-13,,331.7886962890625,,
2024-08-14,,330.603759765625,,
2024-08-15,,338.4871520996094,,
2024-08-16,,336.37188720703125,,
2024-08-19,,337.5176696777344,,
2024-08-20,,336.1955871582031,,
2024-08-21,,335.8724670410156,,
2024-08-22,,335.2749938964844,,
2024-08-23,,341.1998596191406,,
2024-08-26,,343.8929443359375,,
2024-08-27,,343.8537902832031,,
2024-08-28,,340.9942321777344,,
2024-08-29,,344.36297607421875,,
2024-08-30,,348.730712890625,,
2024-09-03,,333.19891357421875,,
2024-09-04,,329.7811584472656,,
2024-09-05,,326.6571655273437,,
2024-09-06,,322.5440673828125,,
2024-09-09,,327.1272277832031,,
2024-09-10,,327.2447204589844,,
2024-09-11,,328.0674133300781,,
2024-09-12,,332.55255126953125,,
2024-09-13,,338.1640014648437,,
2024-09-16,,340.7591247558594,,
2024-09-17,,346.37060546875,,
2024-09-18,,347.7709350585937,,
2024-09-19,,365.5845642089844,,
2024-09-20,,361.1874694824219,,
2024-09-23,,363.4888916015625,,
2024-09-24,,377.9433898925781,,
2024-09-25,,370.42230224609375,,
2024-09-26,,382.8692626953125,,
2024-09-27,,382.98681640625,,
2024-09-30,,383.0259704589844,,
2024-10-01,,384.2697448730469,,
2024-10-02,,385.8953857421875,,
2024-10-03,,382.9966125488281,,
2024-10-04,,388.8724670410156,,
2024-10-07,,390.0084228515625,,
2024-10-08,,379.931396484375,,
2024-10-09,,387.9910583496094,,
2024-10-10,,388.4317932128906,,
2024-10-11,,393.7004089355469,,
2024-10-14,,385.7974243164063,,
2024-10-15,,379.9607238769531,,
2024-10-16,,385.4742431640625,,
2024-10-17,,386.3262023925781,,
2024-10-18,,385.7092590332031,,
2024-10-21,,383.7731323242188,,
2024-10-22,,381.7878112792969,,
2024-10-23,,379.1047668457031,,
2024-10-24,,380.411865234375,,
2024-10-25,,379.340576171875,,
2024-10-28,,383.90087890625,,
2024-10-29,,380.8541259765625,,
2024-10-30,,372.7261962890625,,
2024-10-31,,369.7384033203125,,
2024-11-01,,373.1095275878906,,
2024-11-04,,370.0529174804688,,
2024-11-05,,376.7852478027344,,
2024-11-06,,409.7196960449219,,
2024-11-07,,401.1985778808594,,
2024-11-08,,386.6134948730469,,
2024-11-11,,389.7290649414063,,
2024-11-12,,386.2596740722656,,
2024-11-13,,380.4216918945313,,
2024-11-14,,380.7066955566406,,
2024-11-15,,377.4732666015625,,
2024-11-18,,377.85650634765625,,
2024-11-19,,375.7630920410156,,
2024-11-20,,374.9473571777344,,
2024-11-21,,382.8984375,,
2024-11-22,,390.6626892089844,,
2024-11-25,,398.68255615234375,,
2024-11-26,,400.8251037597656,,
2024-11-27,,396.7660827636719,,
2024-11-29,,399.1346740722656,,
2024-12-02,,395.5964965820313,,
2024-12-03,,392.40234375,,
2024-12-04,,392.6480407714844,,
2024-12-05,,388.1958312988281,,
2024-12-06,,388.2449951171875,,
2024-12-09,,392.40234375,,
2024-12-10,,381.7190551757813,,
2024-12-11,,382.1908264160156,,
2024-12-12,,374.2397155761719,,
2024-12-13,,373.974365234375,,
2024-12-16,,372.4117126464844,,
2024-12-17,,369.3452758789063,,
2024-12-18,,357.6398620605469,,
2024-12-19,,354.1802978515625,,
2024-12-20,,359.7529296875,,
2024-12-23,,359.1141052246094,,
2024-12-24,,361.2566528320313,,
2024-12-26,,360.8143615722656,,
2024-12-27,,358.5931701660156,,
2024-12-30,,356.77496337890625,,
2024-12-31,,356.5292663574219,,
2025-01-02,,353.5906066894531,,
2025-01-03,,357.5415954589844,,
2025-01-06,,357.9444885253906,,
2025-01-07,,356.76513671875,,
2025-01-08,,354.8682861328125,,
2025-01-10,,344.9712219238281,,
2025-01-13,,356.2737121582031,,
2025-01-14,,365.18792724609375,,
2025-01-15,,368.450927734375,,
2025-01-16,,374.013671875,,
2025-01-17,,379.38970947265625,,
2025-01-21,,392.9530944824219,,
2025-01-22,,392.2132568359375,,
2025-01-23,,400.8839721679688,,
2025-01-24,,402.0972595214844,,
2025-01-27,,389.6189575195313,,
2025-01-28,,384.99261474609375,,
2025-01-29,,387.8927307128906,,
2025-01-30,,369.8904418945313,,
2025-01-31,,366.3984680175781,,
2025-02-03,,356.6427001953125,,
2025-02-04,,357.0373229980469,,
2025-02-05,,353.9794006347656,,
2025-02-06,,360.4897766113281,,
2025-02-07,,358.9411315917969,,
2025-02-10,,358.2900390625,,
2025-02-11,,357.3135070800781,,
2025-02-12,,347.26177978515625,,
2025-02-13,,348.8992919921875,,
2025-02-14,,348.5244445800781,,
2025-02-18,,349.1951904296875,,
2025-02-19,,348.2087707519531,,
2025-02-20,,344.4110412597656,,
2025-02-21,,335.4246826171875,,
2025-02-24,,334.31988525390625,,
2025-02-25,,337.71319580078125,,
2025-02-26,,337.93017578125,,
2025-02-27,,335.3852233886719,,
2025-02-28,,339.2815856933594,,
2025-03-03,,327.5332946777344,,
2025-03-04,,322.3150634765625,,
2025-03-05,,333.89569091796875,,
2025-03-06,,336.38153076171875,,
2025-03-07,,345.5454406738281,,
2025-03-10,,340.52447509765625,,
2025-03-11,,335.1582946777344,,
2025-03-12,,333.5406188964844,,
2025-03-13,,328.7860107421875,,
2025-03-14,,335.0301208496094,,
2025-03-17,,337.98944091796875,,
2025-03-18,,332.1398620605469,,
2025-03-19,,334.0239562988281,,
2025-03-20,,331.68609619140625,,
2025-03-21,,331.2225036621094,,
2025-03-24,,337.03253173828125,,
2025-03-25,,337.9696350097656,,
2025-03-26,,336.4801330566406,,
2025-03-27,,334.6947021484375,,
2025-03-28,,325.21514892578125,,
2025-03-31,,325.3236389160156,,
2025-04-01,,326.0832214355469,,
2025-04-02,,330.11767578125,,
2025-04-03,,301.6099548339844,,
2025-04-04,,284.169921875,,
2025-04-07,,276.2587585449219,,
2025-04-08,,270.2218322753906,,
2025-04-09,,296.9244689941406,,
2025-04-10,,285.2352600097656,,
2025-04-11,,289.467041015625,,
2025-04-14,,294.0736389160156,,
2025-04-15,,289.4472961425781,,
2025-04-16,,286.20196533203125,,
2025-04-17,,290.25616455078125,,
2025-04-21,,282.2276306152344,,
2025-04-22,,288.6009216308594,,
2025-04-23,,293.1603088378906,,
2025-04-24,,304.1524658203125,,
2025-04-25,,303.74609375,,
2025-04-28,,304.3507080078125,,
2025-04-29,,304.6877136230469,,
2025-04-30,,306.5411682128906,,
2025-05-01,,311.1898193359375,,
2025-05-02,,320.82403564453125,,
2025-05-05,,320.25909423828125,,
2025-05-06,,318.0587158203125,,
2025-05-07,,317.4639892578125,,
2025-05-08,,321.3890380859375,,
2025-05-09,,322.7469482421875,,
2025-05-12,,339.5275573730469,,
2025-05-13,,349.429443359375,,
2025-05-14,,346.5748291015625,,
2025-05-15,,346.7235107421875,,
2025-05-16,,350.4602355957031,,
2025-05-19,,349.4591979980469,,
2025-05-20,,346.40631103515625,,
2025-05-21,,339.4879455566406,,
2025-05-22,,342.144287109375,,
2025-05-23,,340.3601989746094,,
2025-05-27,,348.4085388183594,,
2025-05-28,,346.40631103515625,,
2025-05-29,,348.6860656738281,,
2025-05-30,,344.959228515625,,
2025-06-02,,341.62890625,,
2025-06-03,,346.317138671875,,
2025-06-04,,346.2477111816406,,
2025-06-05,,345.8810119628906,,
2025-06-06,,350.2322998046875,,
2025-06-09,,354.91064453125,,
2025-06-10,,355.40625,,
2025-06-11,,359.9359130859375,,
2025-06-12,,357.7751159667969,,
2025-06-13,,353.8996276855469,,
2025-06-16,,359.2420654296875,,
2025-06-17,,354.5240783691406,,
2025-06-18,,356.6253662109375,,
2025-06-20,,357.3389892578125,,
2025-06-23,,362.9986267089844,,
2025-06-24,,369.7286987304688,,
2025-06-25,,368.3013916015625,,
2025-06-26,,378.5105590820313,,
2025-06-27,,381.3155822753906,,
2025-06-30,,384.78466796875,,
2025-07-01,,387.4707946777344,,
2025-07-02,,394.9145202636719,,
2025-07-03,,394.3495178222656,,
2025-07-07,,388.05560302734375,,
2025-07-08,,390.81103515625,,
2025-07-09,,398.6314086914063,,
2025-07-10,,404.7271423339844,,
2025-07-11,,402.3384399414063,,
2025-07-14,,402.1897277832031,,
2025-07-15,,401.0697326660156,,
2025-07-16,,409.2370300292969,,
2025-07-17,,414.3812561035156,,
2025-07-18,,410.0596923828125,,
2025-07-21,,407.9407653808594,,
2025-07-22,,415.0238037109375,,
2025-07-23,,425.3697814941406,,
2025-07-24,,427.2897644042969,,
2025-07-25,,431.497802734375,,
2025-07-28,,430.6920166015625,,
2025-07-29,,427.8169860839844,,
2025-07-30,,431.8658752441406,,
2025-07-31,,435.7456359863281,,
2025-08-01,,426.4640808105469,,
2025-08-04,,431.4480590820313,,
2025-08-05,,431.9753112792969,,
2025-08-06,,425.4991149902344,,
2025-08-07,,414.9541320800781,,
2025-08-08,,414.3572387695313,,
2025-08-11,,406.418701171875,,
2025-08-12,,410.5670471191406,,
2025-08-13,,411.5519409179688,,
2025-08-14,,415.3321838378906,,
2025-08-15,,405.672607421875,,
2025-08-18,,410.4974365234375,,
2025-08-19,,413.9295043945313,,
2025-08-20,,418.4061279296875,,
2025-08-21,,415.72015380859375,,
2025-08-22,,433.4078369140625,,
2025-08-25,,430.0553283691406,,
2025-08-26,,429.020751953125,,
2025-08-27,,430.4234313964844,,
2025-08-28,,432.6517639160156,,
2025-08-29,,416.8641662597656,,
2025-09-02,,413.8896789550781,,
2025-09-03,,412.9645385742188,,
2025-09-04,,418.0380554199219,,
2025-09-05,,420.8831787109375,,
2025-09-08,,420.5847473144531,,
2025-09-09,,415.9190979003906,,
2025-09-10,,420.7140808105469,,
2025-09-11,,429.1401062011719,,
2025-09-12,,429.2793884277344,,
2025-09-15,,433.6764526367188,,
2025-09-16,,438.38189697265625,,
2025-09-17,,448.3200073242188,,
2025-09-18,,464.5353393554688,,
2025-09-19,,464.1175537109375,,
2025-09-22,,469.648681640625,,
2025-09-23,,468.8130493164063,,
2025-09-24,,467.3506774902344,,
2025-09-25,,461.3121948242188,,
2025-09-26,,463.3416137695313,,
2025-09-29,,469.16119384765625,,
2025-09-30,,474.6724548339844,,
2025-10-01,,478.3233947753906,,
2025-10-02,,488.0227661132813,,
2025-10-03,,495.2649536132813,,
2025-10-06,,492.8078002929688,,
2025-10-07,,484.1828002929688,,
2025-10-08,,499.5128173828125,,
2025-10-09,,497.7619018554688,,
2025-10-10,,488.74896240234375,,
2025-10-13,,502.13909912109375,,
2025-10-14,,524.7311401367188,,
2025-10-15,,531.2770385742188,,
2025-10-16,,538.151123046875,,
2025-10-17,,524.3432006835938,,
2025-10-20,,529.9400634765625,,
2025-10-21,,523.4253540039062,,
2025-10-22,,512.7103881835938,,
2025-10-23,,519.2850341796875,,
2025-10-24,,521.5098266601562,,
2025-10-27,,525.8397216796875,,
2025-10-28,,523.2457275390625,,
2025-10-29,,584.123291015625,,
2025-10-30,,581.788818359375,,
2025-10-31,,575.9125366210938,,
2025-11-03,,569.2581176757812,,
2025-11-04,,546.3018188476562,,
2025-11-05,,567.8214721679688,,
2025-11-06,,568.4500122070312,,
2025-11-07,,561.7855834960938,,
2025-11-10,,569.5174560546875,,
2025-11-11,,566.6043090820312,,
2025-11-12,,571.6824340820312,,
2025-11-13,,552.2578735351562,,
2025-11-14,,552.73681640625,,
2025-11-17,,550.7613525390625,,
2025-11-18,,545.6034545898438,,
2025-11-19,,551.8189086914062,,
2025-11-20,,544.855224609375,,
2025-11-21,,549.1451416015625,,
2025-11-24,,558.2937622070312,,
2025-11-25,,565.287353515625,,
2025-11-26,,572.3907470703125,,
2025-11-28,,574.4160766601562,,
2025-12-01,,566.7340087890625,,
2025-12-02,,581.1103515625,,
2025-12-03,,590.1093139648438,,
2025-12-04,,597.75146484375,,
2025-12-05,,601.7620239257812,,
2025-12-08,,595.1076049804688,,
2025-12-09,,592.9725952148438,,
2025-12-10,,613.91357421875,,
2025-12-11,,624.149658203125,,
2025-12-12,,596.494384765625,,
2025-12-15,,588.3833618164062,,
2025-12-16,,587.5552978515625,,
2025-12-17,,560.5784301757812,,
2025-12-18,,564.5092163085938,,
2025-12-19,,574.8749389648438,,
2025-12-22,,581.0504760742188,,
2025-12-23,,581.0604858398438,,
2025-12-24,,582.3973999023438,,
2025-12-26,,581.63916015625,,
2025-12-29,,577.2593994140625,,
2025-12-30,,576.042236328125,,
2025-12-31,,571.5327758789062,,
2026-01-02,,597.0131225585938,,
2026-01-05,,614.661865234375,,
2026-01-06,,621.6355590820312,,
2026-01-07,,595.1276245117188,,
2026-01-08,,606.7105102539062,,
2026-01-09,,616.1783447265625,,
2026-01-12,,628.2999877929688,,
2026-01-13,,635.044189453125,,
2026-01-14,,637.259033203125,,
2026-01-15,,645.6693115234375,,
2026-01-16,,645.3800048828125,,
2026-01-20,,629.0,,
2026-01-21,,645.3800048828125,,
2026-01-22,,648.4099731445312,,
2026-01-23,,626.6199951171875,,
2026-01-26,,635.9199829101562,,
2026-01-27,,638.9099731445312,,
2026-01-28,,643.280029296875,,
2026-01-29,,665.239990234375,,
2026-01-30,,657.3599853515625,,
2026-02-02,,690.9099731445312,,
2026-02-03,,702.8900146484375,,
2026-02-04,,691.8200073242188,,
2026-02-05,,678.3099975585938,,
2026-02-06,,726.2000122070312,,
2026-02-09,,742.1199951171875,,
2026-02-10,,742.3699951171875,,
2026-02-11,,775.0,,
2026-02-12,,758.2899780273438,,
2026-02-13,,774.2000122070312,,
2026-02-17,,764.760009765625,,
2026-02-18,,751.969970703125,,
2026-02-19,,760.530029296875,,
2026-02-20,,759.739990234375,,
2026-02-23,,756.469970703125,,
2026-02-24,,768.22998046875,,
2026-02-25,,766.6099853515625,,
2026-02-26,,752.9299926757812,,
2026-02-27,,,,742.8300170898438
2026-03-02,,,,752.3200073242188
2026-03-03,,,,722.1799926757812
2026-03-04,,,,731.969970703125
2026-03-05,,,,706.0800170898438
,,,2026-03-05 00:00:00,706.0800170898438
