DATE,Unnamed: 1,"('Close', 'GS')",Date,Close
2020-08-24,,182.017822265625,,
2020-08-25,,180.84146118164065,,
2020-08-26,,181.9124755859375,,
2020-08-27,,184.484603881836,,
2020-08-28,,182.3426208496093,,
2020-08-31,,180.9383544921875,,
2020-09-01,,181.4594573974609,,
2020-09-02,,185.50440979003903,,
2020-09-03,,183.3141326904297,,
2020-09-04,,186.29928588867188,,
2020-09-08,,178.8275146484375,,
2020-09-09,,178.59791564941406,,
2020-09-10,,176.6460723876953,,
2020-09-11,,177.44976806640625,,
2020-09-14,,177.82070922851562,,
2020-09-15,,174.87086486816406,,
2020-09-16,,177.23779296875,,
2020-09-17,,172.0711669921875,,
2020-09-18,,172.09764099121094,,
2020-09-21,,171.33811950683594,,
2020-09-22,,169.2361297607422,,
2020-09-23,,164.3786163330078,,
2020-09-24,,172.31845092773438,,
2020-09-25,,172.17713928222656,,
2020-09-28,,175.81588745117188,,
2020-09-29,,173.80218505859375,,
2020-09-30,,177.4939422607422,,
2020-10-01,,175.3566131591797,,
2020-10-02,,176.54888916015625,,
2020-10-05,,178.22698974609375,,
2020-10-06,,177.5998992919922,,
2020-10-07,,179.8166961669922,,
2020-10-08,,183.68505859375,,
2020-10-09,,183.2964630126953,,
2020-10-12,,189.1078338623047,,
2020-10-13,,186.1844787597656,,
2020-10-14,,186.555419921875,,
2020-10-15,,184.232650756836,,
2020-10-16,,182.1218414306641,,
2020-10-19,,181.66256713867188,,
2020-10-20,,183.72921752929688,,
2020-10-21,,179.20733642578125,,
2020-10-22,,181.4064483642578,,
2020-10-23,,181.0885009765625,,
2020-10-26,,177.6440887451172,,
2020-10-27,,172.82186889648438,,
2020-10-28,,167.60223388671875,,
2020-10-29,,167.75234985351562,,
2020-10-30,,166.95751953125,,
2020-11-02,,167.98202514648438,,
2020-11-03,,174.80902099609375,,
2020-11-04,,174.75607299804688,,
2020-11-05,,179.25146484375,,
2020-11-06,,177.75003051757812,,
2020-11-09,,189.8231658935547,,
2020-11-10,,192.0664978027344,,
2020-11-11,,192.5787506103516,,
2020-11-12,,189.4522705078125,,
2020-11-13,,193.4884033203125,,
2020-11-16,,196.40293884277344,,
2020-11-17,,198.4077911376953,,
2020-11-18,,198.0986175537109,,
2020-11-19,,198.337142944336,,
2020-11-20,,197.2596435546875,,
2020-11-23,,202.0994873046875,,
2020-11-24,,209.75672912597656,,
2020-11-25,,208.9088592529297,,
2020-11-27,,207.90200805664065,,
2020-11-30,,203.64505004882807,,
2020-12-01,,206.0870513916016,,
2020-12-02,,211.03323364257807,,
2020-12-03,,209.097396850586,,
2020-12-04,,212.7470550537109,,
2020-12-07,,211.74365234375,,
2020-12-08,,212.0899658203125,,
2020-12-09,,215.6241912841797,,
2020-12-10,,217.02720642089844,,
2020-12-11,,213.11114501953125,,
2020-12-14,,211.1575622558593,,
2020-12-15,,215.27784729003903,,
2020-12-16,,216.46778869628903,,
2020-12-17,,217.0538787841797,,
2020-12-18,,215.01153564453125,,
2020-12-21,,228.1982879638672,,
2020-12-22,,222.0799255371093,,
2020-12-23,,227.7276306152344,,
2020-12-24,,227.47010803222656,,
2020-12-28,,230.5159149169922,,
2020-12-29,,229.1129150390625,,
2020-12-30,,230.39163208007807,,
2020-12-31,,234.1744842529297,,
2021-01-04,,235.3200225830078,,
2021-01-05,,240.5858459472656,,
2021-01-06,,253.5684356689453,,
2021-01-07,,258.9852600097656,,
2021-01-08,,257.59100341796875,,
2021-01-11,,260.9210510253906,,
2021-01-12,,268.362548828125,,
2021-01-13,,269.0107421875,,
2021-01-14,,273.3886108398437,,
2021-01-15,,267.29693603515625,,
2021-01-19,,261.24969482421875,,
2021-01-20,,257.9373779296875,,
2021-01-21,,256.9606018066406,,
2021-01-22,,256.9783630371094,,
2021-01-25,,251.33953857421875,,
2021-01-26,,250.2029571533203,,
2021-01-27,,242.71701049804688,,
2021-01-28,,244.2177734375,,
2021-01-29,,240.79898071289065,,
2021-02-01,,243.9602966308593,,
2021-02-02,,254.8293609619141,,
2021-02-03,,256.2324523925781,,
2021-02-04,,260.8500671386719,,
2021-02-05,,260.6280822753906,,
2021-02-08,,266.5332336425781,,
2021-02-09,,266.8085327148437,,
2021-02-10,,270.2007141113281,,
2021-02-11,,268.4601745605469,,
2021-02-12,,272.0121765136719,,
2021-02-16,,277.0205078125,,
2021-02-17,,277.7131652832031,,
2021-02-18,,275.19122314453125,,
2021-02-19,,280.2706298828125,,
2021-02-22,,281.38055419921875,,
2021-02-23,,283.4585266113281,,
2021-02-24,,293.6084289550781,,
2021-02-25,,291.0508117675781,,
2021-02-26,,283.69830322265625,,
2021-03-01,,294.1198425292969,,
2021-03-02,,295.0290832519531,,
2021-03-03,,298.1403503417969,,
2021-03-04,,293.55816650390625,,
2021-03-05,,291.846435546875,,
2021-03-08,,297.92645263671875,,
2021-03-09,,294.7170715332031,,
2021-03-10,,304.9067687988281,,
2021-03-11,,304.9781494140625,,
2021-03-12,,310.9599304199219,,
2021-03-15,,308.4994812011719,,
2021-03-16,,304.63043212890625,,
2021-03-17,,307.51885986328125,,
2021-03-18,,310.23785400390625,,
2021-03-19,,306.8502502441406,,
2021-03-22,,302.5086669921875,,
2021-03-23,,295.7690124511719,,
2021-03-24,,292.98760986328125,,
2021-03-25,,294.681396484375,,
2021-03-26,,291.8642578125,,
2021-03-29,,290.38446044921875,,
2021-03-30,,295.9830627441406,,
2021-03-31,,291.5166320800781,,
2021-04-01,,292.0871276855469,,
2021-04-05,,288.4320983886719,,
2021-04-06,,291.57012939453125,,
2021-04-07,,291.115478515625,,
2021-04-08,,295.2074584960937,,
2021-04-09,,294.9132080078125,,
2021-04-12,,295.8313903808594,,
2021-04-13,,292.1228332519531,,
2021-04-14,,298.9605712890625,,
2021-04-15,,301.8133544921875,,
2021-04-16,,305.1653137207031,,
2021-04-19,,305.8606872558594,,
2021-04-20,,295.8670959472656,,
2021-04-21,,298.8892517089844,,
2021-04-22,,294.9488830566406,,
2021-04-23,,302.52655029296875,,
2021-04-26,,306.24395751953125,,
2021-04-27,,309.0166320800781,,
2021-04-28,,310.3358764648437,,
2021-04-29,,314.6685485839844,,
2021-04-30,,310.6390686035156,,
2021-05-03,,312.16357421875,,
2021-05-04,,311.878173828125,,
2021-05-05,,318.8139953613281,,
2021-05-06,,326.2579040527344,,
2021-05-07,,330.64404296875,,
2021-05-10,,328.6738586425781,,
2021-05-11,,320.86444091796875,,
2021-05-12,,315.9434814453125,,
2021-05-13,,319.8749084472656,,
2021-05-14,,328.7540588378906,,
2021-05-17,,329.1819763183594,,
2021-05-18,,325.0009460449219,,
2021-05-19,,319.49151611328125,,
2021-05-20,,320.7395935058594,,
2021-05-21,,326.5164794921875,,
2021-05-24,,328.326171875,,
2021-05-25,,324.95635986328125,,
2021-05-26,,327.53271484375,,
2021-05-27,,331.07196044921875,,
2021-05-28,,332.771484375,,
2021-06-01,,342.0921936035156,,
2021-06-02,,342.98663330078125,,
2021-06-03,,347.70965576171875,,
2021-06-04,,350.151611328125,,
2021-06-07,,347.208740234375,,
2021-06-08,,344.1137390136719,,
2021-06-09,,342.39630126953125,,
2021-06-10,,334.4889221191406,,
2021-06-11,,338.16534423828125,,
2021-06-14,,333.5765075683594,,
2021-06-15,,332.1274719238281,,
2021-06-16,,331.8591613769531,,
2021-06-17,,323.3613586425781,,
2021-06-18,,312.028076171875,,
2021-06-21,,319.81915283203125,,
2021-06-22,,319.8102111816406,,
2021-06-23,,322.9588623046875,,
2021-06-24,,329.8465576171875,,
2021-06-25,,329.8644104003906,,
2021-06-28,,329.8106994628906,,
2021-06-29,,333.30816650390625,,
2021-06-30,,339.4892578125,,
2021-07-01,,335.4281921386719,,
2021-07-02,,334.6856994628906,,
2021-07-06,,330.8394470214844,,
2021-07-07,,328.8804016113281,,
2021-07-08,,321.07147216796875,,
2021-07-09,,332.5389709472656,,
2021-07-12,,340.3568115234375,,
2021-07-13,,336.31365966796875,,
2021-07-14,,334.90045166015625,,
2021-07-15,,333.9612121582031,,
2021-07-16,,326.3132629394531,,
2021-07-19,,317.2967224121094,,
2021-07-20,,326.2774963378906,,
2021-07-21,,334.0953674316406,,
2021-07-22,,333.3887023925781,,
2021-07-23,,334.5873107910156,,
2021-07-26,,336.2421875,,
2021-07-27,,335.2939758300781,,
2021-07-28,,334.74835205078125,,
2021-07-29,,337.7180480957031,,
2021-07-30,,335.3298645019531,,
2021-08-02,,338.2906188964844,,
2021-08-03,,340.2315673828125,,
2021-08-04,,337.9953308105469,,
2021-08-05,,343.7559509277344,,
2021-08-06,,355.9122314453125,,
2021-08-09,,357.6921691894531,,
2021-08-10,,364.9286804199219,,
2021-08-11,,370.2241821289063,,
2021-08-12,,371.2170715332031,,
2021-08-13,,367.4422912597656,,
2021-08-16,,365.2686462402344,,
2021-08-17,,362.2452392578125,,
2021-08-18,,356.7261657714844,,
2021-08-19,,352.04791259765625,,
2021-08-20,,354.1053161621094,,
2021-08-23,,359.0966491699219,,
2021-08-24,,365.45648193359375,,
2021-08-25,,369.535400390625,,
2021-08-26,,368.9002990722656,,
2021-08-27,,375.4122619628906,,
2021-08-30,,369.96484375,,
2021-08-31,,371.68157958984375,,
2021-09-01,,371.8164367675781,,
2021-09-02,,372.5714416503906,,
2021-09-03,,369.7041015625,,
2021-09-07,,368.8142700195313,,
2021-09-08,,364.0324096679688,,
2021-09-09,,363.6549072265625,,
2021-09-10,,362.6661376953125,,
2021-09-13,,367.8615112304688,,
2021-09-14,,362.85498046875,,
2021-09-15,,361.29095458984375,,
2021-09-16,,356.55401611328125,,
2021-09-17,,351.86199951171875,,
2021-09-20,,339.88043212890625,,
2021-09-21,,337.82208251953125,,
2021-09-22,,346.4779357910156,,
2021-09-23,,352.2215881347656,,
2021-09-24,,351.31378173828125,,
2021-09-27,,359.3674011230469,,
2021-09-28,,350.100341796875,,
2021-09-29,,345.9566345214844,,
2021-09-30,,339.79052734375,,
2021-10-01,,341.56121826171875,,
2021-10-04,,336.3030700683594,,
2021-10-05,,346.7835693359375,,
2021-10-06,,348.7969665527344,,
2021-10-07,,351.1070251464844,,
2021-10-08,,353.0754699707031,,
2021-10-11,,346.27117919921875,,
2021-10-12,,347.4306945800781,,
2021-10-13,,347.2330627441406,,
2021-10-14,,351.6283264160156,,
2021-10-15,,364.994140625,,
2021-10-18,,371.8433227539063,,
2021-10-19,,370.4681396484375,,
2021-10-20,,366.6300659179688,,
2021-10-21,,366.3603820800781,,
2021-10-22,,372.40960693359375,,
2021-10-25,,372.796142578125,,
2021-10-26,,375.3668518066406,,
2021-10-27,,369.41644287109375,,
2021-10-28,,372.8590698242188,,
2021-10-29,,371.5377502441406,,
2021-11-01,,374.5489196777344,,
2021-11-02,,380.97564697265625,,
2021-11-03,,375.6275024414063,,
2021-11-04,,366.7918701171875,,
2021-11-05,,365.9019775390625,,
2021-11-08,,367.03460693359375,,
2021-11-09,,364.3470153808594,,
2021-11-10,,358.7471923828125,,
2021-11-11,,361.6415100097656,,
2021-11-12,,363.9514770507813,,
2021-11-15,,363.8616027832031,,
2021-11-16,,362.3156433105469,,
2021-11-17,,351.9429626464844,,
2021-11-18,,351.7810974121094,,
2021-11-19,,348.20379638671875,,
2021-11-22,,356.0865783691406,,
2021-11-23,,365.2368774414063,,
2021-11-24,,358.81011962890625,,
2021-11-26,,350.0014038085937,,
2021-11-29,,347.439697265625,,
2021-11-30,,342.4511413574219,,
2021-12-01,,340.18316650390625,,
2021-12-02,,350.1768493652344,,
2021-12-03,,345.83062744140625,,
2021-12-06,,351.76708984375,,
2021-12-07,,361.5348510742188,,
2021-12-08,,359.013916015625,,
2021-12-09,,358.2639465332031,,
2021-12-10,,353.357421875,,
2021-12-13,,347.556396484375,,
2021-12-14,,351.3334350585937,,
2021-12-15,,352.318359375,,
2021-12-16,,359.05914306640625,,
2021-12-17,,344.9901733398437,,
2021-12-20,,335.7826843261719,,
2021-12-21,,343.65289306640625,,
2021-12-22,,345.4691467285156,,
2021-12-23,,347.9178771972656,,
2021-12-27,,350.6285705566406,,
2021-12-28,,350.2400207519531,,
2021-12-29,,348.96600341796875,,
2021-12-30,,348.3515625,,
2021-12-31,,345.6678771972656,,
2022-01-03,,357.2157287597656,,
2022-01-04,,368.19439697265625,,
2022-01-05,,360.19757080078125,,
2022-01-06,,358.6614685058594,,
2022-01-07,,359.185546875,,
2022-01-10,,360.6855773925781,,
2022-01-11,,364.1914367675781,,
2022-01-12,,352.6797180175781,,
2022-01-13,,353.1224975585937,,
2022-01-14,,344.213134765625,,
2022-01-18,,320.2318725585937,,
2022-01-19,,313.83447265625,,
2022-01-20,,314.5392761230469,,
2022-01-21,,310.7532653808594,,
2022-01-24,,310.2834167480469,,
2022-01-25,,308.6207275390625,,
2022-01-26,,309.6418151855469,,
2022-01-27,,308.1509094238281,,
2022-01-28,,313.5543518066406,,
2022-01-31,,320.48486328125,,
2022-02-01,,328.96063232421875,,
2022-02-02,,328.0569763183594,,
2022-02-03,,324.2799377441406,,
2022-02-04,,332.15924072265625,,
2022-02-07,,332.6561889648437,,
2022-02-08,,334.4181823730469,,
2022-02-09,,338.42108154296875,,
2022-02-10,,334.8429260253906,,
2022-02-11,,328.0569763183594,,
2022-02-14,,325.5089111328125,,
2022-02-15,,328.85211181640625,,
2022-02-16,,325.3371276855469,,
2022-02-17,,315.40673828125,,
2022-02-18,,312.6778869628906,,
2022-02-22,,311.0785217285156,,
2022-02-23,,308.29547119140625,,
2022-02-24,,307.39190673828125,,
2022-02-25,,316.364501953125,,
2022-02-28,,308.3858947753906,,
2022-03-01,,298.3059387207031,,
2022-03-02,,305.7408752441406,,
2022-03-03,,303.05047607421875,,
2022-03-04,,299.6420288085937,,
2022-03-07,,292.5706787109375,,
2022-03-08,,292.0980834960937,,
2022-03-09,,303.2050170898437,,
2022-03-10,,299.8510437011719,,
2022-03-11,,297.2152404785156,,
2022-03-14,,295.3793029785156,,
2022-03-15,,299.17852783203125,,
2022-03-16,,309.72186279296875,,
2022-03-17,,312.0032653808594,,
2022-03-18,,313.9210510253906,,
2022-03-21,,308.1222229003906,,
2022-03-22,,311.7669677734375,,
2022-03-23,,305.041015625,,
2022-03-24,,305.60455322265625,,
2022-03-25,,306.7497253417969,,
2022-03-28,,304.7592163085937,,
2022-03-29,,308.7220764160156,,
2022-03-30,,305.0228271484375,,
2022-03-31,,300.0329284667969,,
2022-04-01,,300.1419372558594,,
2022-04-04,,298.3150329589844,,
2022-04-05,,294.4521789550781,,
2022-04-06,,287.4534606933594,,
2022-04-07,,285.53564453125,,
2022-04-08,,292.1162414550781,,
2022-04-11,,291.54364013671875,,
2022-04-12,,290.65283203125,,
2022-04-13,,292.6434326171875,,
2022-04-14,,292.3434753417969,,
2022-04-18,,299.8329162597656,,
2022-04-19,,305.3500671386719,,
2022-04-20,,309.9945678710937,,
2022-04-21,,303.8503723144531,,
2022-04-22,,290.643798828125,,
2022-04-25,,292.1434936523437,,
2022-04-26,,284.5995483398437,,
2022-04-27,,284.69952392578125,,
2022-04-28,,289.40771484375,,
2022-04-29,,277.6645202636719,,
2022-05-02,,282.1454467773437,,
2022-05-03,,285.99920654296875,,
2022-05-04,,294.5884704589844,,
2022-05-05,,284.5540466308594,,
2022-05-06,,284.4540100097656,,
2022-05-09,,280.7548522949219,,
2022-05-10,,277.27362060546875,,
2022-05-11,,274.08331298828125,,
2022-05-12,,272.13836669921875,,
2022-05-13,,279.02789306640625,,
2022-05-16,,275.80126953125,,
2022-05-17,,284.4632568359375,,
2022-05-18,,278.79156494140625,,
2022-05-19,,280.12762451171875,,
2022-05-20,,278.85516357421875,,
2022-05-23,,287.7716064453125,,
2022-05-24,,285.3539428710937,,
2022-05-25,,286.21734619140625,,
2022-05-26,,294.1521911621094,,
2022-05-27,,298.6512756347656,,
2022-05-31,,298.8982849121094,,
2022-06-01,,294.32586669921875,,
2022-06-02,,296.5205993652344,,
2022-06-03,,291.4268798828125,,
2022-06-06,,293.1004638671875,,
2022-06-07,,294.0149841308594,,
2022-06-08,,287.7689514160156,,
2022-06-09,,278.2035827636719,,
2022-06-10,,262.4744873046875,,
2022-06-13,,259.0908508300781,,
2022-06-14,,258.3775634765625,,
2022-06-15,,265.2636108398437,,
2022-06-16,,260.60894775390625,,
2022-06-17,,255.8627777099609,,
2022-06-21,,260.4534912109375,,
2022-06-22,,260.2065734863281,,
2022-06-23,,261.6972045898437,,
2022-06-24,,276.8592529296875,,
2022-06-27,,275.0577087402344,,
2022-06-28,,273.8780212402344,,
2022-06-29,,277.3439025878906,,
2022-06-30,,271.6192626953125,,
2022-07-01,,273.64031982421875,,
2022-07-05,,271.783935546875,,
2022-07-06,,268.6380615234375,,
2022-07-07,,273.06427001953125,,
2022-07-08,,271.1163024902344,,
2022-07-11,,268.1076965332031,,
2022-07-12,,267.5133056640625,,
2022-07-13,,265.3367919921875,,
2022-07-14,,257.5088195800781,,
2022-07-15,,268.7386779785156,,
2022-07-18,,275.4967041015625,,
2022-07-19,,290.8507995605469,,
2022-07-20,,293.9600524902344,,
2022-07-21,,298.6147766113281,,
2022-07-22,,296.2279357910156,,
2022-07-25,,296.40167236328125,,
2022-07-26,,291.3080139160156,,
2022-07-27,,296.7858581542969,,
2022-07-28,,300.9649353027344,,
2022-07-29,,304.87890625,,
2022-08-01,,303.6809997558594,,
2022-08-02,,299.8401794433594,,
2022-08-03,,304.6778259277344,,
2022-08-04,,303.4888916015625,,
2022-08-05,,306.0495300292969,,
2022-08-08,,306.0586242675781,,
2022-08-09,,307.83270263671875,,
2022-08-10,,318.1572265625,,
2022-08-11,,321.6048278808594,,
2022-08-12,,323.56182861328125,,
2022-08-15,,325.4182434082031,,
2022-08-16,,324.6134948730469,,
2022-08-17,,323.4886474609375,,
2022-08-18,,324.20196533203125,,
2022-08-19,,319.4009704589844,,
2022-08-22,,313.1368103027344,,
2022-08-23,,311.0882873535156,,
2022-08-24,,312.69781494140625,,
2022-08-25,,316.85870361328125,,
2022-08-26,,307.6315612792969,,
2022-08-29,,305.3636169433594,,
2022-08-30,,305.0984802246094,,
2022-08-31,,306.5174255371094,,
2022-09-01,,307.2821350097656,,
2022-09-02,,305.42095947265625,,
2022-09-06,,300.8232116699219,,
2022-09-07,,304.5732116699219,,
2022-09-08,,309.0143127441406,,
2022-09-09,,313.3633117675781,,
2022-09-12,,315.6482238769531,,
2022-09-13,,302.5738830566406,,
2022-09-14,,301.5326843261719,,
2022-09-15,,305.5498962402344,,
2022-09-16,,300.5652160644531,,
2022-09-19,,302.8226623535156,,
2022-09-20,,297.84716796875,,
2022-09-21,,295.49761962890625,,
2022-09-22,,288.32000732421875,,
2022-09-23,,278.2308349609375,,
2022-09-26,,271.4586486816406,,
2022-09-27,,268.4733581542969,,
2022-09-28,,277.1435852050781,,
2022-09-29,,272.8314514160156,,
2022-09-30,,270.0120544433594,,
2022-10-03,,275.63250732421875,,
2022-10-04,,290.11669921875,,
2022-10-05,,284.7081298828125,,
2022-10-06,,280.71856689453125,,
2022-10-07,,277.4107971191406,,
2022-10-10,,276.9132995605469,,
2022-10-11,,271.08087158203125,,
2022-10-12,,272.0943908691406,,
2022-10-13,,282.929931640625,,
2022-10-14,,276.406494140625,,
2022-10-17,,282.5981750488281,,
2022-10-18,,289.17694091796875,,
2022-10-19,,287.251220703125,,
2022-10-20,,286.3759155273437,,
2022-10-21,,299.54248046875,,
2022-10-24,,302.8595275878906,,
2022-10-25,,306.2685852050781,,
2022-10-26,,309.29998779296875,,
2022-10-27,,310.6728210449219,,
2022-10-28,,314.9480285644531,,
2022-10-31,,317.42657470703125,,
2022-11-01,,321.1766052246094,,
2022-11-02,,322.2915344238281,,
2022-11-03,,321.4438781738281,,
2022-11-04,,329.7731628417969,,
2022-11-07,,334.0575866699219,,
2022-11-08,,335.40283203125,,
2022-11-09,,333.5416259765625,,
2022-11-10,,348.5694580078125,,
2022-11-11,,354.89013671875,,
2022-11-14,,352.301025390625,,
2022-11-15,,352.7801818847656,,
2022-11-16,,352.2734069824219,,
2022-11-17,,349.9238586425781,,
2022-11-18,,349.3895263671875,,
2022-11-21,,350.32000732421875,,
2022-11-22,,353.6923522949219,,
2022-11-23,,355.8852233886719,,
2022-11-25,,358.2900390625,,
2022-11-28,,352.301025390625,,
2022-11-29,,353.544921875,,
2022-11-30,,358.1263732910156,,
2022-12-01,,355.9562683105469,,
2022-12-02,,352.96063232421875,,
2022-12-05,,344.5767517089844,,
2022-12-06,,336.5729675292969,,
2022-12-07,,333.8000183105469,,
2022-12-08,,332.09344482421875,,
2022-12-09,,333.0765075683594,,
2022-12-12,,336.8233947753906,,
2022-12-13,,341.9335327148437,,
2022-12-14,,334.2265930175781,,
2022-12-15,,324.4422302246094,,
2022-12-16,,321.2147521972656,,
2022-12-19,,319.6010437011719,,
2022-12-20,,319.48974609375,,
2022-12-21,,324.7481994628906,,
2022-12-22,,320.5006408691406,,
2022-12-23,,320.43572998046875,,
2022-12-27,,317.152587890625,,
2022-12-28,,316.1324462890625,,
2022-12-29,,318.50665283203125,,
2022-12-30,,318.46026611328125,,
2023-01-03,,321.0941772460937,,
2023-01-04,,322.4668273925781,,
2023-01-05,,318.81268310546875,,
2023-01-06,,322.8191833496094,,
2023-01-09,,327.3821716308594,,
2023-01-10,,331.4257507324219,,
2023-01-11,,338.0290222167969,,
2023-01-12,,343.0927734375,,
2023-01-13,,346.8581237792969,,
2023-01-17,,324.5256042480469,,
2023-01-18,,323.7558898925781,,
2023-01-19,,325.2953796386719,,
2023-01-20,,317.0321350097656,,
2023-01-23,,323.80230712890625,,
2023-01-24,,323.0510559082031,,
2023-01-25,,324.2567443847656,,
2023-01-26,,329.2092590332031,,
2023-01-27,,328.03131103515625,,
2023-01-30,,331.5184631347656,,
2023-01-31,,339.262451171875,,
2023-02-01,,339.1697082519531,,
2023-02-02,,342.6568908691406,,
2023-02-03,,343.1020812988281,,
2023-02-06,,343.8902893066406,,
2023-02-07,,347.22918701171875,,
2023-02-08,,347.8783264160156,,
2023-02-09,,341.2842712402344,,
2023-02-10,,344.3355407714844,,
2023-02-13,,346.8766174316406,,
2023-02-14,,344.7992553710937,,
2023-02-15,,347.17340087890625,,
2023-02-16,,343.3339233398437,,
2023-02-17,,341.7572937011719,,
2023-02-21,,334.9128723144531,,
2023-02-22,,334.6995849609375,,
2023-02-23,,337.1572570800781,,
2023-02-24,,337.4447631835937,,
2023-02-27,,339.0028381347656,,
2023-02-28,,326.1300964355469,,
2023-03-01,,323.40264892578125,,
2023-03-02,,326.0834045410156,,
2023-03-03,,333.5466613769531,,
2023-03-06,,333.5092163085937,,
2023-03-07,,323.2625427246094,,
2023-03-08,,326.2608642578125,,
2023-03-09,,319.5355834960937,,
2023-03-10,,306.0663146972656,,
2023-03-13,,294.70806884765625,,
2023-03-14,,300.9102478027344,,
2023-03-15,,291.60693359375,,
2023-03-16,,294.3157043457031,,
2023-03-17,,283.5272521972656,,
2023-03-20,,289.1222839355469,,
2023-03-21,,296.361328125,,
2023-03-22,,292.9894104003906,,
2023-03-23,,294.091552734375,,
2023-03-24,,291.9618835449219,,
2023-03-27,,297.52899169921875,,
2023-03-28,,297.44482421875,,
2023-03-29,,299.5744934082031,,
2023-03-30,,299.9668884277344,,
2023-03-31,,305.5432434082031,,
2023-04-03,,304.9921569824219,,
2023-04-04,,301.3773193359375,,
2023-04-05,,300.3311767578125,,
2023-04-06,,301.143798828125,,
2023-04-10,,303.5350341796875,,
2023-04-11,,305.7861022949219,,
2023-04-12,,308.4668273925781,,
2023-04-13,,310.23223876953125,,
2023-04-14,,314.7064514160156,,
2023-04-17,,317.28448486328125,,
2023-04-18,,311.8949279785156,,
2023-04-19,,314.6784362792969,,
2023-04-20,,316.37841796875,,
2023-04-21,,319.1339416503906,,
2023-04-24,,321.2822570800781,,
2023-04-25,,317.0976867675781,,
2023-04-26,,314.3702087402344,,
2023-04-27,,319.0779113769531,,
2023-04-28,,320.79656982421875,,
2023-05-01,,318.1158447265625,,
2023-05-02,,311.3905334472656,,
2023-05-03,,306.9817199707031,,
2023-05-04,,300.0789489746094,,
2023-05-05,,305.45916748046875,,
2023-05-08,,304.9828186035156,,
2023-05-09,,303.3575134277344,,
2023-05-10,,301.2839050292969,,
2023-05-11,,299.5744934082031,,
2023-05-12,,298.4349670410156,,
2023-05-15,,300.8355407714844,,
2023-05-16,,299.6585998535156,,
2023-05-17,,308.4107971191406,,
2023-05-18,,307.8503723144531,,
2023-05-19,,304.6465148925781,,
2023-05-22,,303.49774169921875,,
2023-05-23,,302.2366638183594,,
2023-05-24,,298.7245178222656,,
2023-05-25,,302.52618408203125,,
2023-05-26,,310.1202087402344,,
2023-05-30,,309.0179748535156,,
2023-05-31,,304.8485717773437,,
2023-06-01,,297.7896728515625,,
2023-06-02,,304.61328125,,
2023-06-05,,302.8814697265625,,
2023-06-06,,307.57794189453125,,
2023-06-07,,316.00152587890625,,
2023-06-08,,315.738037109375,,
2023-06-09,,316.2556457519531,,
2023-06-12,,319.5215148925781,,
2023-06-13,,322.3544921875,,
2023-06-14,,318.5144958496094,,
2023-06-15,,319.7568664550781,,
2023-06-16,,318.41094970703125,,
2023-06-20,,311.2674255371094,,
2023-06-21,,305.9497375488281,,
2023-06-22,,300.7826843261719,,
2023-06-23,,296.1990966796875,,
2023-06-26,,293.98736572265625,,
2023-06-27,,295.01324462890625,,
2023-06-28,,295.2108459472656,,
2023-06-29,,304.0861511230469,,
2023-06-30,,303.56854248046875,,
2023-07-03,,307.3991394042969,,
2023-07-05,,301.2249755859375,,
2023-07-06,,294.5897216796875,,
2023-07-07,,296.6320495605469,,
2023-07-10,,297.8554992675781,,
2023-07-11,,302.00616455078125,,
2023-07-12,,307.2015075683594,,
2023-07-13,,309.3473815917969,,
2023-07-14,,307.0038452148437,,
2023-07-17,,307.9544677734375,,
2023-07-18,,317.4320983886719,,
2023-07-19,,320.5191955566406,,
2023-07-20,,330.2228088378906,,
2023-07-21,,331.258056640625,,
2023-07-24,,337.8180847167969,,
2023-07-25,,333.8369445800781,,
2023-07-26,,336.5287475585937,,
2023-07-27,,333.6580810546875,,
2023-07-28,,332.4533996582031,,
2023-07-31,,334.9381408691406,,
2023-08-01,,336.6792907714844,,
2023-08-02,,330.4486389160156,,
2023-08-03,,332.38751220703125,,
2023-08-04,,332.4439392089844,,
2023-08-07,,334.6463317871094,,
2023-08-08,,327.7757263183594,,
2023-08-09,,322.5333251953125,,
2023-08-10,,320.3780517578125,,
2023-08-11,,320.6885986328125,,
2023-08-14,,317.87451171875,,
2023-08-15,,312.66973876953125,,
2023-08-16,,309.7521057128906,,
2023-08-17,,308.255615234375,,
2023-08-18,,305.8179931640625,,
2023-08-21,,303.1167907714844,,
2023-08-22,,300.03912353515625,,
2023-08-23,,303.3708801269531,,
2023-08-24,,301.1402893066406,,
2023-08-25,,301.3191223144531,,
2023-08-28,,306.7968139648437,,
2023-08-29,,312.98974609375,,
2023-08-30,,311.8319091796875,,
2023-08-31,,311.0062866210937,,
2023-09-01,,310.7120666503906,,
2023-09-05,,307.2481994628906,,
2023-09-06,,304.7616577148437,,
2023-09-07,,305.54937744140625,,
2023-09-08,,308.9278564453125,,
2023-09-11,,308.10223388671875,,
2023-09-12,,314.03369140625,,
2023-09-13,,317.9057312011719,,
2023-09-14,,327.0069274902344,,
2023-09-15,,325.08038330078125,,
2023-09-18,,325.8206481933594,,
2023-09-19,,324.4635925292969,,
2023-09-20,,319.5380554199219,,
2023-09-21,,313.4073181152344,,
2023-09-22,,311.1771545410156,,
2023-09-25,,312.0786437988281,,
2023-09-26,,307.3146057128906,,
2023-09-27,,305.5398864746094,,
2023-09-28,,308.6242370605469,,
2023-09-29,,307.07733154296875,,
2023-10-02,,302.2657470703125,,
2023-10-03,,290.5167541503906,,
2023-10-04,,292.8703918457031,,
2023-10-05,,294.6735534667969,,
2023-10-06,,296.5525817871094,,
2023-10-09,,296.67596435546875,,
2023-10-10,,298.72589111328125,,
2023-10-11,,297.06500244140625,,
2023-10-12,,294.0566711425781,,
2023-10-13,,293.53466796875,,
2023-10-16,,298.3652648925781,,
2023-10-17,,293.591552734375,,
2023-10-18,,286.5687866210937,,
2023-10-19,,283.94000244140625,,
2023-10-20,,284.756103515625,,
2023-10-23,,283.9684753417969,,
2023-10-24,,283.9305114746094,,
2023-10-25,,281.63385009765625,,
2023-10-26,,281.8521423339844,,
2023-10-27,,275.13299560546875,,
2023-10-30,,285.496337890625,,
2023-10-31,,288.1347045898437,,
2023-11-01,,291.5037536621094,,
2023-11-02,,297.767333984375,,
2023-11-03,,310.9208984375,,
2023-11-06,,307.3999938964844,,
2023-11-07,,307.43798828125,,
2023-11-08,,308.016845703125,,
2023-11-09,,304.42950439453125,,
2023-11-10,,308.9184265136719,,
2023-11-13,,310.2470703125,,
2023-11-14,,321.4551086425781,,
2023-11-15,,320.3921813964844,,
2023-11-16,,319.5096130371094,,
2023-11-17,,321.9011535644531,,
2023-11-20,,322.1478881835937,,
2023-11-21,,317.8962097167969,,
2023-11-22,,321.3791809082031,,
2023-11-24,,321.8631896972656,,
2023-11-27,,320.49658203125,,
2023-11-28,,320.4396667480469,,
2023-11-29,,325.5682067871094,,
2023-11-30,,326.7929077148437,,
2023-12-01,,333.385498046875,,
2023-12-04,,334.3040466308594,,
2023-12-05,,326.9938659667969,,
2023-12-06,,327.2043762207031,,
2023-12-07,,329.7399597167969,,
2023-12-08,,335.6817626953125,,
2023-12-11,,336.5716857910156,,
2023-12-12,,337.3849182128906,,
2023-12-13,,347.0680236816406,,
2023-12-14,,366.9124145507813,,
2023-12-15,,364.080322265625,,
2023-12-18,,360.14776611328125,,
2023-12-19,,365.9365234375,,
2023-12-20,,361.2193908691406,,
2023-12-21,,364.1376953125,,
2023-12-22,,364.2142333984375,,
2023-12-26,,365.1327819824219,,
2023-12-27,,367.87890625,,
2023-12-28,,369.7255554199219,,
2023-12-29,,369.1131896972656,,
2024-01-02,,371.533935546875,,
2024-01-03,,365.3050842285156,,
2024-01-04,,366.4149475097656,,
2024-01-05,,369.7542114257813,,
2024-01-08,,372.0697326660156,,
2024-01-09,,367.1708068847656,,
2024-01-10,,365.4676818847656,,
2024-01-11,,363.3530883789063,,
2024-01-12,,361.4394836425781,,
2024-01-16,,364.02288818359375,,
2024-01-17,,360.89404296875,,
2024-01-18,,360.6357727050781,,
2024-01-19,,365.6973571777344,,
2024-01-22,,369.2949523925781,,
2024-01-23,,364.3290710449219,,
2024-01-24,,363.0181884765625,,
2024-01-25,,366.1756896972656,,
2024-01-26,,361.4777526855469,,
2024-01-29,,364.1281127929688,,
2024-01-30,,370.1656494140625,,
2024-01-31,,367.42913818359375,,
2024-02-01,,367.2760925292969,,
2024-02-02,,371.1129150390625,,
2024-02-05,,366.4819030761719,,
2024-02-06,,368.3668518066406,,
2024-02-07,,369.9647521972656,,
2024-02-08,,368.4147338867188,,
2024-02-09,,367.6683654785156,,
2024-02-12,,375.6865539550781,,
2024-02-13,,362.3962707519531,,
2024-02-14,,361.7169494628906,,
2024-02-15,,368.7783203125,,
2024-02-16,,367.8406066894531,,
2024-02-20,,367.9171447753906,,
2024-02-21,,371.5052185058594,,
2024-02-22,,373.6102294921875,,
2024-02-23,,374.1651916503906,,
2024-02-26,,373.37103271484375,,
2024-02-27,,373.935546875,,
2024-02-28,,378.8692321777344,,
2024-02-29,,374.8895568847656,,
2024-03-01,,373.9740905761719,,
2024-03-04,,377.9730529785156,,
2024-03-05,,376.6818237304688,,
2024-03-06,,375.390625,,
2024-03-07,,374.2920837402344,,
2024-03-08,,372.9045104980469,,
2024-03-11,,372.1047058105469,,
2024-03-12,,374.0511779785156,,
2024-03-13,,378.0308532714844,,
2024-03-14,,374.4655151367188,,
2024-03-15,,373.1165161132813,,
2024-03-18,,370.3799133300781,,
2024-03-19,,374.5137023925781,,
2024-03-20,,382.0394287109375,,
2024-03-21,,398.6519470214844,,
2024-03-22,,392.0127868652344,,
2024-03-25,,390.2012023925781,,
2024-03-26,,391.3960266113281,,
2024-03-27,,400.1358947753906,,
2024-03-28,,402.4871215820313,,
2024-04-01,,398.4592590332031,,
2024-04-02,,395.2215576171875,,
2024-04-03,,398.9313659667969,,
2024-04-04,,391.4635009765625,,
2024-04-05,,393.21728515625,,
2024-04-08,,395.5973510742188,,
2024-04-09,,395.7611389160156,,
2024-04-10,,386.17333984375,,
2024-04-11,,383.0127258300781,,
2024-04-12,,375.3134765625,,
2024-04-15,,386.2889404296875,,
2024-04-16,,382.415283203125,,
2024-04-17,,389.2086791992188,,
2024-04-18,,388.437744140625,,
2024-04-19,,389.2953796386719,,
2024-04-22,,402.1594848632813,,
2024-04-23,,408.56744384765625,,
2024-04-24,,407.6423645019531,,
2024-04-25,,404.76116943359375,,
2024-04-26,,412.0075073242188,,
2024-04-29,,415.1295471191406,,
2024-04-30,,411.17877197265625,,
2024-05-01,,411.4100646972656,,
2024-05-02,,416.8255920410156,,
2024-05-03,,422.2312927246094,,
2024-05-06,,427.521484375,,
2024-05-07,,427.6466979980469,,
2024-05-08,,430.6820983886719,,
2024-05-09,,438.9786987304688,,
2024-05-10,,438.1789245605469,,
2024-05-13,,437.0515441894531,,
2024-05-14,,441.7828369140625,,
2024-05-15,,449.1254577636719,,
2024-05-16,,447.6126098632813,,
2024-05-17,,450.6961669921875,,
2024-05-20,,446.090087890625,,
2024-05-21,,453.2882385253906,,
2024-05-22,,445.5504760742188,,
2024-05-23,,441.4744873046875,,
2024-05-24,,444.3941650390625,,
2024-05-28,,443.073974609375,,
2024-05-29,,440.5301208496094,,
2024-05-30,,436.4682312011719,,
2024-05-31,,442.56591796875,,
2024-06-03,,441.072998046875,,
2024-06-04,,441.3832092285156,,
2024-06-05,,447.5681762695313,,
2024-06-06,,444.09765625,,
2024-06-07,,441.0050964355469,,
2024-06-10,,439.6866760253906,,
2024-06-11,,430.69036865234375,,
2024-06-12,,434.9849853515625,,
2024-06-13,,432.706787109375,,
2024-06-14,,432.81341552734375,,
2024-06-17,,436.4197387695313,,
2024-06-18,,443.4480895996094,,
2024-06-20,,444.0491638183594,,
2024-06-21,,436.4197387695313,,
2024-06-24,,447.9656677246094,,
2024-06-25,,443.3996276855469,,
2024-06-26,,441.9261169433594,,
2024-06-27,,432.3286743164063,,
2024-06-28,,438.4943542480469,,
2024-07-01,,449.4876708984375,,
2024-07-02,,451.3781127929688,,
2024-07-03,,453.6174621582031,,
2024-07-05,,450.54437255859375,,
2024-07-08,,450.61224365234375,,
2024-07-09,,458.3774108886719,,
2024-07-10,,464.2521667480469,,
2024-07-11,,464.5817565917969,,
2024-07-12,,465.2119445800781,,
2024-07-15,,477.1844177246094,,
2024-07-16,,487.64459228515625,,
2024-07-17,,486.8302307128906,,
2024-07-18,,471.3484191894531,,
2024-07-19,,470.1075134277344,,
2024-07-22,,472.1530456542969,,
2024-07-23,,477.1068420410156,,
2024-07-24,,471.8234558105469,,
2024-07-25,,476.6802978515625,,
2024-07-26,,483.7765808105469,,
2024-07-29,,477.6594543457031,,
2024-07-30,,490.2135620117188,,
2024-07-31,,493.4708862304688,,
2024-08-01,,484.8332214355469,,
2024-08-02,,456.2543640136719,,
2024-08-05,,444.989501953125,,
2024-08-06,,455.8471984863281,,
2024-08-07,,458.5519104003906,,
2024-08-08,,470.9218444824219,,
2024-08-09,,475.2745971679688,,
2024-08-12,,470.6601257324219,,
2024-08-13,,476.9032897949219,,
2024-08-14,,483.4566955566406,,
2024-08-15,,483.7668151855469,,
2024-08-16,,488.8466796875,,
2024-08-19,,489.2538757324219,,
2024-08-20,,482.1382141113281,,
2024-08-21,,481.28509521484375,,
2024-08-22,,482.53564453125,,
2024-08-23,,493.8489990234375,,
2024-08-26,,492.3463439941406,,
2024-08-27,,491.7550048828125,,
2024-08-28,,487.9450988769531,,
2024-08-29,,494.5081787109375,,
2024-08-30,,497.5799560546875,,
2024-09-03,,475.3558654785156,,
2024-09-04,,478.4569396972656,,
2024-09-05,,475.7654418945313,,
2024-09-06,,467.7007751464844,,
2024-09-09,,476.4382934570313,,
2024-09-10,,455.5306701660156,,
2024-09-11,,459.4703674316406,,
2024-09-12,,462.2886047363281,,
2024-09-13,,467.0961608886719,,
2024-09-16,,473.1130065917969,,
2024-09-17,,473.3372802734375,,
2024-09-18,,472.5473327636719,,
2024-09-19,,491.3193359375,,
2024-09-20,,486.053466796875,,
2024-09-23,,485.0588073730469,,
2024-09-24,,485.6536254882813,,
2024-09-25,,478.9445190429688,,
2024-09-26,,484.5809631347656,,
2024-09-27,,486.1315002441406,,
2024-09-30,,482.81591796875,,
2024-10-01,,477.9985961914063,,
2024-10-02,,479.7734069824219,,
2024-10-03,,474.0296630859375,,
2024-10-04,,482.86468505859375,,
2024-10-07,,482.3381042480469,,
2024-10-08,,484.2396545410156,,
2024-10-09,,492.6358337402344,,
2024-10-10,,491.2120971679688,,
2024-10-11,,503.479736328125,,
2024-10-14,,509.76959228515625,,
2024-10-15,,509.4087829589844,,
2024-10-16,,516.7030029296875,,
2024-10-17,,515.8643188476562,,
2024-10-18,,515.3767700195312,,
2024-10-21,,504.9424743652344,,
2024-10-22,,505.4300231933594,,
2024-10-23,,504.357421875,,
2024-10-24,,511.4761657714844,,
2024-10-25,,499.87158203125,,
2024-10-28,,510.57904052734375,,
2024-10-29,,511.2615966796875,,
2024-10-30,,511.378662109375,,
2024-10-31,,504.9327392578125,,
2024-11-01,,506.4539794921875,,
2024-11-04,,498.7696838378906,,
2024-11-05,,513.8750610351562,,
2024-11-06,,581.1812133789062,,
2024-11-07,,567.7140502929688,,
2024-11-08,,574.6281127929688,,
2024-11-11,,587.38330078125,,
2024-11-12,,577.87548828125,,
2024-11-13,,579.4649047851562,,
2024-11-14,,573.9942016601562,,
2024-11-15,,578.8016967773438,,
2024-11-18,,573.3895874023438,,
2024-11-19,,566.9437255859375,,
2024-11-20,,567.4801025390625,,
2024-11-21,,581.3079833984375,,
2024-11-22,,587.8123779296875,,
2024-11-25,,588.0562133789062,,
2024-11-26,,590.46484375,,
2024-11-27,,590.3966064453125,,
2024-11-29,,593.4585571289062,,
2024-12-02,,589.6758422851562,,
2024-12-03,,590.0383911132812,,
2024-12-04,,586.73583984375,,
2024-12-05,,584.864013671875,,
2024-12-06,,587.6863403320312,,
2024-12-09,,582.237548828125,,
2024-12-10,,573.3294067382812,,
2024-12-11,,580.708740234375,,
2024-12-12,,579.7777709960938,,
2024-12-13,,573.7704467773438,,
2024-12-16,,574.6034545898438,,
2024-12-17,,563.1863403320312,,
2024-12-18,,539.2449951171875,,
2024-12-19,,542.91015625,,
2024-12-20,,554.7779541015625,,
2024-12-23,,559.3643798828125,,
2024-12-24,,571.1341552734375,,
2024-12-26,,569.6053466796875,,
2024-12-27,,564.6563720703125,,
2024-12-30,,562.0789794921875,,
2024-12-31,,561.1675415039062,,
2025-01-02,,563.4705200195312,,
2025-01-03,,568.5274047851562,,
2025-01-06,,571.7222290039062,,
2025-01-07,,568.517578125,,
2025-01-08,,568.4196166992188,,
2025-01-10,,548.7999877929688,,
2025-01-13,,551.6909790039062,,
2025-01-14,,560.0994262695312,,
2025-01-15,,593.8016357421875,,
2025-01-16,,600.7301635742188,,
2025-01-17,,613.421142578125,,
2025-01-21,,622.045166015625,,
2025-01-22,,620.075439453125,,
2025-01-23,,626.7100219726562,,
2025-01-24,,624.1620483398438,,
2025-01-27,,620.6143798828125,,
2025-01-28,,625.0440063476562,,
2025-01-29,,624.6324462890625,,
2025-01-30,,632.7860107421875,,
2025-01-31,,627.592041015625,,
2025-02-03,,619.7225952148438,,
2025-02-04,,621.4964599609375,,
2025-02-05,,632.541015625,,
2025-02-06,,645.0556030273438,,
2025-02-07,,642.781982421875,,
2025-02-10,,637.5194702148438,,
2025-02-11,,634.295166015625,,
2025-02-12,,636.0199584960938,,
2025-02-13,,635.970947265625,,
2025-02-14,,647.3389282226562,,
2025-02-18,,658.7461547851562,,
2025-02-19,,654.7870483398438,,
2025-02-20,,629.4147338867188,,
2025-02-21,,613.087890625,,
2025-02-24,,613.6171875,,
2025-02-25,,602.6117553710938,,
2025-02-26,,605.4146118164062,,
2025-02-27,,595.8399658203125,,
2025-02-28,,612.8682250976562,,
2025-03-03,,596.0960693359375,,
2025-03-04,,572.3412475585938,,
2025-03-05,,584.0906372070312,,
2025-03-06,,559.0751953125,,
2025-03-07,,551.1963500976562,,
2025-03-10,,523.6104125976562,,
2025-03-11,,523.3838500976562,,
2025-03-12,,527.5990600585938,,
2025-03-13,,516.8640747070312,,
2025-03-14,,533.2127075195312,,
2025-03-17,,542.992431640625,,
2025-03-18,,543.42578125,,
2025-03-19,,548.901611328125,,
2025-03-20,,554.1607055664062,,
2025-03-21,,556.58349609375,,
2025-03-24,,571.3169555664062,,
2025-03-25,,577.0684814453125,,
2025-03-26,,565.2305297851562,,
2025-03-27,,550.4575805664062,,
2025-03-28,,534.8968505859375,,
2025-03-31,,538.0188598632812,,
2025-04-01,,540.1461791992188,,
2025-04-02,,554.5742797851562,,
2025-04-03,,503.4897155761719,,
2025-04-04,,463.6816711425781,,
2025-04-07,,458.4619445800781,,
2025-04-08,,455.22174072265625,,
2025-04-09,,509.0443115234375,,
2025-04-10,,482.3841857910156,,
2025-04-11,,486.9539184570313,,
2025-04-14,,496.3494567871094,,
2025-04-15,,500.2002868652344,,
2025-04-16,,491.4941101074219,,
2025-04-17,,501.7760314941406,,
2025-04-21,,493.7691345214844,,
2025-04-22,,512.1170654296875,,
2025-04-23,,521.2959594726562,,
2025-04-24,,537.11279296875,,
2025-04-25,,536.6105346679688,,
2025-04-28,,538.1272583007812,,
2025-04-29,,540.6090698242188,,
2025-04-30,,539.2598266601562,,
2025-05-01,,545.4447631835938,,
2025-05-02,,557.5289306640625,,
2025-05-05,,551.0880126953125,,
2025-05-06,,541.0423583984375,,
2025-05-07,,543.5635986328125,,
2025-05-08,,557.135009765625,,
2025-05-09,,558.5137939453125,,
2025-05-12,,582.3868408203125,,
2025-05-13,,594.66796875,,
2025-05-14,,602.340087890625,,
2025-05-15,,606.5750122070312,,
2025-05-16,,609.6575927734375,,
2025-05-19,,603.0294799804688,,
2025-05-20,,597.3369750976562,,
2025-05-21,,584.4747314453125,,
2025-05-22,,589.1724853515625,,
2025-05-23,,589.477783203125,,
2025-05-27,,606.4075317382812,,
2025-05-28,,599.2279052734375,,
2025-05-29,,595.7020874023438,,
2025-05-30,,594.3065795898438,,
2025-06-02,,592.59423828125,,
2025-06-03,,597.6519775390625,,
2025-06-04,,593.0792236328125,,
2025-06-05,,599.6809692382812,,
2025-06-06,,607.7178955078125,,
2025-06-09,,607.2427978515625,,
2025-06-10,,608.5789794921875,,
2025-06-11,,617.7838134765625,,
2025-06-12,,618.7142333984375,,
2025-06-13,,607.2625732421875,,
2025-06-16,,621.4261474609375,,
2025-06-17,,618.2490844726562,,
2025-06-18,,628.7406005859375,,
2025-06-20,,634.24365234375,,
2025-06-23,,640.261474609375,,
2025-06-24,,655.3356323242188,,
2025-06-25,,663.0162353515625,,
2025-06-26,,680.1293334960938,,
2025-06-27,,683.7420043945312,,
2025-06-30,,700.5086669921875,,
2025-07-01,,699.23193359375,,
2025-07-02,,708.5653686523438,,
2025-07-03,,716.2756958007812,,
2025-07-07,,703.6561279296875,,
2025-07-08,,690.1458740234375,,
2025-07-09,,689.4331665039062,,
2025-07-10,,701.8646850585938,,
2025-07-11,,697.7373657226562,,
2025-07-14,,706.0018920898438,,
2025-07-15,,695.3223266601562,,
2025-07-16,,701.5677490234375,,
2025-07-17,,698.6182861328125,,
2025-07-18,,701.0134887695312,,
2025-07-21,,698.776611328125,,
2025-07-22,,693.2437744140625,,
2025-07-23,,710.1787719726562,,
2025-07-24,,711.82177734375,,
2025-07-25,,721.5214233398438,,
2025-07-28,,716.2460327148438,,
2025-07-29,,724.4907836914062,,
2025-07-30,,723.2733154296875,,
2025-07-31,,716.1866455078125,,
2025-08-01,,702.31005859375,,
2025-08-04,,718.6016845703125,,
2025-08-05,,713.5340576171875,,
2025-08-06,,717.3248291015625,,
2025-08-07,,712.3759765625,,
2025-08-08,,713.890380859375,,
2025-08-11,,711.8811645507812,,
2025-08-12,,735.774169921875,,
2025-08-13,,737.0707397460938,,
2025-08-14,,739.5550537109375,,
2025-08-15,,723.24365234375,,
2025-08-18,,723.481201171875,,
2025-08-19,,713.999267578125,,
2025-08-20,,713.306396484375,,
2025-08-21,,708.6248168945312,,
2025-08-22,,734.2993774414062,,
2025-08-25,,731.2310791015625,,
2025-08-26,,741.287109375,,
2025-08-27,,741.999755859375,,
2025-08-28,,743.5338745117188,,
2025-08-29,,741.5736083984375,,
2025-09-02,,727.24462890625,,
2025-09-03,,726.9561157226562,,
2025-09-04,,745.2056274414062,,
2025-09-05,,734.568359375,,
2025-09-08,,738.1903686523438,,
2025-09-09,,760.1515502929688,,
2025-09-10,,765.7836303710938,,
2025-09-11,,780.85888671875,,
2025-09-12,,776.2119140625,,
2025-09-15,,782.87890625,,
2025-09-16,,781.6549682617188,,
2025-09-17,,790.3020629882812,,
2025-09-18,,800.34228515625,,
2025-09-19,,801.0288696289062,,
2025-09-22,,801.5861206054688,,
2025-09-23,,802.3424072265625,,
2025-09-24,,788.5208740234375,,
2025-09-25,,790.8394165039062,,
2025-09-26,,798.5512084960938,,
2025-09-29,,800.1531982421875,,
2025-09-30,,792.4215087890625,,
2025-10-01,,781.6350708007812,,
2025-10-02,,775.5352783203125,,
2025-10-03,,786.0829467773438,,
2025-10-06,,792.8494873046875,,
2025-10-07,,785.754638671875,,
2025-10-08,,772.679443359375,,
2025-10-09,,776.1124267578125,,
2025-10-10,,760.58935546875,,
2025-10-13,,782.8988037109375,,
2025-10-14,,766.9578247070312,,
2025-10-15,,764.1417236328125,,
2025-10-16,,754.350341796875,,
2025-10-17,,747.06640625,,
2025-10-20,,759.5545043945312,,
2025-10-21,,755.2359008789062,,
2025-10-22,,740.9268188476562,,
2025-10-23,,747.076416015625,,
2025-10-24,,780.0130615234375,,
2025-10-27,,786.0928955078125,,
2025-10-28,,788.1826171875,,
2025-10-29,,779.1971435546875,,
2025-10-30,,786.2620849609375,,
2025-10-31,,785.4760131835938,,
2025-11-03,,781.64501953125,,
2025-11-04,,786.9288330078125,,
2025-11-05,,789.1776733398438,,
2025-11-06,,783.69482421875,,
2025-11-07,,782.4609375,,
2025-11-10,,793.2673950195312,,
2025-11-11,,806.3126831054688,,
2025-11-12,,834.831298828125,,
2025-11-13,,801.5264282226562,,
2025-11-14,,787.0083618164062,,
2025-11-17,,771.734130859375,,
2025-11-18,,772.470458984375,,
2025-11-19,,782.1126708984375,,
2025-11-20,,769.88330078125,,
2025-11-21,,770.211669921875,,
2025-11-24,,786.8093872070312,,
2025-11-25,,798.3621215820312,,
2025-11-26,,811.9845581054688,,
2025-11-28,,821.965087890625,,
2025-12-01,,806.8599853515625,,
2025-12-02,,815.2100219726562,,
2025-12-03,,836.5700073242188,,
2025-12-04,,837.8300170898438,,
2025-12-05,,854.5599975585938,,
2025-12-08,,866.6900024414062,,
2025-12-09,,876.5800170898438,,
2025-12-10,,889.239990234375,,
2025-12-11,,911.030029296875,,
2025-12-12,,887.9600219726562,,
2025-12-15,,889.5900268554688,,
2025-12-16,,879.1500244140625,,
2025-12-17,,872.3300170898438,,
2025-12-18,,876.2999877929688,,
2025-12-19,,893.47998046875,,
2025-12-22,,899.0,,
2025-12-23,,901.7100219726562,,
2025-12-24,,910.780029296875,,
2025-12-26,,907.0399780273438,,
2025-12-29,,892.1799926757812,,
2025-12-30,,884.4199829101562,,
2025-12-31,,879.0,,
2026-01-02,,914.3400268554688,,
2026-01-05,,948.4400024414062,,
2026-01-06,,955.469970703125,,
2026-01-07,,941.02001953125,,
2026-01-08,,934.8300170898438,,
2026-01-09,,938.97998046875,,
2026-01-12,,949.5499877929688,,
2026-01-13,,938.1500244140624,,
2026-01-14,,932.6699829101562,,
2026-01-15,,975.8599853515624,,
2026-01-16,,962.0,,
2026-01-20,,943.3699951171876,,
2026-01-21,,953.010009765625,,
2026-01-22,,954.6500244140624,,
2026-01-23,,918.8800048828124,,
2026-01-26,,931.8599853515624,,
2026-01-27,,929.719970703125,,
2026-01-28,,936.8099975585938,,
2026-01-29,,940.1199951171876,,
2026-01-30,,935.4099731445312,,
2026-02-02,,946.3300170898438,,
2026-02-03,,938.989990234375,,
2026-02-04,,913.2999877929688,,
2026-02-05,,890.4099731445312,,
2026-02-06,,928.75,,
2026-02-09,,943.6199951171876,,
2026-02-10,,948.989990234375,,
2026-02-11,,944.5900268554688,,
2026-02-12,,904.5499877929688,,
2026-02-13,,905.1400146484376,,
2026-02-17,,916.0399780273438,,
2026-02-18,,933.72998046875,,
2026-02-19,,916.6500244140624,,
2026-02-20,,922.239990234375,,
2026-02-23,,892.3099975585938,,
2026-02-24,,902.27001953125,,
2026-02-25,,921.3800048828124,,
2026-02-26,,929.0,,
2026-02-27,,,,855.0700073242188
2026-03-02,,,,861.7000122070312
2026-03-03,,,,862.5800170898438
2026-03-04,,,,867.25
2026-03-05,,,,835.4600219726562
,,,2026-03-05 00:00:00,835.4600219726562
