,DGS10,WM2NS,close_CRBL.L,close_CLF,close_IXIC,INDPRO,UNRATE,1. open,2. high,3. low,4. close,close_FX_EURUSD_daily_volatility,returns,volatility,close_GCF,HOUST,PPIACO,WALCL,CPIAUCSL,close_GSPC,EFFR,close_VIX,RSXFS,close_DX-Y.NYB,PCEPI
2020-08-07,,,,,,95.9549,8.4,1.182134,1.186122,1.17554,1.181918,1.181918,0.00028321964314914036,0.00531805314636032,,1396.0,194.3,,259.316,,,,473696.0,,104.87
2020-08-14,,,,,,,,1.17729,1.182806,1.17454,1.178542,1.178542,0.00091491366847966,0.004744876746329859,,,,,,,,,,,
2020-08-21,,,,,,,,1.187406,1.1910180000000001,1.1815799999999999,1.186474,1.186474,-0.0007486162995447,0.00411112786975788,,,,,,,,,,,
2020-08-28,0.702,18305.9,,,,,,1.18166,1.187088,1.1781,1.183582,1.183582,0.0017787585703409599,0.0044112502940124605,,,,6990418.0,,,0.088,,,92.94200134277344,
2020-09-04,0.682,18425.0,,,,95.9669,7.8,1.1892679999999998,1.19273,1.1834,1.18781,1.18781,-0.00103877798461264,0.0038668141524526,,1473.0,195.5,7017492.0,259.997,,0.09,,482702.0,92.55799865722656,105.057
2020-09-11,0.6875,18560.3,,,,,,1.1810100000000001,1.186044,1.178658,1.1811019999999999,1.1811019999999999,0.00011198711835858004,0.0030354884937037396,,,,7010614.0,,,0.09,,,93.35250091552734,
2020-09-18,0.688,18644.0,,,,,,1.1840540000000002,1.18788,1.18032,1.184168,1.184168,-0.00010464241519899996,0.0024592797519787197,,,,7064475.0,,,0.09,,,93.04600067138672,
2020-09-25,0.674,18596.3,,,,,,1.172792,1.17471,1.16608,1.16863,1.16863,-0.0035530921198028793,0.00309866535866712,,,,7093161.0,,,0.09,,,94.16999969482421,
2020-10-02,0.6799999999999999,18533.7,,,,96.7394,6.9,1.1699220000000001,1.173962,1.1673,1.171646,1.171646,0.00147965924221342,0.0038668910756207596,,1543.0,196.5,7056129.0,260.319,,0.09,,480763.0,93.91799926757812,105.151
2020-10-09,0.784,18677.4,,,,,,1.17493,1.1800000000000002,1.172928,1.177176,1.177176,0.0018778495912877002,0.00380379627614674,,,,7074649.0,,,0.09,,,93.52799987792969,
2020-10-16,0.7424999999999999,18689.8,,,,,,1.176494,1.178344,1.172208,1.174596,1.174596,-0.0018677111803308798,0.0039590696660521405,,,,7151426.0,,,0.09,,,93.50399932861328,
2020-10-23,0.828,18745.3,,,,,,1.179696,1.1849440000000002,1.177492,1.182504,1.182504,0.00243690483231612,0.0037162469761442803,,,,7177265.0,,,0.09,,,92.96599884033203,
2020-10-30,0.8240000000000001,18683.2,,,,,,1.177406,1.178992,1.1716799999999998,1.1732420000000001,1.1732420000000001,-0.00361888482601664,0.0035636375033796996,,,,7146306.0,,,0.09,,,93.4800018310547,
2020-11-06,0.834,18870.9,,,,97.0816,6.7,1.171004,1.1783519999999998,1.1671559999999999,1.1744780000000001,1.1744780000000001,0.0038629806963949,0.0048884469114655205,,1543.0,198.3,7157479.0,260.911,,0.09,,478079.0,93.1540023803711,105.258
2020-11-13,0.9275,18951.0,,,,,,1.1818579999999999,1.1851340000000001,1.1786999999999999,1.181774,1.181774,-0.0006140286786959689,0.00615754280775448,,,,7175417.0,,,0.09,,,92.8480010986328,
2020-11-20,0.8699999999999999,19033.9,,,,,,1.18551,1.18855,1.18326,1.185844,1.185844,0.00032849436706976,0.0020030177750146,,,,7243080.0,,,0.086,,,92.3979995727539,
2020-11-27,0.865,19008.7,,,,,,1.18818,1.192742,1.186054,1.190364,1.190364,0.00181136479103386,0.00210602402893364,,,,7216480.0,,,0.08,,,92.13000106811523,
2020-12-04,0.9199999999999999,19088.7,,,,98.363,6.7,1.20425,1.211012,1.20182,1.207388,1.207388,0.002645481816356,0.00449879993454916,,1614.0,200.5,7222414.0,262.045,,0.09,,485949.0,91.14199981689454,105.699
2020-12-11,0.9259999999999999,19194.5,,,,,,1.211044,1.215396,1.208912,1.2117879999999999,1.2117879999999999,-0.0001324949588752,0.00381833250859664,,,,7242658.0,,,0.09,,,90.9240005493164,
2020-12-18,0.9259999999999999,19243.7,,,,,,1.217828,1.2220520000000001,1.21542,1.22025,1.22025,0.0023511943160314398,0.00218227267913398,,,,7362592.0,,,0.09,,,90.29399871826172,
2020-12-25,0.945,19297.1,,,,,,1.219824,1.223038,1.21534,1.219136,1.219136,-0.0011702138104268604,0.0037014058532588803,,,,7404039.0,,,0.09,,,90.35750198364258,
2021-01-01,0.935,19328.2,,,,98.8822,6.4,1.2230940000000001,1.227202,1.220988,1.223742,1.223742,0.0005091416753769999,0.00337936437611482,,1630.0,204.8,7363351.0,262.687,,0.09,,501604.0,89.97999954223633,106.147
2021-01-08,1.028,19399.0,,,,,,1.2275399999999999,1.231886,1.223436,1.226636,1.226636,-0.00026695234249659997,0.0039664941969720395,,,,7334809.0,,,0.09,,,89.75599975585938,
2021-01-15,1.1320000000000001,19459.6,,,,,,1.217656,1.220046,1.2117200000000001,1.214752,1.214752,-0.0020030006281524402,0.00413046998865884,,,,7333968.0,,,0.09,,,90.38600006103516,
2021-01-22,1.105,19429.7,,,,,,1.211002,1.215058,1.209,1.2127320000000001,1.2127320000000001,0.0015767645080575834,0.0039895066126934605,,,,7414942.0,,,0.08499999999999999,,,90.33499908447266,
2021-01-29,1.064,19310.4,,,,,,1.213824,1.21655,1.20896,1.213232,1.213232,-0.0005564462969664001,0.0032203602021745998,,,,7404926.0,,,0.076,,,90.45,
2021-02-05,1.1400000000000001,19414.6,,,,95.6149,6.2,1.204552,1.20735,1.19944,1.2028159999999999,1.2028159999999999,-0.0015292917105674399,0.0034291085873075595,,1404.0,210.6,7410598.0,263.579,,0.08,,488805.0,91.18199920654297,106.5
2021-02-12,1.176,19447.9,,,,,,1.208942,1.212332,1.20718,1.210552,1.210552,0.001240399823806331,0.004541106774338601,,,,7442225.0,,,0.078,,,90.52800140380859,
2021-02-19,1.3050000000000002,19554.9,,,,,,1.209638,1.213256,1.20686,1.2095179999999999,1.2095179999999999,-1.0531776340640033e-05,0.0030519094923519797,,,,7557402.0,,,0.07500000000000001,,,90.60249900817871,
2021-02-26,1.42,19564.7,,,,,,1.215058,1.219032,1.21086,1.21429,1.21429,-0.0007571307632358599,0.00354921934736368,,,,7590111.0,,,0.07,,,90.28399963378907,
2021-03-05,1.488,19651.1,,,,98.3856,6.1,1.204796,1.207066,1.19818,1.201586,1.201586,-0.0027001085050912597,0.00413958679668312,,1696.0,215.0,7557524.0,264.961,,0.07,,539607.0,91.27799987792969,107.054
2021-03-12,1.5699999999999998,19742.6,,,,,,1.1915140000000002,1.195134,1.1873,1.1921940000000002,1.1921940000000002,0.0007408318969848601,0.004753664048175401,,,,7579901.0,,,0.07,,,91.83199920654297,
2021-03-19,1.6640000000000001,19879.3,,,,,,1.1933799999999999,1.196624,1.1891399999999999,1.1924839999999999,1.1924839999999999,-0.0007895738146044398,0.00417771248905022,,,,7693506.0,,,0.07,,,91.77400054931641,
2021-03-26,1.6480000000000001,20056.0,,,,,,1.184854,1.1874600000000002,1.18094,1.18308,1.18308,-0.00186875973112756,0.00435821116048608,,,,7719622.0,,,0.07,,,92.46399841308593,
2021-04-02,1.722,20129.4,,,,98.5587,6.1,1.1754200000000001,1.177888,1.17258,1.174902,1.174902,-0.0005360531055286198,0.00320440628144916,,1495.0,217.9,7688988.0,266.614,,0.068,,542199.0,93.10000228881836,107.618
2021-04-09,1.6780000000000002,20333.8,,,,,,1.18442,1.18919,1.18228,1.187306,1.187306,0.00236924669660294,0.0030657793688346597,,,,7708882.0,,,0.07,,,92.3239990234375,
2021-04-16,1.6239999999999999,20321.8,,,,,,1.1940259999999998,1.197012,1.1919119999999999,1.195716,1.195716,0.0013669961632053799,0.0022573007112811003,,,,7793104.0,,,0.07,,,91.78199920654296,
2021-04-23,1.582,20315.9,,,,,,1.201948,1.206824,1.19924,1.204338,1.204338,0.0019039774369750601,0.00228452128736026,,,,7820948.0,,,0.07,,,91.13200073242187,
2021-04-30,1.6280000000000001,20163.1,,,,,,1.210278,1.212426,1.20566,1.208766,1.208766,-0.00127742635200638,0.0033192503643786203,,,,7780962.0,,,0.064,,,90.84400024414063,
2021-05-07,1.6019999999999999,20286.6,,,,99.4333,5.8,1.203342,1.2082,1.20068,1.20607,1.20607,0.00238610006389874,0.00471162480223612,,1589.0,224.9,7810486.0,268.383,,0.06,,536589.0,90.94599914550783,108.175
2021-05-14,1.65,20366.4,,,,,,1.211994,1.215318,1.2085940000000002,1.211522,1.211522,-0.00027846349888566,0.0050299739211046805,,,,7830663.0,,,0.06,,,90.42599945068359,
2021-05-21,1.6439999999999997,20416.4,,,,,,1.2184599999999999,1.2223700000000002,1.215132,1.219224,1.219224,0.00054948989829864,0.00446599364003818,,,,7922883.0,,,0.06,,,89.99799957275391,
2021-05-28,1.588,20248.0,,,,,,1.220548,1.2235900000000002,1.2173,1.220804,1.220804,0.0001843941506736861,0.00397291926559184,,,,7903541.0,,,0.057999999999999996,,,89.9020004272461,
2021-06-04,1.6,20295.4,,,,99.7987,5.9,1.219446,1.222244,1.21543,1.218794,1.218794,-0.00040385044808174,0.0030498504750327603,,1650.0,228.9,7935703.0,270.654,,0.06,,540152.0,90.09250068664551,108.76
2021-06-11,1.504,20431.9,,,,,,1.217536,1.220034,1.21414,1.216428,1.216428,-0.00091927475307092,0.00344290188304766,,,,7952327.0,,,0.06,,,90.15800018310547,
2021-06-18,1.512,20517.4,,,,,,1.205106,1.206882,1.19832,1.200088,1.200088,-0.004133038675894899,0.0037920766463254395,,,,8064257.0,,,0.076,,,91.26199951171876,
2021-06-25,1.502,20421.3,,,,,,1.191574,1.195516,1.1895,1.192958,1.192958,0.00124363181560272,0.00525542275748652,,,,8101945.0,,,0.1,,,91.80400085449219,
2021-07-02,1.47,20362.0,,,,100.2519,5.4,1.189272,1.1908400000000001,1.18522,1.187796,1.187796,-0.0011915921840347,0.0019358848332475399,,1597.0,231.85,8078544.0,271.903,,0.096,,528600.0,92.24000091552733,109.256
2021-07-09,1.3425,20582.9,,,,,,1.183716,1.187224,1.1808,1.183884,1.183884,0.00021660955769015888,0.00212252328363534,,,,8097773.0,,,0.1,,,92.42000007629395,
2021-07-16,1.358,20575.3,,,,,,1.1832319999999998,1.185342,1.17916,1.181742,1.181742,-0.0011676519418655602,0.0038997656219290798,,,,8201651.0,,,0.1,,,92.54000244140624,
2021-07-23,1.258,20604.4,,,,,,1.178942,1.18098,1.1755,1.178172,1.178172,-0.0006269171467851709,0.0029218419357398802,,,,8240530.0,,,0.1,,,92.86800079345703,
2021-07-30,1.264,20556.1,,,,,,1.182366,1.186196,1.179796,1.184296,1.184296,0.0017020472269002399,0.0019028888122768401,,,,8221473.0,,,0.094,,,92.28600006103515,
2021-08-06,1.224,20682.5,,,,100.0437,5.1,1.185318,1.187656,1.18238,1.183202,1.183202,-0.0018137934126969207,0.0021417767687595,,1594.0,233.415,8235073.0,272.676,,0.1,,532477.0,92.28800048828124,109.674
2021-08-13,1.338,20741.1,,,,,,1.173746,1.176384,1.171896,1.17446,1.17446,0.0005574303257060399,0.0025066174247040398,,,,8257159.0,,,0.1,,,92.89599914550782,
2021-08-20,1.258,20811.4,,,,,,1.173316,1.174972,1.169788,1.17129,1.17129,-0.001676535732408371,0.0034135019783774604,,,,8342598.0,,,0.094,,,93.19399871826172,
2021-08-27,1.308,20786.6,,,,,,1.174426,1.177426,1.172344,1.17632,1.17632,0.001663796468819,0.00299589556261586,,,,8332743.0,,,0.088,,,92.88600006103516,
2021-09-03,1.304,20818.0,,,,98.8579,4.7,1.18227,1.185948,1.18124,1.183972,1.183972,0.00153575195745712,0.0016763783156659,,1577.0,235.678,8349173.0,273.91,,0.076,,536651.0,92.4,110.034
2021-09-10,1.345,20960.3,,,,,,1.1846320000000001,1.1863119999999998,1.18202,1.1833300000000002,1.1833300000000002,-0.00120902861089892,0.0019313781489954998,,,,8357314.0,,,0.08,,,92.5575008392334,
2021-09-17,1.326,21004.8,,,,,,1.1801679999999999,1.182094,1.1766619999999999,1.178392,1.178392,-0.0014839875370672364,0.001528942983145,,,,8448770.0,,,0.08,,,92.76399993896484,
2021-09-24,1.3679999999999999,20959.2,,,,,,1.172132,1.174774,1.1695,1.1720359999999999,1.1720359999999999,-9.983247336802e-05,0.00231836846217468,,,,8489824.0,,,0.08,,,93.26599884033203,
2021-10-01,1.514,20869.3,,,,100.1861,4.5,1.165428,1.166718,1.16116,1.162946,1.162946,-0.00212148496932902,0.00292582524223236,,1579.0,240.465,8447981.0,276.55,,0.076,,545361.0,93.95599822998047,110.762
2021-10-08,1.55,21074.2,,,,,,1.15827,1.16042,1.15554,1.157788,1.157788,-0.00046408040454150085,0.00286243153093326,,,,8464032.0,,,0.08,,,94.06999969482422,
2021-10-15,1.565,21099.4,,,,,,1.156962,1.1599819999999998,1.1553,1.157588,1.157588,0.0005737419519981212,0.0025223376252889,,,,8480942.0,,,0.08,,,94.16399993896485,
2021-10-22,1.6460000000000001,21174.7,,,,,,1.1622299999999999,1.165472,1.16058,1.1631500000000001,1.1631500000000001,0.0008100802056563199,0.00225580671134652,,,,8564943.0,,,0.08,,,93.73599853515626,
2021-10-29,1.5859999999999999,21063.7,,,,,,1.1624240000000001,1.165992,1.1573600000000002,1.160912,1.160912,-0.00146565222361436,0.0029535262069127397,,,,8556181.0,,,0.078,,,93.81799926757813,
2021-11-05,1.544,21204.0,,,,100.8654,4.1,1.15821,1.160572,1.1542999999999999,1.158278,1.158278,9.209558574276e-05,0.005648559440327159,,1705.0,243.287,8574871.0,278.919,,0.08,,551082.0,94.0999984741211,111.5
2021-11-12,1.5275,21283.3,,,,,,1.153218,1.154982,1.14926,1.151028,1.151028,-0.00209785700308598,0.00431385303430748,,,,8663117.0,,,0.08,,,94.63399963378906,
2021-11-19,1.598,21347.7,,,,,,1.136468,1.138588,1.12968,1.1331099999999998,1.1331099999999998,-0.0028946816737170796,0.00430856168760652,,,,8674970.0,,,0.08,,,95.75400085449219,
2021-11-26,1.605,21377.1,,,,,,1.123504,1.127684,1.12076,1.124028,1.124028,0.0006522991631204003,0.00471257039813968,,,,8681771.0,,,0.08,,,96.4799976348877,
2021-12-03,1.434,21406.1,,,,100.5726,3.9,1.1309099999999999,1.134792,1.12702,1.1312,1.1312,-3.963100190289997e-05,0.00489124006609244,,1722.0,241.338,8650402.0,280.845,,0.078,,547277.0,96.1259994506836,112.191
2021-12-10,1.48,21549.7,,,,,,1.129716,1.13277,1.12584,1.12999,1.12999,2.3266819720640064e-05,0.00349130431540624,,,,8664524.0,,,0.08,,,96.1740005493164,
2021-12-17,1.436,21605.0,,,,,,1.129392,1.133042,1.12485,1.12796,1.12796,-0.0013556652099224998,0.0038972571028706203,,,,8756666.0,,,0.08,,,96.4020004272461,
2021-12-24,1.4675,21731.2,,,,,,1.129068,1.132698,1.126872,1.13065,1.13065,0.0014414541735869601,0.0044060001501021,,,,8790495.0,,,0.08,,,96.2849998474121,
2021-12-31,1.512,21776.1,,,,,,1.1323159999999999,1.135672,1.12918,1.133446,1.133446,0.0008459472193382801,0.0025944660129876202,,,,8757460.0,,,0.078,,,95.97199859619141,
2022-01-07,1.698,21753.5,,,,100.1856,4.0,1.131192,1.1349,1.1279,1.130918,1.130918,-0.00010805592981903995,0.0035457750488062803,,1702.0,246.453,8765721.0,282.543,,0.08,,560257.0,96.14199981689453,112.805
2022-01-14,1.75,21773.6,,,,,,1.138714,1.143064,1.13554,1.139912,1.139912,0.00088316785364662,0.00399693292554836,,,,8788278.0,,,0.08,,,95.31399993896484,
2022-01-21,1.82,21746.8,,,,,,1.135854,1.138842,1.1323599999999998,1.134462,1.134462,-0.0012026841916520999,0.0043165924064825405,,,,8867834.0,,,0.08,,,95.65500068664551,
2022-01-28,1.794,21562.8,,,,,,1.12697,1.128034,1.1206800000000001,1.12314,1.12314,-0.0034523502368804604,0.0035626390951269404,,,,8860485.0,,,0.08,,,96.57799835205078,
2022-02-04,1.826,21551.6,,,,100.8064,3.9,1.127704,1.135846,1.1259000000000001,1.13388,1.13388,0.0053768929168456995,0.00605408510727724,,1735.0,252.66,8873211.0,284.5,,0.08,,563777.0,95.94600067138671,113.471
2022-02-11,1.954,21588.9,,,,,,1.143362,1.145744,1.1381599999999998,1.1410440000000002,1.1410440000000002,-0.0017895526079192401,0.00499843817896228,,,,8878009.0,,,0.08,,,95.63200073242186,
2022-02-18,1.9899999999999998,21599.1,,,,,,1.134592,1.137936,1.13097,1.134296,1.134296,-0.00044333869738759997,0.00360201028145132,,,,8911033.0,,,0.08,,,95.98000030517578,
2022-02-25,1.9649999999999999,21602.5,,,,,,1.128898,1.134044,1.12316,1.127894,1.127894,-0.0009520472425576798,0.0036253277192035806,,,,8928129.0,,,0.08,,,96.4950008392334,
2022-03-04,1.802,21687.1,,,,101.3907,3.7,1.1130120000000001,1.1162800000000002,1.103634,1.109,1.109,-0.006130595300734979,0.00570206806471512,,1712.0,260.014,8904455.0,287.674,,0.08,,574485.0,97.59000091552734,114.469
2022-03-11,1.9120000000000001,21840.6,,,,,,1.094692,1.103016,1.08826,1.0944800000000001,1.0944800000000001,-0.00021739847234379957,0.00808959559619858,,,,8910748.0,,,0.08,,,98.79000091552736,
2022-03-18,2.164,21891.3,,,,,,1.098604,1.106336,1.095552,1.1012140000000001,1.1012140000000001,0.00256240389043552,0.008228830317243859,,,,8954306.0,,,0.18,,,98.55,
2022-03-25,2.368,21896.0,,,,,,1.101992,1.104232,1.097456,1.100588,1.100588,-0.00123298092127816,0.00410860089879406,,,,8962474.0,,,0.33,,,98.64199981689453,
2022-04-01,2.386,21883.2,,,,101.44,3.7,1.1055199999999998,1.111376,1.101604,1.106804,1.106804,0.0011998965386478201,0.00429873519975838,,1820.0,265.31,8937142.0,288.561,,0.33,,580943.0,98.44399871826172,114.812
2022-04-08,2.59,22026.4,,,,,,1.0938459999999999,1.0962299999999998,1.08856,1.090548,1.090548,-0.0031298387302227996,0.00559393283714208,,,,8937592.0,,,0.33,,,99.52200012207031,
2022-04-15,2.7600000000000002,22013.2,,,,,,1.086656,1.089672,1.08096,1.0846040000000001,1.0846040000000001,-0.00128196773722956,0.00348755900529258,,,,8965487.0,,,0.33,,,100.10499954223633,
2022-04-22,2.886,22086.8,,,,,,1.0811199999999999,1.0858240000000001,1.07802,1.0809039999999999,1.0809039999999999,-0.00019802208387036,0.0041157079649439005,,,,8955851.0,,,0.33,,,100.78600006103515,
2022-04-29,2.8280000000000003,21640.3,,,,,,1.064146,1.067336,1.0559999999999998,1.058858,1.058858,-0.00472231036002978,0.00459484622826414,,,,8939199.0,,,0.33,,,102.71600036621093,
2022-05-06,3.012,21646.8,,,,101.3335,3.6,1.054728,1.060356,1.0491199999999998,1.054794,1.054794,0.0002069428825779996,0.00561356604868884,,1531.0,273.251,8939972.0,291.298,,0.53,,579844.0,103.44199981689454,115.525
2022-05-13,2.944,21584.1,,,,,,1.05038,1.054074,1.04436,1.047766,1.047766,-0.0026335005013691003,0.00583703792293178,,,,8942008.0,,,0.8299999999999998,,,104.16599884033204,
2022-05-20,2.8739999999999997,21616.8,,,,,,1.04854,1.055382,1.04522,1.051732,1.051732,0.0028556308006832997,0.007764194791786899,,,,8945898.0,,,0.8299999999999998,,,103.44600067138671,
2022-05-27,2.772,21572.8,,,,,,1.0677480000000001,1.073634,1.064242,1.071224,1.071224,0.0032469708022800996,0.00769742761272362,,,,8914281.0,,,0.8299999999999998,,,101.9,
2022-06-03,2.9175,21558.8,,,,101.018,3.6,1.0727440000000001,1.0765259999999999,1.06742,1.072526,1.072526,-0.0002191152618603198,0.005670837794762721,,1551.0,280.251,8915050.0,294.957,,0.83,,585556.0,102.05249977111816,116.638
2022-06-10,3.048,21657.6,,,,,,1.069052,1.072616,1.0623,1.0649359999999999,1.0649359999999999,-0.00382439663126228,0.00573628285508702,,,,8918254.0,,,0.8299999999999998,,,102.93400115966797,
2022-06-17,3.3560000000000003,21632.6,,,,,,1.046712,1.053498,1.0394400000000001,1.046326,1.046326,-0.0002984218667193601,0.0064179106031748605,,,,8932420.0,,,1.1300000000000001,,,104.81799926757813,
2022-06-24,3.1725,21590.0,,,,,,1.052308,1.0577320000000001,1.04874,1.05368,1.05368,0.0010681121151252999,0.00580636117456758,,,,8934346.0,,,1.58,,,104.31500053405762,
2022-07-01,3.072,21564.3,,,,101.223,3.5,1.051528,1.054552,1.04458,1.048958,1.048958,-0.00238825753679268,0.00435427270743386,,1381.0,272.274,8913553.0,294.913,,1.58,,579267.0,104.6780014038086,116.631
2022-07-08,2.9625,21659.9,,,,,,1.028994,1.032008,1.02042,1.02424,1.02424,-0.00472443995751664,0.00596012683149116,,,,8891851.0,,,1.58,,,106.93499946594238,
2022-07-15,2.95,21625.7,,,,,,1.006556,1.010724,0.99962,1.004578,1.004578,-0.0019210881086512796,0.006764107975708961,,,,8895867.0,,,1.58,,,108.12999877929687,
2022-07-22,2.9379999999999997,21603.3,,,,,,1.017264,1.02554,1.0126000000000002,1.019716,1.019716,0.0024921218715047,0.006074236413922,,,,8899213.0,,,1.58,,,106.9540023803711,
2022-07-29,2.75,21557.4,,,,,,1.01903,1.0243559999999998,1.01268,1.019144,1.019144,0.00030725729615657974,0.005899073804679999,,,,8890004.0,,,1.8780000000000001,,,106.4740005493164,
2022-08-05,2.718,21627.3,,,,101.0963,3.6,1.02111,1.025712,1.015598,1.0203200000000001,1.0203200000000001,-0.0008392109471310999,0.00613826186023888,,1531.0,269.546,8874620.0,295.097,,2.33,,581196.0,106.1020004272461,116.956
2022-08-12,2.812,21619.8,,,,,,1.0241,1.0306000000000002,1.0211000000000001,1.0256560000000001,1.0256560000000001,0.0015183679297319599,0.00572037310198242,,,,8879138.0,,,2.33,,,105.74599914550781,
2022-08-19,2.872,21628.4,,,,,,1.016994,1.019094,1.01054,1.012476,1.012476,-0.0043958893032997,0.005883157289479341,,,,8849762.0,,,2.33,,,107.05400085449219,
2022-08-26,3.052,21575.3,,,,,,0.997832,1.003752,0.99246,0.996308,0.996308,-0.0014510149450343956,0.0048649144640861,,,,8851436.0,,,2.33,,,108.72400207519532,
2022-09-02,3.168,21509.4,,,,101.2918,3.5,0.99931,1.005028,0.99426,0.9991299999999999,0.9991299999999999,-0.00020662703730928004,0.004107872727804119,,1488.0,267.898,8826093.0,296.349,,2.33,,579446.0,109.10599822998047,117.371
2022-09-09,3.305,21578.2,,,,,,0.995148,1.001696,0.99071,0.9975419999999999,0.9975419999999999,0.00179489363406994,0.00586078073236532,,,,8822401.0,,,2.33,,,109.68999862670898,
2022-09-16,3.4200000000000004,21575.2,,,,,,1.00299,1.009272,0.997412,1.001446,1.001446,-0.00044796342468182,0.00756816773640714,,,,8832759.0,,,2.33,,,109.46200103759766,
2022-09-23,3.592,21519.2,,,,,,0.9936640000000001,0.996302,0.98386,0.987078,0.987078,-0.0065551987646051205,0.00703724789385002,,,,8816802.0,,,2.63,,,111.02799987792969,
2022-09-30,3.832,21397.3,,,,,,0.968568,0.9761900000000001,0.960202,0.9710660000000001,0.9710660000000001,0.00229941800100074,0.00871228632595544,,,,8795567.0,,,3.08,,,113.03600006103515,
2022-10-07,3.754,21470.0,,,,101.2529,3.6,0.985538,0.9916539999999999,0.977872,0.984404,0.984404,-0.0011652060503736003,0.00978398800049074,,1435.0,265.061,8759053.0,298.007,,3.08,,585006.0,111.59000091552734,117.919
2022-10-14,3.9525,21438.9,,,,,,0.972484,0.9775499999999999,0.967,0.9721080000000001,0.9721080000000001,-0.0004415251267851,0.007719911442922481,,,,8758969.0,,,3.08,,,113.06999969482422,
2022-10-21,4.124,21472.5,,,,,,0.9796060000000001,0.986298,0.9747859999999999,0.9823739999999999,0.9823739999999999,0.0029316126423280403,0.00715709387246226,,,,8743922.0,,,3.08,,,112.40800018310547,
2022-10-28,4.074,21332.7,,,,,,0.995312,1.00113,0.9894719999999999,0.9968400000000001,0.9968400000000001,0.0020939208294871,0.00770547630607632,,,,8723090.0,,,3.08,,,110.77999725341797,
2022-11-04,4.116,21383.6,,,,100.9552,3.6,0.9856400000000001,0.994044,0.980022,0.985534,0.985534,-3.7466200950619924e-05,0.00892072256921498,,1424.0,263.157,8676870.0,298.786,,3.38,,576356.0,111.63399963378906,118.224
2022-11-11,4.075,21426.5,,,,,,1.0041879999999999,1.016102,0.999136,1.0132780000000001,1.0132780000000001,0.007862633243679121,0.01094483146275696,,,,8678886.0,,,3.83,,,108.95800170898437,
2022-11-18,3.7879999999999994,21426.7,,,,,,1.0352919999999999,1.041628,1.029794,1.035056,1.035056,-0.0005806904896321401,0.0095474276143132,,,,8625620.0,,,3.8299999999999996,,,106.59200134277344,
2022-11-25,3.745,21433.3,,,,,,1.0333700000000001,1.0384879999999999,1.029696,1.034864,1.034864,0.0013987901100318198,0.00607136601620814,,,,8621390.0,,,3.83,,,106.77499961853027,
2022-12-02,3.632,21393.0,,,,99.7664,3.5,1.039346,1.047984,1.0350139999999999,1.042582,1.042582,0.00265020058038114,0.005899344559362319,,1308.0,257.897,8584576.0,298.832,,3.8299999999999996,,569119.0,105.74600067138672,118.384
2022-12-09,3.5159999999999996,21461.1,,,,,,1.050904,1.0566119999999999,1.047316,1.05085,1.05085,1.3947079118180068e-05,0.00583398638657402,,,,8582735.0,,,3.8299999999999996,,,105.10999908447266,
2022-12-16,3.5060000000000002,21456.6,,,,,,1.06003,1.066962,1.056414,1.061228,1.061228,0.00098065954801112,0.00442197902933392,,,,8583413.0,,,4.029999999999999,,,104.42799835205078,
2022-12-23,3.6719999999999997,21469.1,,,,,,1.060306,1.065088,1.0579399999999999,1.0609359999999999,1.0609359999999999,0.0006297282219391799,0.0042683787861063595,,,,8564411.0,,,4.33,,,104.31800079345703,
2022-12-30,3.8575,21440.7,,,,,,1.0630600000000001,1.0676999999999999,1.061126,1.064932,1.064932,0.0016050800734332398,0.0021386160594954197,,,,8551169.0,,,4.33,,,103.99999809265137,
2023-01-06,3.685,21407.8,,,,100.505,3.5,1.060716,1.066142,1.05399,1.0595240000000001,1.0595240000000001,-0.0011107401688811396,0.005822119815448961,,1361.0,260.227,8507429.0,300.42,,4.33,,591964.0,104.42249870300293,119.018
2023-01-13,3.5200000000000005,21460.4,,,,,,1.074166,1.080652,1.071564,1.078008,1.078008,0.0035347831044068995,0.007754368583738,,,,8508587.0,,,4.33,,,102.7759994506836,
2023-01-20,3.4425,21371.7,,,,,,1.081296,1.0866060000000002,1.0784,1.081744,1.081744,0.0004582749537575,0.00445947223097072,,,,8489039.0,,,4.33,,,102.20499992370605,
2023-01-27,3.4899999999999998,21227.2,,,,,,1.088596,1.091558,1.0843599999999998,1.08857,1.08857,0.00018640522608708005,0.00214245586216906,,,,8470557.0,,,4.33,,,101.89399871826171,
2023-02-03,3.478,21136.1,,,,100.6416,3.6,1.089436,1.09525,1.08326,1.088054,1.088054,-0.0012988293858500002,0.00445986743702182,,1399.0,258.669,8433610.0,301.45,,4.43,,586165.0,102.05399932861329,119.369
2023-02-10,3.668,21205.0,,,,,,1.0735540000000001,1.07739,1.0690899999999999,1.0715119999999998,1.0715119999999998,-0.002180750691803471,0.00685235150275002,,,,8435369.0,,,4.578,,,103.46200103759766,
2023-02-17,3.7960000000000003,21138.4,,,,,,1.0699480000000001,1.073988,1.0656599999999998,1.070214,1.070214,0.00033223405803942,0.00417928644890464,,,,8384767.0,,,4.58,,,103.64400024414063,
2023-02-24,3.9275,21129.8,,,,,,1.0642939999999999,1.066166,1.0602800000000001,1.061458,1.061458,-0.00280485026470296,0.00280602534888082,,,,8382190.0,,,4.58,,,104.64499855041504,
2023-03-03,3.9799999999999995,21127.8,,,,101.0205,3.5,1.059814,1.065372,1.0565799999999999,1.061582,1.061582,0.0017174915878660397,0.0049124159342035,,1377.0,257.062,8339684.0,301.821,,4.572,,578812.0,104.71399993896485,119.538
2023-03-10,3.9120000000000004,21175.5,,,,,,1.059472,1.065088,1.055954,1.059778,1.059778,0.00011516376004822009,0.0068680222341523794,,,,8342283.0,,,4.57,,,105.10400085449218,
2023-03-17,3.53,21171.0,,,,,,1.066858,1.071582,1.0599500000000002,1.066212,1.066212,0.0005044177817051598,0.007381460675080919,,,,8639300.0,,,4.58,,,103.99599914550781,
2023-03-24,3.46,21032.3,,,,,,1.077238,1.08401,1.07246,1.07871,1.07871,0.00178885300535786,0.0070892793361783,,,,8733787.0,,,4.68,,,102.90800018310547,
2023-03-31,3.536,20906.3,,,,,,1.0829039999999999,1.0874380000000001,1.0802340000000001,1.084376,1.084376,0.0014788975686005203,0.00513108050091338,,,,8705942.0,,,4.83,,,102.51600036621093,
2023-04-07,3.354,20969.6,,,,101.253,3.4,1.0904260000000001,1.094422,1.086338,1.091586,1.091586,0.00117269761070882,0.00492361651423384,,1354.0,256.908,8632384.0,302.845,,4.83,,583874.0,101.83749771118164,119.951
2023-04-14,3.444,21062.9,,,,,,1.09412,1.099786,1.090844,1.095912,1.095912,0.0016511030646780597,0.00459775018673908,,,,8614797.0,,,4.83,,,101.76800079345703,
2023-04-21,3.5780000000000003,20983.4,,,,,,1.0962159999999999,1.099002,1.09228,1.09611,1.09611,-4.8609629043660024e-05,0.0051301292105094395,,,,8593263.0,,,4.83,,,101.89599914550782,
2023-04-28,3.464,20699.3,,,,,,1.101358,1.1064219999999998,1.09694,1.101938,1.101938,0.00048326044498601993,0.004324192790109279,,,,8562768.0,,,4.83,,,101.56999969482422,
2023-05-05,3.444,20661.5,,,,100.9286,3.6,1.101332,1.105492,1.09713,1.101312,1.101312,6.846116834536013e-05,0.004246121882840339,,1584.0,253.67,8503994.0,303.334,,4.93,,586286.0,101.61199951171875,120.15
2023-05-12,3.4659999999999997,20726.2,,,,,,1.097504,1.099966,1.092476,1.094034,1.094034,-0.00310692603743146,0.00371079193786066,,,,8503017.0,,,5.08,,,101.84600067138672,
2023-05-19,3.592,20721.3,,,,,,1.083946,1.086922,1.080444,1.0829179999999998,1.0829179999999998,-0.0008271632177042,0.0038645133522775396,,,,8456760.0,,,5.08,,,102.92999877929688,
2023-05-26,3.7560000000000002,20702.2,,,,,,1.077346,1.0793659999999998,1.074142,1.07573,1.07573,-0.0014266102484745001,0.00326988615311402,,,,8436255.0,,,5.08,,,103.7999984741211,
2023-06-02,3.6574999999999998,20761.6,,,,100.1196,3.6,1.07213,1.07547,1.06748,1.071852,1.071852,-0.0003447080413194999,0.0028481060008727203,,1421.0,253.86,8385854.0,304.014,,5.08,,588670.0,104.01749801635742,120.469
2023-06-09,3.732,20863.3,,,,,,1.0718260000000002,1.075348,1.06886,1.07259,1.07259,0.0007532930807888199,0.0044330204683383405,,,,8389325.0,,,5.08,,,103.82599792480468,
2023-06-16,3.778,20790.1,,,,,,1.081256,1.08802,1.079628,1.085154,1.085154,0.003593082693111,0.00410928082542664,,,,8388323.0,,,5.078,,,102.88000030517578,
2023-06-23,3.75,20759.5,,,,,,1.094308,1.097082,1.089852,1.0933540000000002,1.0933540000000002,-0.0008914162894456598,0.00457272704917786,,,,8362060.0,,,5.07,,,102.47500038146973,
2023-06-30,3.772,20688.4,,,,,,1.09085,1.094656,1.087618,1.090958,1.090958,0.00030925200559198,0.00435784968779742,,,,8340914.0,,,5.072,,,102.86800079345703,
2023-07-07,3.9799999999999995,20788.4,,,,100.9067,3.5,1.0887980000000002,1.09264,1.085896,1.089912,1.089912,0.00104226581367598,0.00397759978012694,,1460.0,253.835,8298312.0,304.609,,5.08,,589257.0,102.94999885559082,120.607
2023-07-14,3.8899999999999997,20799.2,,,,,,1.106436,1.112846,1.105064,1.1116540000000001,1.1116540000000001,0.0047509843353916005,0.00417566420084698,,,,8296923.0,,,5.078,,,100.78000030517578,
2023-07-21,3.81,20791.1,,,,,,1.1205260000000001,1.1227800000000001,1.116192,1.11842,1.11842,-0.00181938544028586,0.00493068898899154,,,,8274552.0,,,5.08,,,100.4019989013672,
2023-07-28,3.9200000000000004,20678.7,,,,,,1.10628,1.110758,1.100506,1.103948,1.103948,-0.00196882735238452,0.0034925613871695203,,,,8243344.0,,,5.18,,,101.39599914550782,
2023-08-04,4.07,20721.5,,,,100.8393,3.7,1.098358,1.101768,1.0940999999999999,1.09817,1.09817,-0.00012732059055954,0.0051213271437378,,1317.0,257.68,8206764.0,306.082,,5.33,,595191.0,102.26199951171876,120.97
2023-08-11,4.072,20776.3,,,,,,1.098522,1.101812,1.094996,1.0971199999999999,1.0971199999999999,-0.00115538188488346,0.00401106819282836,,,,8208241.0,,,5.33,,,102.48599853515626,
2023-08-18,4.248,20756.5,,,,,,1.090066,1.09319,1.0868600000000002,1.088522,1.088522,-0.00132753004249406,0.0024138950560215,,,,8145727.0,,,5.33,,,103.32799987792968,
2023-08-25,4.2700000000000005,20696.3,,,,,,1.0857620000000001,1.088684,1.08142,1.084126,1.084126,-0.00143681998011188,0.00242237320236634,,,,8139066.0,,,5.33,,,103.66200103759766,
2023-09-01,4.142,20669.0,,,,101.0211,3.7,1.08514,1.089642,1.080706,1.0846959999999999,1.0846959999999999,-0.00035057939249084,0.0041717632592528,,1371.0,258.934,8121316.0,307.276,,5.33,,598956.0,103.7260009765625,121.419
2023-09-08,4.2749999999999995,20754.1,,,,,,1.074222,1.0766459999999998,1.07115,1.072682,1.072682,-0.001378772812888456,0.00489989754963766,,,,8101318.0,,,5.33,,,104.95499801635742,
2023-09-15,4.286,20754.0,,,,,,1.071888,1.07467,1.067736,1.070764,1.070764,-0.0007279711642775199,0.0038525682756516398,,,,8098779.0,,,5.33,,,104.95599975585938,
2023-09-22,4.394,20724.7,,,,,,1.0671,1.06998,1.064124,1.066724,1.066724,-0.00030644266115086,0.00385725829566022,,,,8024090.0,,,5.33,,,105.3,
2023-09-29,4.58,20620.3,,,,,,1.057496,1.06069,1.053468,1.056032,1.056032,-0.0013536300060765997,0.00289419571009554,,,,8002064.0,,,5.33,,,106.25800018310547,
2023-10-06,4.746,20719.0,,,,100.4689,3.9,1.0513059999999999,1.055388,1.04712,1.051664,1.051664,0.00029208225255204025,0.0049794550381888,,1368.0,255.192,7955782.0,307.696,,5.33,,595517.0,106.61400146484375,121.484
2023-10-13,4.6425,20714.8,,,,,,1.057472,1.0605419999999999,1.05345,1.05648,1.05648,-0.0015340008528264,0.00426220631113394,,,,7952054.0,,,5.33,,,106.19000091552735,
2023-10-20,4.872,20765.4,,,,,,1.05542,1.059438,1.0532240000000002,1.056844,1.056844,0.00168788383338326,0.00475355192921912,,,,7933162.0,,,5.33,,,106.29400024414062,
2023-10-27,4.868,20604.1,,,,,,1.0595560000000002,1.0629000000000002,1.055482,1.0589119999999999,1.0589119999999999,-0.0006038545293496323,0.004647713600725941,,,,7907830.0,,,5.33,,,106.2999984741211,
2023-11-03,4.754,20599.2,,,,100.8639,3.7,1.058822,1.065898,1.056036,1.062144,1.062144,0.00320175907595232,0.0043443312142581,,1514.0,252.856,7866664.0,308.148,,5.33,,593567.0,106.16000061035156,121.493
2023-11-10,4.593999999999999,20713.3,,,,,,1.070302,1.072256,1.0670899999999999,1.06956,1.06956,-0.00084198629535382,0.00486834855038756,,,,7860691.0,,,5.33,,,105.6240005493164,
2023-11-17,4.498,20714.5,,,,,,1.079086,1.0858,1.076864,1.083794,1.083794,0.0042734807190686,0.006437219299828679,,,,7814991.0,,,5.33,,,104.47000122070312,
2023-11-24,4.43,20765.6,,,,,,1.0909520000000001,1.094378,1.088504,1.091578,1.091578,0.00042199042715861996,0.0052422511359067,,,,7810814.0,,,5.33,,,103.59499931335449,
2023-12-01,4.318,20755.9,,,,100.6031,3.8,1.094774,1.097644,1.090532,1.093658,1.093658,-0.0009987171967079799,0.00314261506026942,,1521.0,249.866,7796145.0,308.741,,5.33,,594256.0,103.097998046875,121.66
2023-12-08,4.1899999999999995,20858.3,,,,,,1.081258,1.0833059999999999,1.076356,1.079022,1.079022,-0.0022306878122190397,0.0035436661044863198,,,,7737385.0,,,5.33,,,103.8780014038086,
2023-12-15,4.0600000000000005,20851.6,,,,,,1.083596,1.090334,1.0805960000000001,1.086336,1.086336,0.00245364015242148,0.00427583894164234,,,,7739566.0,,,5.33,,,103.07000122070312,
2023-12-22,3.906,20924.8,,,,,,1.095014,1.09911,1.0932739999999999,1.097344,1.097344,0.002178411841139565,0.006638540519629881,,,,7724063.0,,,5.33,,,102.12599945068361,
2023-12-29,3.85,20950.5,,,,,,1.10465,1.10823,1.102314,1.105016,1.105016,0.00048514830825078,0.0041166738256891,,,,7712781.0,,,5.33,,,101.25500106811523,
2024-01-05,3.975,20933.1,,,,99.2223,3.7,1.0978020000000002,1.100548,1.093114,1.09582,1.09582,-0.0017778675307120798,0.004286847655163279,,1381.0,251.306,7681024.0,309.698,,5.33,,588944.0,102.37249946594238,122.23
2024-01-12,4.002,20959.6,,,,,,1.095356,1.0981020000000001,1.0924140000000002,1.09547,1.09547,0.00016858933607352767,0.0031792291656472195,,,,7686710.0,,,5.33,,,102.36600036621094,
2024-01-19,4.115,20945.2,,,,,,1.09064,1.092164,1.087022,1.089566,1.089566,-0.0009527829676000798,0.0028777089056200396,,,,7673741.0,,,5.33,,,103.40999984741211,
2024-01-26,4.144,20815.4,,,,,,1.087106,1.090904,1.083624,1.086348,1.086348,-0.0008211002445284801,0.00266192338822256,,,,7677230.0,,,5.33,,,103.44600067138671,
2024-02-02,4.006,20762.2,,,,100.285,3.9,1.08418,1.087344,1.079238,1.083034,1.083034,-0.00121594790649208,0.00279999046912882,,1552.0,254.926,7630124.0,310.967,,5.33,,593206.0,103.45,122.598
2024-02-09,4.134,20889.3,,,,,,1.076558,1.078328,1.073946,1.076554,1.076554,-4.989710433730006e-05,0.00419795093846176,,,,7631300.0,,,5.33,,,104.18000030517578,
2024-02-16,4.258,20811.2,,,,,,1.075068,1.078212,1.072092,1.0750499999999998,1.0750499999999998,-0.00012791317652979995,0.0030448526552158,,,,7633874.0,,,5.33,,,104.48600006103516,
2024-02-23,4.295,20822.6,,,,,,1.0799340000000002,1.083614,1.078538,1.080912,1.080912,0.00081406323551858,0.00253580582189406,,,,7581683.0,,,5.33,,,103.99750137329102,
2024-03-01,4.26,20811.7,,,,100.4575,3.9,1.083338,1.085446,1.080706,1.083488,1.083488,0.00033517461550094,0.00162851071698258,,1312.0,255.095,7567807.0,312.345,,5.33,,595969.0,103.93200225830078,123.038
2024-03-08,4.128,20979.0,,,,,,1.08792,1.0917819999999998,1.086056,1.089898,1.089898,0.0018649309675922514,0.00245144305486188,,,,7538857.0,,,5.33,,,103.31200103759765,
2024-03-15,4.21,21030.4,,,,,,1.092494,1.094208,1.08978,1.0914139999999999,1.0914139999999999,-0.0009344772365709288,0.0027433437406025997,,,,7541969.0,,,5.33,,,103.08200073242188,
2024-03-22,4.279999999999999,21108.9,,,,,,1.0881399999999999,1.090328,1.083858,1.086472,1.086472,-0.0015016422014632199,0.0032083059218345,,,,7514348.0,,,5.33,,,103.84600067138672,
2024-03-29,4.2225,21062.0,,,,,,1.081812,1.0835620000000001,1.0795759999999999,1.0814460000000001,1.0814460000000001,-0.0002758224213442997,0.0037500424290874993,,,,7484739.0,,,5.33,,,104.35500144958496,
2024-04-05,4.35,21237.0,,,,100.2434,3.9,1.079558,1.082792,1.0768280000000001,1.080476,1.080476,0.0008566719149448,0.0031758229738267202,,1385.0,256.978,7439558.0,313.023,,5.33,,595676.0,104.50200042724609,123.341
2024-04-12,4.478,21218.9,,,,,,1.080446,1.08201,1.0743500000000001,1.076492,1.076492,-0.0036601882754755803,0.00420620484888062,,,,7438176.0,,,5.33,,,104.97200012207031,
2024-04-19,4.63,21220.0,,,,,,1.06377,1.067318,1.061562,1.0641,1.0641,0.00026870662781312,0.00477099922625742,,,,7405506.0,,,5.33,,,106.14400024414063,
2024-04-26,4.65,20955.0,,,,,,1.068696,1.071782,1.0658239999999999,1.069404,1.069404,0.00074635910673538,0.00316492047256726,,,,7402434.0,,,5.33,,,105.83400115966796,
2024-05-03,4.606,20871.7,,,,100.863,3.9,1.070348,1.074888,1.0679539999999998,1.071662,1.071662,0.0012867594312041598,0.00332674792206998,,1316.0,255.313,7362474.0,313.175,,5.33,,600372.0,105.5780014038086,123.348
2024-05-10,4.478,20956.4,,,,,,1.076296,1.078208,1.07439,1.076446,1.076446,0.00015924854975880002,0.00267243051056982,,,,7353408.0,,,5.33,,,105.31000213623047,
2024-05-17,4.418,20910.4,,,,,,1.082522,1.085842,1.0806879999999999,1.084416,1.084416,0.0018167950451652998,0.0024023458006043,,,,7304272.0,,,5.33,,,104.6979995727539,
2024-05-24,4.442,20940.2,,,,,,1.0844179999999999,1.086836,1.082442,1.083934,1.083934,-0.00041086078417686004,0.00262352683571014,,,,7299566.0,,,5.33,,,104.80000152587891,
2024-05-31,4.5525,20888.2,,,,,,1.08389,1.086886,1.08185,1.0838839999999998,1.0838839999999998,3.4957801119552164e-06,0.00234108775567392,,,,7284319.0,,,5.33,,,104.77499961853027,
2024-06-07,4.348000000000001,21034.2,,,,100.894,4.1,1.08772,1.09032,1.0839919999999998,1.086814,1.086814,-0.00082118449115658,0.00352921448638696,,1327.0,255.914,7255687.0,313.044,,5.33,,599979.0,104.30199890136718,123.539
2024-06-14,4.322,21065.6,,,,,,1.076586,1.079376,1.0716800000000002,1.075172,1.075172,-0.0018024679524813202,0.00459091176775568,,,,7258974.0,,,5.33,,,105.15600128173828,
2024-06-21,4.25,21082.5,,,,,,1.07248,1.0744500000000001,1.06981,1.072206,1.072206,-0.0002126790640355599,0.00428573187035814,,,,7252542.0,,,5.33,,,105.49250030517578,
2024-06-28,4.290000000000001,20988.1,,,,,,1.070406,1.073198,1.0680260000000001,1.0708280000000001,1.0708280000000001,0.00038096015642283986,0.00277051030584542,,,,7231163.0,,,5.33,,,105.78200225830078,
2024-07-05,4.3875,21028.3,,,,99.9757,4.2,1.076352,1.079944,1.074908,1.07833,1.07833,0.00233851436242772,0.00218976487182914,,1265.0,257.321,7221520.0,313.569,,5.33,,605814.0,105.47500038146973,123.736
2024-07-12,4.248,21096.5,,,,,,1.083018,1.086404,1.082356,1.084766,1.084766,0.0012612765763313602,0.00187230644121454,,,,7224079.0,,,5.33,,,104.74200134277343,
2024-07-19,4.202,21082.5,,,,,,1.090336,1.09238,1.088346,1.090196,1.090196,-0.00042291540174898,0.00240421546885952,,,,7208247.0,,,5.33,,,104.15599975585937,
2024-07-26,4.252,21015.8,,,,,,1.0862260000000001,1.088096,1.084224,1.08566,1.08566,-0.0004990696943885,0.0024498913987466,,,,7205455.0,,,5.33,,,104.36599884033203,
2024-08-02,4.04,20986.0,,,,100.4309,4.2,1.082176,1.086352,1.07922,1.08326,1.08326,0.00102140265580458,0.0024036931509737397,,1391.0,255.463,7178391.0,314.062,,5.33,,603601.0,104.16799926757812,123.889
2024-08-09,3.914,21151.9,,,,,,1.092792,1.095704,1.089814,1.092704,1.092704,9.368626683654003e-05,0.0049271626627221,,,,7175256.0,,,5.33,,,103.04199981689453,
2024-08-16,3.878,21130.9,,,,,,1.096482,1.100226,1.094566,1.098908,1.098908,0.0020235035277025,0.0033292285345787,,,,7177688.0,,,5.33,,,102.74199981689453,
2024-08-23,3.8280000000000003,21144.9,,,,,,1.1099219999999999,1.1151360000000001,1.107902,1.1132360000000001,1.1132360000000001,0.00299988207017514,0.00392888458867786,,,,7139952.0,,,5.33,,,101.32000122070312,
2024-08-30,3.854,21089.3,,,,,,1.114602,1.11624,1.110068,1.1117219999999999,1.1117219999999999,-0.0025980522100348797,0.00430941911143388,,,,7123238.0,,,5.33,,,101.10599822998047,
2024-09-06,3.765,21189.8,,,,99.8084,4.1,1.107048,1.11042,1.1049099999999998,1.107764,1.107764,0.00066290862596612,0.0034591941939905195,,1357.0,252.682,7112567.0,314.732,,5.33,,608774.0,101.3700008392334,124.164
2024-09-13,3.668,21276.2,,,,,,1.104482,1.107458,1.102496,1.1042939999999999,1.1042939999999999,-0.0001627806644767067,0.00306996070406646,,,,7115001.0,,,5.33,,,101.46800079345704,
2024-09-20,3.688,21253.9,,,,,,1.11189,1.1166740000000002,1.109704,1.113646,1.113646,0.0015877009925362186,0.00325522183794238,,,,7109137.0,,,5.13,,,100.71600036621093,
2024-09-27,3.7640000000000002,21151.8,,,,,,1.115176,1.11909,1.11114,1.1151620000000002,1.1151620000000002,-3.614163255939934e-06,0.0038781338426936997,,,,7080059.0,,,4.83,,,100.63799896240235,
2024-10-04,3.8340000000000005,21198.4,,,,99.4695,4.1,1.1088280000000001,1.110486,1.103,1.105118,1.105118,-0.00337363250277426,0.0037882945678873203,,1352.0,253.081,7046925.0,315.631,,4.83,,612772.0,101.63199920654297,124.494
2024-10-11,4.0600000000000005,21284.2,,,,,,1.095914,1.097472,1.09352,1.095232,1.095232,-0.000703516334872364,0.0022620878175898798,,,,7046840.0,,,4.83,,,102.78000030517578,
2024-10-18,4.055,21256.1,,,,,,1.0885,1.0899560000000001,1.085164,1.087148,1.087148,-0.00128653735044312,0.0017176641274955402,,,,7039284.0,,,4.83,,,103.49400024414062,
2024-10-25,4.218,21253.2,,,,,,1.081786,1.083722,1.0785360000000002,1.0803340000000001,1.0803340000000001,-0.00132442977921534,0.00276143798417208,,,,7029408.0,,,4.83,,,104.16800079345703,
2024-11-01,4.3,21221.9,,,,99.2925,4.2,1.083216,1.08638,1.0806660000000001,1.084006,1.084006,0.0007627240670149167,0.00306050737358034,,1295.0,253.211,7013490.0,316.528,,4.83,,616344.0,104.16999969482421,124.637
2024-11-08,4.319999999999999,21394.8,,,,,,1.08419,1.0883559999999999,1.0764559999999999,1.0810879999999998,1.0810879999999998,-0.00209940333760878,0.00654975043609934,,,,6994299.0,,,4.779999999999999,,,104.38199920654297,
2024-11-15,4.4325,21437.6,,,,,,1.061446,1.064412,1.055802,1.0581099999999999,1.0581099999999999,-0.00335572784283854,0.00784868460522328,,,,6967108.0,,,4.58,,,106.28000030517578,
2024-11-22,4.412,21478.3,,,,,,1.05473,1.057426,1.047034,1.0525579999999999,1.0525579999999999,-0.00227971806030088,0.0042255194688940794,,,,6923731.0,,,4.58,,,106.72599945068359,
2024-11-29,4.25,21406.2,,,,,,1.051578,1.0566,1.048308,1.053436,1.053436,0.0029743522845849,0.00557584486988458,,,,6905140.0,,,4.58,,,106.41250038146973,
2024-12-06,4.186,21533.2,,,,100.3273,4.1,1.05328,1.057456,1.0492000000000001,1.053332,1.053332,-0.0001312845498926199,0.0049713194310620195,,1514.0,253.423,6895827.0,317.604,,4.58,,621803.0,106.16799926757812,124.979
2024-12-13,4.279999999999999,21572.8,,,,,,1.051884,1.055142,1.0485099999999998,1.050878,1.050878,-0.00124210724932118,0.0038512501918869604,,,,6897485.0,,,4.58,,,106.64400024414063,
2024-12-20,4.476,21610.7,,,,,,1.043994,1.0488300000000002,1.039698,1.04276,1.04276,-0.0014553129327841599,0.004250614606626619,,,,6889332.0,,,4.4799999999999995,,,107.5760009765625,
2024-12-27,4.595,21644.3,,,,,,1.0410220000000001,1.042826,1.039136,1.0410540000000001,1.0410540000000001,-8.815380098820057e-06,0.00532258537669692,,,,6885963.0,,,4.33,,,108.10750007629395,
2025-01-03,4.575,21660.4,,,,100.0647,4.0,1.036186,1.038548,1.030868,1.0335899999999998,1.0335899999999998,-0.002250812726665823,0.00309480893362118,,1358.0,257.36,6852491.0,318.961,,4.33,,615973.0,108.73999786376953,125.417
2025-01-10,4.682,21669.8,,,,,,1.0329380000000001,1.03724,1.028032,1.0318,1.0318,-0.0012059856951415998,0.00574342204402428,,,,6853554.0,,,4.33,,,108.94400024414062,
2025-01-17,4.69,21663.1,,,,,,1.027456,1.031174,1.023992,1.0281559999999998,1.0281559999999998,0.0005316042595025284,0.00424501328978714,,,,6834070.0,,,4.33,,,109.32599792480468,
2025-01-24,4.6125,21584.0,,,,,,1.0389979999999999,1.0457040000000002,1.035848,1.04235,1.04235,0.00428203009210032,0.006148205523126561,,,,6831760.0,,,4.33,,,107.93000030517578,
2025-01-31,4.546,21477.4,,,,,,1.0441600000000002,1.047442,1.0396940000000001,1.0417960000000002,1.0417960000000002,-0.0025211290608115654,0.00503816465983748,,,,6818186.0,,,4.33,,,107.8760009765625,
2025-02-07,4.486,21503.3,,,,101.0993,4.2,1.034734,1.0399639999999999,1.03017,1.0366440000000001,1.0366440000000001,-0.0006559994784138,0.0031765991637374607,,1490.0,259.498,6810935.0,319.679,,4.33,,616714.0,108.0520004272461,125.921
2025-02-14,4.532,21497.8,,,,,,1.035992,1.0425799999999998,1.034176,1.04009,1.04009,0.0031866661558994,0.00394056395139102,,,,6813513.0,,,4.33,,,107.61999969482422,
2025-02-21,4.5,21524.2,,,,,,1.046718,1.049252,1.043384,1.0461639999999999,1.0461639999999999,-0.000666739853073,0.004448817011268759,,,,6782332.0,,,4.33,,,106.79249954223633,
2025-02-28,4.296,21520.3,,,,,,1.0467119999999999,1.049778,1.042782,1.044696,1.044696,-0.0015492714200895403,0.00470548329305902,,,,6766101.0,,,4.33,,,106.83599853515625,
2025-03-07,4.254,21645.3,,,,101.0404,4.2,1.061618,1.0734080000000001,1.0600619999999998,1.070206,1.070206,0.00864400655112996,0.0081895032724788,,1355.0,258.525,6756764.0,319.785,,4.33,,625121.0,105.22599792480469,125.941
2025-03-14,4.279999999999999,21748.0,,,,,,1.086438,1.091264,1.083266,1.087164,1.087164,0.0008640368133270998,0.0060804774056168204,,,,6759571.0,,,4.33,,,103.702001953125,
2025-03-21,4.268,21863.8,,,,,,1.09006,1.0921800000000002,1.084618,1.0886939999999998,1.0886939999999998,-0.0011806508689909598,0.0037168534113407,,,,6755982.0,,,4.33,,,103.59599914550782,
2025-03-28,4.33,21825.9,,,,,,1.0788319999999998,1.083146,1.075782,1.078952,1.078952,0.00022105855670864007,0.00340917770625804,,,,6740253.0,,,4.33,,,104.22000122070312,
2025-04-04,4.134,21912.6,,,,101.1279,4.2,1.08605,1.0971600000000001,1.0814080000000001,1.08891,1.08891,0.00250450496224874,0.00564109752968526,,1398.0,258.392,6723452.0,320.302,,4.33,,623521.0,103.4739990234375,126.15
2025-04-11,4.3260000000000005,22016.0,,,,,,1.098478,1.11704,1.096724,1.1073080000000002,1.1073080000000002,0.007266939548039619,0.010420046923883899,,,,6727416.0,,,4.33,,,101.9540008544922,
2025-04-18,4.34,22045.2,,,,,,1.134298,1.140466,1.130648,1.13577,1.13577,0.0005905402411357601,0.010392922423332621,,,,6727113.0,,,4.33,,,99.65499877929688,
2025-04-25,4.368,21863.0,,,,,,1.13976,1.1469960000000001,1.133868,1.1388820000000002,1.1388820000000002,-0.00044857573391999996,0.00809548691904028,,,,6726930.0,,,4.33,,,99.15999908447266,
2025-05-02,4.234,21703.2,,,,100.9655,4.3,1.135564,1.13937,1.1311,1.1342120000000002,1.1342120000000002,-0.00120714731307474,0.0059680469632998395,,1282.0,258.678,6709277.0,320.62,,4.33,,618037.0,99.59400024414063,126.38
2025-05-09,4.332,21751.1,,,,,,1.130512,1.135064,1.125516,1.1293700000000002,1.1293700000000002,-0.0008614348569838202,0.00413563140934358,,,,6710889.0,,,4.33,,,99.93199920654297,
2025-05-16,4.470000000000001,21738.9,,,,,,1.11703,1.123018,1.112338,1.1159940000000002,1.1159940000000002,-0.0014353671351116204,0.00742534195614392,,,,6713270.0,,,4.33,,,101.15999908447266,
2025-05-23,4.514,21761.7,,,,,,1.126156,1.1331479999999998,1.1240299999999999,1.129862,1.129862,0.0035063090272517998,0.00547675610238684,,,,6688726.0,,,4.33,,,99.83600006103515,
2025-05-30,4.435,21699.0,,,,,,1.134886,1.1389179999999999,1.1298,1.1344340000000002,1.1344340000000002,-0.0002659421864395801,0.0048825860320488,,,,6673244.0,,,4.33,,,99.38799896240235,
2025-06-06,4.4399999999999995,21842.0,,,,101.4785,4.1,1.140456,1.145816,1.136784,1.14128,1.14128,0.0008751397997445801,0.00544765914318266,,1382.0,260.491,6672885.0,321.435,,4.33,,624146.0,98.93399963378906,126.743
2025-06-13,4.428,21898.7,,,,,,1.14622,1.1526,1.14266,1.1493,1.1493,0.0027656537079996596,0.00438039678052662,,,,6677155.0,,,4.33,,,98.54400024414062,
2025-06-20,4.4025,21945.3,,,,,,1.15114,1.15526,1.1478,1.1507,1.1507,-0.0005141877077320401,0.0048825758174803596,,,,6681056.0,,,4.33,,,98.61000061035156,
2025-06-27,4.296,21857.6,,,,,,1.16032,1.1677,1.1589,1.1652200000000001,1.1652200000000001,0.0033969843716235397,0.0029080554075779402,,,,6662200.0,,,4.33,,,97.70200042724609,
2025-07-04,4.2875,21949.2,,,,101.894,4.3,1.17706,1.1804400000000002,1.17352,1.17846,1.17846,0.0010095567660571001,0.00222018823332216,,1420.0,262.358,6659598.0,322.169,,4.33,,628747.0,96.91499900817871,126.96
2025-07-11,4.388,22022.7,,,,,,1.17246,1.17492,1.1676199999999999,1.1707800000000002,1.1707800000000002,-0.00151280215542614,0.00326057767686284,,,,6661912.0,,,4.33,,,97.59200134277344,
2025-07-18,4.46,21983.8,,,,,,1.16346,1.16846,1.15888,1.16232,1.16232,-0.0010918344321117599,0.0027524081311239403,,,,6659273.0,,,4.33,,,98.46000213623047,
2025-07-25,4.392,21939.0,,,,,,1.17164,1.176,1.16862,1.17424,1.17424,0.0019753713548059,0.00391102928268988,,,,6657715.0,,,4.33,,,97.49599914550781,
2025-08-01,4.348000000000001,21883.6,,,,101.6247,4.3,1.15394,1.16,1.14578,1.1507200000000002,1.1507200000000002,-0.0026202697456155,0.00694003493109324,,1291.0,262.11,6642578.0,323.291,,4.33,,632149.0,99.24600219726562,127.293
2025-08-08,4.232,22039.2,,,,,,1.1608399999999999,1.16456,1.15744,1.16214,1.16214,0.0009533878428645001,0.008293337535893761,,,,6640843.0,,,4.33,,,98.46399993896485,
2025-08-15,4.284000000000001,22028.4,,,,,,1.16554,1.1706400000000001,1.1625400000000001,1.16668,1.16668,0.0010022882696159399,0.00436021930814766,,,,6643615.0,,,4.33,,,98.11199798583985,
2025-08-22,4.304,22071.0,,,,,,1.16512,1.1697,1.16184,1.16554,1.16554,0.00031919112843806013,0.0040802534489348,,,,6618415.0,,,4.33,,,98.2,
2025-08-29,4.246,21971.9,,,,,,1.16588,1.1688800000000001,1.16098,1.16526,1.16526,-0.0005211045570851002,0.0056402301181545005,,,,6603384.0,,,4.33,,,98.09400024414063,
2025-09-05,4.1925,22060.0,,,,101.7059,4.4,1.16684,1.1712799999999999,1.16344,1.1674799999999999,1.1674799999999999,0.0005721181551952401,0.004028445404904419,,1328.0,262.094,6602071.0,324.245,,4.33,,632395.0,98.16499900817871,127.625
2025-09-12,4.048,22139.2,,,,,,1.17224,1.17532,1.16888,1.1725400000000001,1.1725400000000001,0.00027795739048654003,0.00398444547231052,,,,6605962.0,,,4.33,,,97.62200012207032,
2025-09-19,4.08,22177.0,,,,,,1.1791800000000001,1.1842000000000001,1.1751,1.1793600000000002,1.1793600000000002,0.00019985767463495994,0.00438537917742748,,,,6608597.0,,,4.2299999999999995,,,97.15800018310547,
2025-09-26,4.162000000000001,22058.1,,,,,,1.1752600000000002,1.17802,1.1706400000000001,1.1743999999999999,1.1743999999999999,-0.00072197370826806,0.004808835820129901,,,,6608395.0,,,4.09,,,97.83200225830078,
2025-10-03,4.132,22063.0,,,,101.257,,1.17196,1.17618,1.17026,1.17284,1.17284,0.0006837087200784,0.00399423282123892,,1272.0,260.724,6587119.0,,,4.09,,631346.0,97.79199981689453,127.879
2025-10-10,4.128,22208.1,,,,,,1.16584,1.16792,1.15978,1.16342,1.16342,-0.00209757380648426,0.0026477762270901402,,,,6590815.0,,,4.095999999999999,,,98.81200103759765,
2025-10-17,4.0225,22182.3,,,,,,1.16252,1.16626,1.1597199999999999,1.16314,1.16314,0.00057358963059786,0.00418374318173652,,,,6596454.0,,,4.105,,,98.78600006103515,
2025-10-24,3.996,22207.4,,,,,,,,,,,,,,,,6589533.0,,,4.11,,,98.86199951171875,
2025-10-31,4.0600000000000005,22097.0,,,,,,,,,,,,,,,,6587034.0,,,4.018,,,99.2040008544922,
2025-11-07,4.1240000000000006,22263.9,,,,101.3775,4.5,,,,,,,,,1322.0,261.358,6572732.0,325.063,,3.87,,634711.0,99.9240005493164,128.149
2025-11-14,4.115,22232.5,,,,,,,,,,,,,,,,6580462.0,,,3.875,,,99.4020004272461,
2025-11-21,4.108,22292.4,,,,,,,,,,,,,,,,6555283.0,,,3.88,,,99.94200134277344,
2025-11-28,4.0175,22265.7,,,,,,,,,,,,,,,,6552419.0,,,3.8825,,,99.71500015258789,
2025-12-05,4.098,22387.0,,,,101.6296,4.4,,,,,,,,,1404.0,260.817,6535781.0,326.031,,3.8899999999999997,,634738.0,99.11999969482422,128.605
2025-12-12,4.162,22416.0,,,,,,,,,,,,,,,,6539303.0,,,3.79,,,98.76999969482422,
2025-12-19,4.154,22500.7,,,,,,,,,,,,,,,,6556861.0,,,3.6399999999999997,,,98.34000091552734,
2025-12-26,4.16,22586.2,,,,,,,,,,,,,,,,6581231.0,,,3.64,,,98.0575008392334,
2026-01-02,4.1575,22634.5,,,,102.3412,4.3,,,,,,,,,,261.524,6640618.0,326.588,,3.64,,,98.24499893188477,
2026-01-09,4.174,22646.2,,,,,,,,,,,,,,,,6573602.0,,,3.6399999999999997,,,98.71799926757812,
2026-01-16,4.186,22577.9,,,,,,,,,,,,,,,,6581700.0,,,3.6399999999999997,,,99.16599884033204,
2026-01-23,4.265,22482.6,,,,,,,,,,,,,,,,6584580.0,,,3.64,,,98.34000015258789,
2026-01-30,4.244,22384.7,,,,,,,,,,,,,,,,6587568.0,,,3.6399999999999997,,,96.59599914550782,
2026-02-06,4.258,22462.7,,,,,,,,,,,,,,,,6605909.0,,,3.6399999999999997,,,97.6240005493164,
2026-02-13,4.138,,,,,,,,,,,,,,,,,6622382.0,,,3.6399999999999997,,,96.85200042724608,
2026-02-20,4.075,,,,,,,,,,,,,,,,,6613395.0,,,3.64,,,97.64750099182129,
2026-02-27,4.022,,2714.25,67.0199966430664,22668.2109375,,,,,,,,,,5230.5,,,6613797.0,,6878.8798828125,3.6399999999999997,19.86000061035156,,97.73599853515626,
2026-03-06,4.066666666666666,,2801.6666666666665,75.04500198364258,22705.50390625,,,,,,,,,,5166.550048828125,,,6628894.0,,6849.614990234375,3.64,22.477499961853027,,98.78824996948242,
