Unnamed: 0,EFFR,close_DX-Y.NYB,WM2NS,close_GSPC,close_VIX,close_GCF,DGS10,close_IXIC,CPIAUCSL,PPIACO,UNRATE,RSXFS,close_CLF,close_CRBL.L,WALCL,INDPRO,close_FX_EURUSD_daily_volatility,PCEPI,HOUST
2020-09-04,-1.3737400342859838,0.003781931857888665,0.006506099126511122,,,,-1.980957832564849,,0.002626139536318739,0.006176016469377155,3.1298477635024033,0.019012193474295724,,,0.003873015891181275,0.000125058751559326,-0.005214905014134075,0.0017831601029845157,0.055157593123209114
2020-09-11,-1.3737400342859838,0.006557406999823989,0.007343283582089466,,,,-2.0203507186593406,,0.002626139536318739,0.006176016469377155,3.1298477635024033,0.019012193474295724,,,-0.0009801222431033985,0.000125058751559326,0.000540444697796516,0.0017831601029845157,0.055157593123209114
2020-09-18,-1.3737400342859838,-0.004295094343619077,0.004509625383210425,,,,-1.996714987002646,,0.002626139536318739,0.006176016469377155,3.1298477635024033,0.019012193474295724,,,0.007682779282955909,0.000125058751559326,-0.0005319980027771731,0.0017831601029845157,0.055157593123209114
2020-09-25,-1.3737400342859838,0.01759953172240092,-0.0025584638489595246,,,,-2.0282292958782384,,0.002626139536318739,0.006176016469377155,3.1298477635024033,0.019012193474295724,,,0.004060598982939201,0.000125058751559326,-0.017811199898926044,0.0017831601029845157,0.055157593123209114
2020-10-02,-1.3737400342859838,-0.007854891255396623,-0.003366261030419926,,,,-1.996714987002646,,0.001238475828567287,0.005115089514066584,2.2981753749802283,-0.004016971133328662,,,-0.005220803531739926,0.008049650452395696,0.0073674624349139295,0.0008947523725215678,0.04752206381534285
2020-10-09,-1.3737400342859838,-0.008346745138435807,0.007753443726832732,,,,-1.9258077920325614,,0.001238475828567287,0.005115089514066584,2.2981753749802283,-0.004016971133328662,,,0.002624668568275812,0.008049650452395696,0.009345068433151194,0.0008947523725215678,0.04752206381534285
2020-10-16,-1.3737400342859838,0.006640302365354955,0.0006639039695031101,,,,-1.949443523689256,,0.001238475828567287,0.005115089514066584,2.2981753749802283,-0.004016971133328662,,,0.010852411193827516,0.008049650452395696,-0.00936213925144122,0.0008947523725215678,0.04752206381534285
2020-10-23,-1.3737400342859838,-0.009761447067474727,0.002969534184421363,,,,-1.8785363287191719,,0.001238475828567287,0.005115089514066584,2.2981753749802283,-0.004016971133328662,,,0.0036131255500650994,0.008049650452395696,0.012148714835461122,0.0008947523725215678,0.04752206381534285
2020-10-30,-1.3737400342859838,0.013596957927750175,-0.003312830416157597,,,,-1.8549005970624772,,0.001238475828567287,0.005115089514066584,2.2981753749802283,-0.004016971133328662,,,-0.004313481528130825,0.008049650452395696,-0.01813288624378473,0.0008947523725215678,0.04752206381534285
2020-11-06,-1.3737400342859838,-0.01943473976233623,0.010046458850732298,,,,-1.8942934831569684,,0.002274132890799363,0.009160305343511421,2.1133592886419668,-0.0055827923529888634,,,0.0015634650965128394,0.0035373384577535028,0.019194806396166747,0.0010175842360033993,0.04752206381534285
2020-11-13,-1.3737400342859838,0.005730041771940364,0.0042446306217509555,,,,-1.8470220198435787,,0.002274132890799363,0.009160305343511421,2.1133592886419668,-0.0055827923529888634,,,0.0025061896793550087,0.0035373384577535028,-0.003087750169092879,0.0010175842360033993,0.04752206381534285
2020-11-20,-1.3783845227032583,-0.003996794340579868,0.004374439343570291,,,,-1.8942934831569684,,0.002274132890799363,0.009160305343511421,2.1133592886419668,-0.0055827923529888634,,,0.009429835227694694,0.0035373384577535028,0.0016378637143081853,0.0010175842360033993,0.04752206381534285
2020-11-27,-1.3783845227032583,-0.006515371871251396,-0.0013239535775643185,,,,-1.8864149059380704,,0.002274132890799363,0.009160305343511421,2.1133592886419668,-0.0055827923529888634,,,-0.0036724708273275786,0.0035373384577535028,0.009035851942109763,0.0010175842360033993,0.04752206381534285
2020-12-04,-1.3737400342859838,-0.011946045730783617,0.004208599220357101,,,,-1.7839934020923927,,0.004346309661148906,0.011094301563287834,2.1133592886419668,0.01646171448651801,,,0.0008222845486995922,0.01319920561671828,0.013138523532817553,0.004189705295559509,0.04601425793907965
2020-12-11,-1.3737400342859838,0.003082415564978902,0.005542546113669333,,,,-1.8391434426246807,,0.004346309661148906,0.011094301563287834,2.1133592886419668,0.01646171448651801,,,0.0028029409557523977,0.01319920561671828,-0.0006685292194039127,0.004189705295559509,0.04601425793907965
2020-12-18,-1.3737400342859838,-0.010607908465535942,0.0025632342598140845,,,,-1.7997505565301897,,0.004346309661148906,0.011094301563287834,2.1133592886419668,0.01646171448651801,,,0.016559390212819602,0.01319920561671828,0.011729064044297077,0.004189705295559509,0.04601425793907965
2020-12-25,-1.3737400342859838,0.0034378208586671732,0.0027749341342879763,,,,-1.8076291337490877,,0.004346309661148906,0.011094301563287834,2.1133592886419668,0.01646171448651801,,,0.005629403340562611,0.01319920561671828,-0.005876063424731792,0.004189705295559509,0.04601425793907965
2021-01-01,-1.3737400342859838,-0.0043268429450842305,0.0016116411274234022,,,,-1.8155077109679858,,0.0024499608845809373,0.0214463840399004,1.8361351591345754,0.032215314775830395,,,-0.0054953789411428255,0.005278407531287055,0.0025085064594940754,0.004238450694897811,0.00991325898389106
2021-01-08,-1.3737400342859838,0.001777339191505689,0.003663041566208891,,,,-1.657936166590021,,0.0024499608845809373,0.0214463840399004,1.8361351591345754,0.032215314775830395,,,-0.0038762242897290022,0.005278407531287055,-0.0013764401537369741,0.004238450694897811,0.00991325898389106
2021-01-15,-1.3737400342859838,0.007518835902591725,0.0031238723645548028,,,,-1.6736933210278175,,0.0024499608845809373,0.0214463840399004,1.8361351591345754,0.032215314775830395,,,-0.000114658745715146,0.005278407531287055,-0.010061101930256278,0.004238450694897811,0.00991325898389106
2021-01-22,-1.3783845227032583,-0.005966219504509596,-0.0015365166807127517,,,,-1.6815718982467156,,0.0024499608845809373,0.0214463840399004,1.8361351591345754,0.032215314775830395,,,0.011040953546565868,0.005278407531287055,0.007861422787295236,0.004238450694897811,0.00991325898389106
2021-01-29,-1.3830290111205332,0.0037606942658650055,-0.0061400845097968615,,,,-1.6736933210278175,,0.0024499608845809373,0.0214463840399004,1.8361351591345754,0.032215314775830395,,,-0.0013507860209830413,0.005278407531287055,-0.0027976189131724283,0.004238450694897811,0.00991325898389106
2021-02-05,-1.3783845227032583,0.005065522091494579,0.0053960560112684686,,,,-1.6106647032766315,,0.0033956762230333837,0.0283203125,1.651319072796314,-0.025516144209376312,,,0.0007659765944993957,-0.033042347358776314,-0.007709143526624995,0.0033255767944453396,-0.13865030674846623
2021-02-12,-1.3783845227032583,-0.006170111525088728,0.001715204021715877,,,,-1.6027861260577334,,0.0033956762230333837,0.0283203125,1.651319072796314,-0.025516144209376312,,,0.004267806727608292,-0.033042347358776314,0.006183615377517326,0.0033255767944453396,-0.13865030674846623
2021-02-19,-1.3830290111205332,-0.0013271705547843737,0.005501879380293007,,,,-1.4924860449931576,,0.0033956762230333837,0.0283203125,1.651319072796314,-0.025516144209376312,,,0.015476151285401807,-0.033042347358776314,-8.252731658861534e-05,0.0033255767944453396,-0.13865030674846623
2021-02-26,-1.3830290111205332,0.006288284739515149,0.0005011531636571753,,,,-1.4137002728041752,,0.0033956762230333837,0.0283203125,1.651319072796314,-0.025516144209376312,,,0.004328074647875102,-0.033042347358776314,-0.003828491762379649,0.0033255767944453396,-0.13865030674846623
2021-03-05,-1.3830290111205332,0.011481215514137055,0.0044161167817546865,,,,-1.319157346177396,,0.0052432098156529605,0.02089268755935425,1.5589110296271829,0.10393101543560324,,,-0.0042933495966001045,0.028977701174189185,-0.01355412917444418,0.005201877934272403,0.20797720797720798
2021-03-12,-1.3830290111205332,-0.003266942312984078,0.004656227895639464,,,,-1.2561287284262102,,0.0052432098156529605,0.02089268755935425,1.5589110296271829,0.10393101543560324,,,0.0029608903656805907,0.028977701174189185,0.003663115225832625,0.005201877934272403,0.20797720797720798
2021-03-19,-1.3830290111205332,0.0026143573252745966,0.006924113338668603,,,,-1.1773429562372277,,0.0052432098156529605,0.02089268755935425,1.5589110296271829,0.10393101543560324,,,0.014987662767627086,0.028977701174189185,-0.00399068253754431,0.005201877934272403,0.20797720797720798
2021-03-26,-1.3830290111205332,0.009204661859217644,0.008888642960265258,,,,-1.2324929967695155,,0.0052432098156529605,0.02089268755935425,1.5589110296271829,0.10393101543560324,,,0.0033945511968145325,0.028977701174189185,-0.009385302339804502,0.005201877934272403,0.20797720797720798
2021-04-02,-1.3830290111205332,0.0017232493735512833,0.0036597526924611046,,,,-1.193100110675024,,0.006238653990587206,0.013488372093023226,1.5589110296271829,0.004803495877555353,,,-0.003968329019218841,0.0017594038151924618,-0.0027002028820320156,0.00526836923421814,-0.11851415094339623
2021-04-09,-1.3830290111205332,-0.008320288169168855,0.010154301668206633,,,,-1.2324929967695155,,0.006238653990587206,0.013488372093023226,1.5589110296271829,0.004803495877555353,,,0.0025873365909792057,0.0017594038151924618,0.011816651879714424,0.00526836923421814,-0.11851415094339623
2021-04-16,-1.3830290111205332,-0.006531768264195215,-0.0005901503899909954,,,,-1.2955216145207014,,0.006238653990587206,0.013488372093023226,1.5589110296271829,0.004803495877555353,,,0.010925319650761267,0.0017594038151924618,0.00682493615601934,0.00526836923421814,-0.11851415094339623
2021-04-23,-1.3830290111205332,-0.007674601371063794,-0.0002903286126227922,,,,-1.3034001917395996,,0.006238653990587206,0.013488372093023226,1.5589110296271829,0.004803495877555353,,,0.003572902401918432,0.0017594038151924618,0.009485593657071828,0.00526836923421814,-0.11851415094339623
2021-04-30,-1.3923179879550829,0.00461182513189673,-0.007521202604856447,,,,-1.2482501512073119,,0.006238653990587206,0.013488372093023226,1.5589110296271829,0.004803495877555353,,,-0.0051126794347693405,0.0017594038151924618,-0.006427423591053277,0.00526836923421814,-0.11851415094339623
2021-05-07,-1.387673499537808,-0.011569688970054948,0.006125050215492589,,,,-1.287643037301803,,0.006635060424433847,0.032124827902707764,1.2816869001197913,-0.01034675460485912,,,0.0037943894341085915,0.008873899513690775,0.01186871654147173,0.005175714099871831,0.06287625418060205
2021-05-14,-1.387673499537808,0.000996913251984921,0.0039336310668127705,,,,-1.2640073056451084,,0.006635060424433847,0.032124827902707764,1.2816869001197913,-0.01034675460485912,,,0.0025833219597346524,0.008873899513690775,-0.0014316512507987211,0.005175714099871831,0.06287625418060205
2021-05-21,-1.387673499537808,-0.0033270858887677335,0.0024550239610339197,,,,-1.2640073056451084,,0.006635060424433847,0.032124827902707764,1.2816869001197913,-0.01034675460485912,,,0.01177678058677789,0.008873899513690775,0.0027052489250575518,0.005175714099871831,0.06287625418060205
2021-05-28,-1.3923179879550829,0.00011110398772640195,-0.008248270997825324,,,,-1.3034001917395996,,0.006635060424433847,0.032124827902707764,1.2816869001197913,-0.01034675460485912,,,-0.0024412830531512775,0.008873899513690775,0.0009028604873171364,0.005175714099871831,0.06287625418060205
2021-06-04,-1.387673499537808,0.0012210759298145746,0.0023409719478468816,,,,-1.319157346177396,,0.00846178781815543,0.017785682525566893,1.3740949432889225,0.006640091392108305,,,0.004069315260084139,0.003674825234604384,-0.002053135858581301,0.005407903859486973,0.03838892385147896
2021-06-11,-1.387673499537808,0.004648577004529919,0.006725661972663666,,,,-1.3900645411474803,,0.00846178781815543,0.017785682525566893,1.3740949432889225,0.006640091392108305,,,0.0020948364625037463,0.003674825234604384,-0.004614378655645873,0.005407903859486973,0.03838892385147896
2021-06-18,-1.3690955458687089,0.01827290614916066,0.004184632853527992,,,,-1.405821695585277,,0.00846178781815543,0.017785682525566893,1.3740949432889225,0.006640091392108305,,,0.014075125431838975,0.003674825234604384,-0.020762453490623306,0.005407903859486973,0.03838892385147896
2021-06-25,-1.3690955458687089,-0.00456429608137654,-0.004683829335101031,,,,-1.3349145006151926,,0.00846178781815543,0.017785682525566893,1.3740949432889225,0.006640091392108305,,,0.004673462167686271,0.003674825234604384,0.006203733718669696,0.005407903859486973,0.03838892385147896
2021-07-02,-1.3690955458687089,0.00456429608137654,-0.0029038308041113847,,,,-1.4137002728041752,,0.004614747980816958,0.012887723896898073,0.9120547274432694,-0.021386572668434023,,,-0.0028883187925862197,0.004541141317472075,-0.005967657970983892,0.004560500183891092,-0.032121212121212106
2021-07-09,-1.3690955458687089,-0.001084900336229211,0.010848639622826894,,,,-1.4688503133364628,,0.004614747980816958,0.012887723896898073,0.9120547274432694,-0.021386572668434023,,,0.0023802556500280847,0.004541141317472075,0.0010616517263180025,0.004560500183891092,-0.032121212121212106
2021-07-16,-1.3690955458687089,0.006060024918406626,-0.00036923854267389977,,,,-1.5161217766498523,,0.004614747980816958,0.012887723896898073,0.9120547274432694,-0.021386572668434023,,,0.01282797134471414,0.004541141317472075,-0.005878494605376455,0.004560500183891092,-0.032121212121212106
2021-07-23,-1.3690955458687089,0.002370703841664934,0.001414317166700041,,,,-1.5240003538687505,,0.004614747980816958,0.012887723896898073,0.9120547274432694,-0.021386572668434023,,,0.004740387026953563,0.004541141317472075,-0.003139187238339891,0.004560500183891092,-0.032121212121212106
2021-07-30,-1.3830290111205332,-0.007996643929370606,-0.0023441594999127346,,,,-1.5712718171821403,,0.004614747980816958,0.012887723896898073,0.9120547274432694,-0.021386572668434023,,,-0.0023125939715042954,0.004541141317472075,0.008495422639662631,0.004560500183891092,-0.032121212121212106
2021-08-06,-1.3690955458687089,0.006811994537961219,0.006149026323086559,,,,-1.5161217766498523,,0.002842925602144719,0.006750053914168719,0.6348305979358769,0.007334468407113048,,,0.0016542047878769228,-0.002076768619846625,-0.009090433069899623,0.0038258768397159137,-0.0018785222291797243
2021-08-13,-1.3690955458687089,-0.0030218715975660615,0.002833313187477371,,,,-1.5318789310876488,,0.002842925602144719,0.006750053914168719,0.6348305979358769,0.007334468407113048,,,0.002681943438752832,-0.002076768619846625,0.0027680385839878308,0.0038258768397159137,-0.0018785222291797243
2021-08-20,-1.3737400342859838,0.01053663521473247,0.00338940557636791,,,,-1.5555146627443437,,0.002842925602144719,0.006750053914168719,0.6348305979358769,0.007334468407113048,,,0.010347263507945126,-0.002076768619846625,-0.008404162115978497,0.0038258768397159137,-0.0018785222291797243
2021-08-27,-1.3783845227032583,-0.008700818067421956,-0.0011916545739355522,,,,-1.5161217766498523,,0.002842925602144719,0.006750053914168719,0.6348305979358769,0.007334468407113048,,,-0.0011812866927065624,-0.002076768619846625,0.008302406837335713,0.0038258768397159137,-0.0018785222291797243
2021-09-03,-1.3783845227032583,-0.007037343112995309,0.0015105885522403995,,,,-1.500364622212056,,0.004525517463950024,0.009695178116230663,0.26519842525935505,0.007838836231424118,,,0.001971739678038764,-0.011852820317521218,0.00767038175865048,0.003282455276546914,-0.010664993726474226
2021-09-10,-1.3783845227032583,0.005849880266980634,0.006835430877125459,,,,-1.4846074677742593,,0.004525517463950024,0.009695178116230663,0.26519842525935505,0.007838836231424118,,,0.0009750666323478097,-0.011852820317521218,-0.006052004781218562,0.003282455276546914,-0.010664993726474226
2021-09-17,-1.3783845227032583,0.00667453356615777,0.002123061215726807,,,,-1.4688503133364628,,0.004525517463950024,0.009695178116230663,0.26519842525935505,0.007838836231424118,,,0.010943228889090495,-0.011852820317521218,-0.007435610303030332,0.003282455276546914,-0.010664993726474226
2021-09-24,-1.3783845227032583,0.001393930249435904,-0.0021709323583180007,,,,-1.3900645411474803,,0.004525517463950024,0.009695178116230663,0.26519842525935505,0.007838836231424118,,,0.004859168849430162,-0.011852820317521218,-0.0005119017260492298,0.003282455276546914,-0.010664993726474226
2021-10-01,-1.3783845227032583,0.007578614210579815,-0.004289285850605062,,,,-1.382185963928582,,0.00963820232923207,0.020311611605665414,0.08038233892109373,0.016230287468019355,,,-0.004928606293840732,0.013435446231408799,-0.010638398205055744,0.006616136830434272,0.0012682308180089752
2021-10-08,-1.3783845227032583,0.00031894933234699607,0.009818249773591026,,,,-1.2797644600829048,,0.00963820232923207,0.020311611605665414,0.08038233892109373,0.016230287468019355,,,0.001899980598914608,0.013435446231408799,-0.002331506604276584,0.006616136830434272,0.0012682308180089752
2021-10-15,-1.3783845227032583,-0.0013828761518812627,0.0011957749285858021,,,,-1.2955216145207014,,0.00963820232923207,0.020311611605665414,0.08038233892109373,0.016230287468019355,,,0.0019978657925678878,0.013435446231408799,0.0028488817990543758,0.006616136830434272,0.0012682308180089752
2021-10-22,-1.3783845227032583,-0.003519084684037388,0.0035688218622329515,,,,-1.2403715739884138,,0.00963820232923207,0.020311611605665414,0.08038233892109373,0.016230287468019355,,,0.009904678041660953,0.013435446231408799,0.004043538008195957,0.006616136830434272,0.0012682308180089752
2021-10-29,-1.3830290111205332,0.005433371137059773,-0.005242104964887306,,,,-1.3270359233962943,,0.00963820232923207,0.020311611605665414,0.08038233892109373,0.016230287468019355,,,-0.0010230073918764404,0.013435446231408799,-0.007411271427330335,0.006616136830434272,0.0012682308180089752
2021-11-05,-1.3783845227032583,0.0021226599527128798,0.00666074811168027,,,,-1.405821695585277,,0.00856626288193807,0.01173559561682569,-0.28924983375542895,0.010490299086293398,,,0.002184385767435293,0.00678038170963835,0.0004323950428420653,0.00666293494158654,0.07979734008866379
2021-11-12,-1.3783845227032583,0.00855109535290488,0.003739860403697337,,,,-1.3034001917395996,,0.00856626288193807,0.01173559561682569,-0.28924983375542895,0.010490299086293398,,,0.010291233535758115,0.00678038170963835,-0.010543018994835646,0.00666293494158654,0.07979734008866379
2021-11-19,-1.3783845227032583,0.009832740898565007,0.0030258465557504444,,,,-1.3349145006151926,,0.00856626288193807,0.01173559561682569,-0.28924983375542895,0.010490299086293398,,,0.0013682142351303384,0.00678038170963835,-0.014548687575357294,0.00666293494158654,0.07979734008866379
2021-11-26,-1.3783845227032583,0.00020812493288335787,0.0013771975435292738,,,,-1.382185963928582,,0.00856626288193807,0.01173559561682569,-0.28924983375542895,0.010490299086293398,,,0.0007839796564137469,0.00678038170963835,0.0031954140728304298,0.00666293494158654,0.07979734008866379
2021-12-03,-1.3783845227032583,0.00031222526484686597,0.0013565918669977695,,,,-1.4846074677742593,,0.006905230550805275,-0.008011114445079293,-0.4740659200936899,-0.006904598589683619,,,-0.003613202882222999,-0.002902878489551397,-0.00021212094508712975,0.006197309417040442,0.009970674486803555
2021-12-10,-1.3783845227032583,-0.0007285184556184987,0.006708368175426749,,,,-1.382185963928582,,0.006905230550805275,-0.008011114445079293,-0.4740659200936899,-0.006904598589683619,,,0.001632525286108022,-0.002902878489551397,7.955062738697338e-05,0.006197309417040442,0.009970674486803555
2021-12-17,-1.3783845227032583,0.00539920983151454,0.0025661610138423274,,,,-1.43733600446087,,0.006905230550805275,-0.008011114445079293,-0.4740659200936899,-0.006904598589683619,,,0.010634398381261345,-0.002902878489551397,-0.00682899199519868,0.006197309417040442,0.009970674486803555
2021-12-24,-1.3783845227032583,-0.005711662676656459,0.005841240453598795,,,,-1.3664288094907857,,0.006905230550805275,-0.008011114445079293,-0.4740659200936899,-0.006904598589683619,,,0.0038632283108661625,-0.002902878489551397,0.007191309238835111,0.006197309417040442,0.009970674486803555
2021-12-31,-1.3830290111205332,-0.003651717591220738,0.0020661537328816593,,,,-1.3506716550529891,,0.006905230550805275,-0.008011114445079293,-0.4740659200936899,-0.006904598589683619,,,-0.003758036379066243,-0.002902878489551397,0.00421443050164462,0.006197309417040442,0.009970674486803555
2022-01-07,-1.3783845227032583,0.0007314111007330482,-0.001037835057700831,,,,-1.1615858017994312,,0.006046039630400957,0.021194341545881734,-0.38165787692455927,0.023717422804174104,,,0.0009433100465203736,-0.003847966543571557,-0.0005808529901222825,0.00547280976192388,-0.011614401858304313
2022-01-14,-1.3783845227032583,-0.005971414807110165,0.0009239892431103236,,,,-1.1458286473616346,,0.006046039630400957,0.021194341545881734,-0.38165787692455927,0.023717422804174104,,,0.002573319410918984,-0.003847966543571557,0.004374490909776957,0.00547280976192388,-0.011614401858304313
2022-01-21,-1.3783845227032583,0.004926389363942185,-0.0012308483668295178,,,,-1.1694643790183294,,0.006046039630400957,0.021194341545881734,-0.38165787692455927,0.023717422804174104,,,0.00905251290412079,-0.003847966543571557,-0.0060485296097665675,0.00547280976192388,-0.011614401858304313
2022-01-28,-1.3783845227032583,0.016899446161485088,-0.008461014953924262,,,,-1.1458286473616346,,0.006046039630400957,0.021194341545881734,-0.38165787692455927,0.023717422804174104,,,-0.0008287254813295064,-0.003847966543571557,-0.017317951786588084,0.00547280976192388,-0.011614401858304313
2022-02-04,-1.3783845227032583,-0.018573745740719794,-0.0005194130632385496,,,,-1.027649989078161,,0.0069263793475682345,0.025185329454297634,-0.4740659200936899,0.006282830915097959,,,0.001436264493422268,0.006196499297304259,0.026770241064604836,0.005903993617304204,0.019388954171562833
2022-02-11,-1.3783845227032583,0.006264360200203711,0.0017307299690048072,,,,-1.0355285662970592,,0.0069263793475682345,0.025185329454297634,-0.4740659200936899,0.006282830915097959,,,0.0005407287170338115,0.006196499297304259,-0.008976224735833316,0.005903993617304204,0.019388954171562833
2022-02-18,-1.3783845227032583,-0.00041641594350849687,0.00047246501674447217,,,,-1.0355285662970592,,0.0069263793475682345,0.025185329454297634,-0.4740659200936899,0.006282830915097959,,,0.003719752931090836,0.006196499297304259,-0.002241243327660722,0.005903993617304204,0.019388954171562833
2022-02-25,-1.3783845227032583,0.006021006667077167,0.00015741396632273918,,,,-0.9961356802025679,,0.0069263793475682345,0.025185329454297634,-0.4740659200936899,0.006282830915097959,,,0.00191852055760533,0.006196499297304259,-0.004834862867289388,0.005903993617304204,0.019388954171562833
2022-03-04,-1.3783845227032583,0.020792460383324496,0.00391621340122672,,,,-1.1773429562372277,,0.011156414762741651,0.029106308873585007,-0.6588820064319508,0.01899332537510401,,,-0.0026516193930441467,0.005796258967684542,-0.030791353597819954,0.008795198773254853,-0.013256484149855918
2022-03-11,-1.3783845227032583,0.00475301709432685,0.00707794034241549,,,,-0.9724999485458732,,0.011156414762741651,0.029106308873585007,-0.6588820064319508,0.01899332537510401,,,0.0007067248922028035,0.005796258967684542,-0.00130072382541567,0.008795198773254853,-0.013256484149855918
2022-03-18,-1.2622723122713886,-0.009019563169554878,0.002321364797670533,,,,-0.8621998674812975,,0.011156414762741651,0.029106308873585007,-0.6588820064319508,0.01899332537510401,,,0.004888254050052776,0.005796258967684542,0.012759794063631022,0.008795198773254853,-0.013256484149855918
2022-03-25,-1.2622723122713886,0.005887087637785449,0.0002146971627998706,,,,-0.5943282420387571,,0.011156414762741651,0.029106308873585007,-0.6588820064319508,0.01899332537510401,,,0.0009121868294428293,0.005796258967684542,-0.006172859107080861,0.008795198773254853,-0.013256484149855918
2022-04-01,-1.2622723122713886,-0.0018233423802103133,-0.000584581658750416,,,,-0.6652354370088412,,0.0030833512934780316,0.020368134023552642,-0.6588820064319508,0.011241372707729624,,,-0.0028264517141137757,0.000486237889668395,0.005901329033457137,0.002996444452209701,0.06308411214953269
2022-04-08,-1.2622723122713886,0.011792766777580788,0.0065438327118521045,,,,-0.40524238878519897,,0.0030833512934780316,0.020368134023552642,-0.6588820064319508,0.011241372707729624,,,5.035166723321716e-05,0.000486237889668395,-0.01569232091539037,0.002996444452209701,0.06308411214953269
2022-04-15,-1.2622723122713886,0.005196859946433818,-0.0005992808629644575,,,,-0.3185780393773183,,0.0030833512934780316,0.020368134023552642,-0.6588820064319508,0.011241372707729624,,,0.0031210867535684805,0.000486237889668395,-0.0064575870158983945,0.002996444452209701,0.06308411214953269
2022-04-22,-1.2622723122713886,0.008931304003245266,0.0033434484763685823,,,,-0.2634279988450307,,0.0030833512934780316,0.020368134023552642,-0.6588820064319508,0.011241372707729624,,,-0.0010747882407280418,0.000486237889668395,-0.001018565762398338,0.002996444452209701,0.06308411214953269
2022-04-29,-1.2622723122713886,0.01704417654997048,-0.020215694441929166,,,,-0.2713065760639288,,0.0030833512934780316,0.020368134023552642,-0.6588820064319508,0.011241372707729624,,,-0.0018593431266330507,0.000486237889668395,-0.0237180089233988,0.002996444452209701,0.06308411214953269
2022-05-06,-1.0300478914076487,0.006775793693842402,0.00030036552173484665,,,,-0.09009930002926902,,0.00948499623996324,0.029931024085032565,-0.7512900496010816,-0.0018917518586161197,,,8.647307213993649e-05,-0.0010498817034699792,0.0009482268869028462,0.006210152248893985,-0.15879120879120878
2022-05-13,-1.0300478914076487,0.008644697876988516,-0.0028965020233937544,,,,-0.23979226718833574,,0.00948499623996324,0.029931024085032565,-0.7512900496010816,-0.0018917518586161197,,,0.00022774120545343557,-0.0010498817034699792,-0.013261655027636175,0.006210152248893985,-0.15879120879120878
2022-05-20,-1.0300478914076487,-0.013576791656557674,0.0015150041002405246,,,,-0.35797092547180975,,0.00948499623996324,0.029931024085032565,-0.7512900496010816,-0.0018917518586161197,,,0.0004350253321177,-0.0010498817034699792,0.014114291145796612,0.006210152248893985,-0.15879120879120878
2022-05-27,-1.0300478914076487,-0.014451998032789959,-0.002035453906221063,,,,-0.38948523434740245,,0.00948499623996324,0.029931024085032565,-0.7512900496010816,-0.0018917518586161197,,,-0.0035342455279503415,-0.0010498817034699792,0.016128700111469288,0.006210152248893985,-0.15879120879120878
2022-06-03,-1.0300478914076487,0.004612158966574853,-0.0006489653637914428,,,,-0.21615653553164113,,0.012561019986405686,0.02561747258015523,-0.7512900496010816,0.009850925421320156,,,8.626607126260843e-05,-0.0031134817212471466,-0.0011841106802022439,0.009634278294741394,0.013063357282821597
2022-06-10,-1.0300478914076487,0.0194877671139011,0.00458281537005778,,,,-0.06646356837257443,,0.012561019986405686,0.02561747258015523,-0.7512900496010816,0.009850925421320156,,,0.00035939226364400945,-0.0031134817212471466,-0.019215058554719305,0.009634278294741394,0.013063357282821597
2022-06-17,-0.6817112601120393,0.005266906371089952,-0.0011543291962174962,,,,0.01232220381640814,,0.012561019986405686,0.02561747258015523,-0.7512900496010816,0.009850925421320156,,,0.001588427510586632,-0.0031134817212471466,-0.001618046324555103,0.009634278294741394,0.013063357282821597
2022-06-24,-0.6817112601120393,-0.004882909872509167,-0.0019692501132548834,,,,-0.08222072281037095,,0.012561019986405686,0.02561747258015523,-0.7512900496010816,0.009850925421320156,,,0.00021561905956057892,-0.0031134817212471466,0.0053201721533679205,0.009634278294741394,0.013063357282821597
2022-07-01,-0.6817112601120393,0.009076610729827017,-0.0011903659101436537,,,,-0.2791851532828272,,-0.00014917428642136077,-0.028463769977627118,-0.8436980927702122,-0.01074021955201554,,,-0.002327310807080929,0.002029341305509913,-0.01201043891222077,-6.001474648065219e-05,-0.10960670535138617
2022-07-08,-0.6817112601120393,0.017629518415644974,0.004433253108146351,,,,-0.11373503168596398,,-0.00014917428642136077,-0.028463769977627118,-0.8436980927702122,-0.01074021955201554,,,-0.002434719353775039,0.002029341305509913,-0.023774832881726885,-6.001474648065219e-05,-0.10960670535138617
2022-07-15,-0.6817112601120393,0.009764297821043044,-0.0015789546581471692,,,,-0.23979226718833574,,-0.00014917428642136077,-0.028463769977627118,-0.8436980927702122,-0.01074021955201554,,,0.00045164949345188887,0.002029341305509913,-0.009739904207213459,-6.001474648065219e-05,-0.10960670535138617
2022-07-22,-0.6817112601120393,-0.01238429344440739,-0.0010358046213533312,,,,-0.3658495026907079,,-0.00014917428642136077,-0.028463769977627118,-0.8436980927702122,-0.01074021955201554,,,0.0003761297240616468,0.002029341305509913,0.012387873194259193,-6.001474648065219e-05,-0.10960670535138617
2022-07-29,-0.3380191172337046,-0.0078070453624130565,-0.0021246753968142684,,,,-0.4446352748796904,,-0.00014917428642136077,-0.028463769977627118,-0.8436980927702122,-0.01074021955201554,,,-0.001034810606286185,0.002029341305509913,0.0014485096587935307,-6.001474648065219e-05,-0.10960670535138617
2022-08-05,-0.3333746288164297,0.006775870139054341,0.003242506053605654,,,,-0.3185780393773183,,0.0006239128149656548,-0.010019318774469821,-0.7512900496010816,0.003330070589210088,,,-0.001730482910918818,-0.0012516918091738383,-0.004292903710308944,0.0027865661788033513,0.10861694424330204
2022-08-12,-0.3333746288164297,-0.009328741321934508,-0.00034678392587150775,,,,-0.3106994621584202,,0.0006239128149656548,-0.010019318774469821,-0.7512900496010816,0.003330070589210088,,,0.000509092220286611,-0.0012516918091738383,0.00753465084201807,0.0027865661788033513,0.10861694424330204
2022-08-19,-0.3333746288164297,0.023761650881476193,0.0003977835132611407,,,,-0.20039938109384464,,0.0006239128149656548,-0.010019318774469821,-0.7512900496010816,0.003330070589210088,,,-0.0033084292641920587,-0.0012516918091738383,-0.02207856290501545,0.0027865661788033513,0.10861694424330204
2022-08-26,-0.3333746288164297,0.00580731575645288,-0.0024551053244808996,,,,-0.1531279177804551,,0.0006239128149656548,-0.010019318774469821,-0.7512900496010816,0.003330070589210088,,,0.00018915762932381064,-0.0012516918091738383,-0.007301857899032694,0.0027865661788033513,0.10861694424330204
2022-09-02,-0.3333746288164297,0.006687110719648004,-0.0030544187102843345,,,,-0.027070682278082972,,0.0042426727482827165,-0.006113984255006422,-0.8436980927702122,-0.0030110324227970997,,,-0.0028631512446115615,0.0019337997533044327,-0.0011049169925272098,0.0035483429665856825,-0.028086218158066667
2022-09-09,-0.3333746288164297,-0.004850590961591017,0.0031986015416514135,,,,0.07535082156759419,,0.0042426727482827165,-0.006113984255006422,-0.8436980927702122,-0.0030110324227970997,,,-0.0004183051322935727,0.0019337997533044327,0.00890495653888814,0.0035483429665856825,-0.028086218158066667
2022-09-16,-0.3333746288164297,0.006948301211172847,-0.0001390292054017639,,,,0.16989374819437328,,0.0042426727482827165,-0.006113984255006422,-0.8436980927702122,-0.0030110324227970997,,,0.0011740568128788542,0.0019337997533044327,-0.0023935385916079048,0.0035483429665856825,-0.028086218158066667
2022-09-23,0.014962002479179856,0.030771660773110554,-0.002595572694575221,,,,0.3589796014479311,,0.0042426727482827165,-0.006113984255006422,-0.8436980927702122,-0.0030110324227970997,,,-0.0018065702913439008,0.0019337997533044327,-0.0329895432151068,0.0035483429665856825,-0.028086218158066667
2022-09-30,0.014962002479179856,-0.009498093420032383,-0.005664708725231504,,,,0.46927968251250674,,0.0042426727482827165,-0.006113984255006422,-0.8436980927702122,-0.0030110324227970997,,,-0.0024084696469309774,0.0019337997533044327,0.011318571550204107,0.0035483429665856825,-0.028086218158066667
2022-10-07,0.014962002479179856,0.006046615325153937,0.003397624933987098,,,,0.5165511458258962,,0.005594754832984217,-0.010589851361339164,-0.7512900496010816,0.009595372131311564,,,-0.00415140945433079,-0.0003840389843995373,-0.006069215664060386,0.004668955704560718,-0.0356182795698925
2022-10-14,0.014962002479179856,0.004511037727670697,-0.0014485328365160255,,,,0.6032154952337769,,0.005594754832984217,-0.010589851361339164,-0.7512900496010816,0.009595372131311564,,,-9.59007783152277e-06,-0.0003840389843995373,-0.002261049267485025,0.004668955704560718,-0.0356182795698925
2022-10-21,0.014962002479179856,-0.011539231750787415,0.0015672445881085295,,,,0.7686656168306402,,0.005594754832984217,-0.010589851361339164,-0.7512900496010816,0.009595372131311564,,,-0.0017178962501179784,-0.0003840389843995373,0.01450485082885849,0.004668955704560718,-0.0356182795698925
2022-10-28,0.014962002479179856,-0.012035388363914379,-0.0065106531610198415,,,,0.6189726496715731,,0.005594754832984217,-0.010589851361339164,-0.7512900496010816,0.009595372131311564,,,-0.0023824549212584367,-0.0003840389843995373,0.010290647712527148,0.004668955704560718,-0.0356182795698925
2022-11-04,0.36329863377478944,0.0018957269393142795,0.002386008334622325,,,,0.7371513079550471,,0.002614032556282231,-0.007183252157050624,-0.7512900496010816,-0.014786173133267022,,,-0.0052985811220565004,-0.0029401627015126497,-0.0004919407160065342,0.0025865212561164697,-0.0076655052264807955
2022-11-11,0.36329863377478944,-0.042277294511856134,0.0020062103668232467,,,,0.4614011052936083,,0.002614032556282231,-0.007183252157050624,-0.7512900496010816,-0.014786173133267022,,,0.00023234184677201064,-0.0029401627015126497,0.03896731174013954,0.0025865212561164697,-0.0076655052264807955
2022-11-18,0.36329863377478944,0.006003201463567365,9.334235642866062e-06,,,,0.4614011052936083,,0.002614032556282231,-0.007183252157050624,-0.7512900496010816,-0.014786173133267022,,,-0.006137423627871175,-0.0029401627015126497,-0.0029307522440550765,0.0025865212561164697,-0.0076655052264807955
2022-11-25,0.36329863377478944,-0.009112761858984797,0.00030802690101605634,,,,0.351101024229033,,0.002614032556282231,-0.007183252157050624,-0.7512900496010816,-0.014786173133267022,,,-0.0004903995307004028,-0.0029401627015126497,0.0069020714671792285,0.0025865212561164697,-0.0076655052264807955
2022-12-02,0.36329863377478944,-0.013396200699458127,-0.001880251757778728,,,,0.21716521150776247,,0.0001539563433359259,-0.019988067959430977,-0.8436980927702122,-0.012556475511662946,,,-0.004270077098936453,-0.011775520230755787,0.013140793561058232,0.0013533631073217034,-0.0814606741573034
2022-12-09,0.36329863377478944,0.0024837088243474525,0.0031832842518579874,,,,0.264436674821152,,0.0001539563433359259,-0.019988067959430977,-0.8436980927702122,-0.012556475511662946,,,-0.00021445438889466928,-0.011775520230755787,3.7976966974134774e-05,0.0013533631073217034,-0.0814606741573034
2022-12-16,0.5955230546385292,-0.0010500751595952096,-0.00020968170317459123,,,,0.1935294798510679,,0.0001539563433359259,-0.019988067959430977,-0.8436980927702122,-0.012556475511662946,,,7.899579795944689e-05,-0.011775520230755787,0.004830286706277123,0.0013533631073217034,-0.0814606741573034
2022-12-23,0.5955230546385292,-0.003731877446266907,0.0005825713300335877,,,,0.40625106476132067,,0.0001539563433359259,-0.019988067959430977,-0.8436980927702122,-0.012556475511662946,,,-0.0022138046951719614,-0.011775520230755787,0.0031413490228243343,0.0013533631073217034,-0.0814606741573034
2022-12-30,0.5955230546385292,-0.007602412957870008,-0.0013228314181776835,,,,0.5086725686069978,,0.0001539563433359259,-0.019988067959430977,-0.8436980927702122,-0.012556475511662946,,,-0.001546165871768701,-0.011775520230755787,0.008002031469853899,0.0013533631073217034,-0.0814606741573034
2023-01-06,0.5955230546385292,0.0034715620298815253,-0.0015344648262417548,,,,0.2486795203833555,,0.005314022594635093,0.009034614594198409,-0.8436980927702122,0.0401409898457088,,,-0.005115090112240761,0.007403294095005952,-0.005734702135761292,0.005355453439654045,0.04051987767584109
2023-01-13,0.5955230546385292,-0.016304712445636582,0.0024570483655490527,,,,0.2014080570699663,,0.005314022594635093,0.009034614594198409,-0.8436980927702122,0.0401409898457088,,,0.00013611632844656718,0.007403294095005952,0.017595871161862835,0.005355453439654045,0.04051987767584109
2023-01-20,0.5955230546385292,-0.0018607792731497597,-0.004133194162270981,,,,0.1935294798510679,,0.005314022594635093,0.009034614594198409,-0.8436980927702122,0.0401409898457088,,,-0.002297443747122707,0.007403294095005952,0.002278062880214038,0.005355453439654045,0.04051987767584109
2023-01-27,0.5955230546385292,-0.0007845624615150371,-0.006761277764520401,,,,0.22504378872666092,,0.005314022594635093,0.009034614594198409,-0.8436980927702122,0.0401409898457088,,,-0.00217716045361549,0.007403294095005952,0.0009208188571338954,0.005355453439654045,0.04051987767584109
2023-02-03,0.711635265070399,0.009665663448199524,-0.004291663526042155,,,,0.23292236594555898,,0.003428533386591992,-0.0059870805104773606,-0.7512900496010816,-0.009796203823205452,,,-0.004361814695302835,0.0013591363613749685,-0.006648899264650329,0.002949133744475585,0.02792064658339455
2023-02-10,0.711635265070399,0.006874867069895707,0.0032598256064269027,,,,0.39837248754242255,,0.003428533386591992,-0.0059870805104773606,-0.7512900496010816,-0.009796203823205452,,,0.00020857023267617514,0.0013591363613749685,-0.010946481397089813,0.002949133744475585,0.02792064658339455
2023-02-17,0.711635265070399,0.002217007600457954,-0.0031407686866304907,,,,0.4614011052936083,,0.003428533386591992,-0.0059870805104773606,-0.7512900496010816,-0.009796203823205452,,,-0.005998789146035022,0.0013591363613749685,0.001637940679650729,0.002949133744475585,0.02792064658339455
2023-02-24,0.711635265070399,0.01291449982544357,-0.00040684252355915884,,,,0.5638226091392858,,0.003428533386591992,-0.0059870805104773606,-0.7512900496010816,-0.009796203823205452,,,-0.0003073430663010912,0.0013591363613749685,-0.014051444663247703,0.002949133744475585,0.02792064658339455
2023-03-03,0.7069907766531243,-0.0065799355835007844,-9.465304924793916e-05,,,,0.5795797635770823,,0.0012307181953890023,-0.006212572824729534,-0.8436980927702122,-0.01254424948606625,,,-0.005070989800994741,0.003764844756045216,0.008499678131716752,0.0014157779658034997,-0.01572551822730517
2023-03-10,0.7069907766531243,0.0005739377338436213,0.002257688921705192,,,,0.3668581786668295,,0.0012307181953890023,-0.006212572824729534,-0.8436980927702122,-0.01254424948606625,,,0.0003116425034810355,0.003764844756045216,0.0004700927109380845,0.0014157779658034997,-0.01572551822730517
2023-03-17,0.711635265070399,-0.00835381249475553,-0.00021250974002973155,,,,0.12262228488098374,,0.0012307181953890023,-0.006212572824729534,-0.8436980927702122,-0.01254424948606625,,,0.035603802939794704,0.003764844756045216,0.002365909490372589,0.0014157779658034997,-0.01572551822730517
2023-03-24,0.8277474755022688,-0.0057051485081336395,-0.006551414671012279,,,,0.1147437076620853,,0.0012307181953890023,-0.006212572824729534,-0.8436980927702122,-0.01254424948606625,,,0.010936881460303471,0.003764844756045216,0.008859818862683763,0.0014157779658034997,-0.01572551822730517
2023-03-31,0.8277474755022688,-0.005933009631196029,-0.0059907856011943705,,,,0.1935294798510679,,0.0012307181953890023,-0.006212572824729534,-0.8436980927702122,-0.01254424948606625,,,-0.0031881931629429427,0.003764844756045216,0.007343679545179754,0.0014157779658034997,-0.01572551822730517
2023-04-07,0.8277474755022688,-0.0067538301575682524,0.0030277954492186065,,,,0.12262228488098374,,0.003392739405144063,-0.0005990772654067555,-0.9361061359393429,0.0087454994022238,,,-0.00844917184148486,0.002301513059230542,0.0058235174583455285,0.003454968294600791,-0.016702977487291215
2023-04-14,0.8277474755022688,-0.002655227398812521,0.004449298031436122,,,,0.22504378872666092,,0.003392739405144063,-0.0005990772654067555,-0.9361061359393429,0.0087454994022238,,,-0.002037328274553163,0.002301513059230542,0.0081855347324504,0.003454968294600791,-0.016702977487291215
2023-04-21,0.8277474755022688,0.002655227398812521,-0.0037744090319946633,,,,0.264436674821152,,0.003392739405144063,-0.0005990772654067555,-0.9361061359393429,0.0087454994022238,,,-0.0024996526325576918,0.002301513059230542,-0.0002729878537358621,0.003454968294600791,-0.016702977487291215
2023-04-28,0.8277474755022688,-0.0014742891996952778,-0.013539273902227533,,,,0.16201517097547485,,0.003392739405144063,-0.0005990772654067555,-0.9361061359393429,0.0087454994022238,,,-0.003548710193089666,0.002301513059230542,0.002363422607262272,0.003454968294600791,-0.016702977487291215
2023-05-05,0.9438596859341387,-0.004534699122295649,-0.001826148710342812,,,,0.16201517097547485,,0.0016146873813336349,-0.012603733632273184,-0.7512900496010816,0.004131028269797943,,,-0.006863901953200191,-0.0032038556882264535,0.00030865038327040906,0.0016590107627281192,0.16986706056129974
2023-05-12,0.9438596859341387,0.01441980182005409,0.003131428018295024,,,,0.17777232541327137,,0.0016146873813336349,-0.012603733632273184,-0.7512900496010816,0.004131028269797943,,,-0.00011488719300600803,-0.0032038556882264535,-0.01558729716547963,0.0016590107627281192,0.16986706056129974
2023-05-19,0.9438596859341387,0.005051464501121039,-0.0002364157443236481,,,,0.3668581786668295,,0.0016146873813336349,-0.012603733632273184,-0.7512900496010816,0.004131028269797943,,,-0.00544006909547512,-0.0032038556882264535,-0.004166499475131535,0.0016590107627281192,0.16986706056129974
2023-05-26,0.9438596859341387,0.009739261742762295,-0.000921756839580512,,,,0.44564395085581177,,0.0016146873813336349,-0.012603733632273184,-0.7512900496010816,0.004131028269797943,,,-0.002424687468959741,-0.0032038556882264535,-0.007144579768868259,0.0016590107627281192,0.16986706056129974
2023-06-02,0.9438596859341387,-0.0018249291460037398,0.0028692602718549676,,,,0.3589796014479311,,0.00224175331482801,0.0007490046122917704,-0.7512900496010816,0.004066274821503457,,,-0.005974333397935405,-0.008015567440745164,-0.0017731328428911425,0.0026550145651267343,-0.10290404040404044
2023-06-09,0.9438596859341387,-0.004432024764387421,0.004898466399506862,,,,0.40625106476132067,,0.00224175331482801,0.0007490046122917704,-0.7512900496010816,0.004066274821503457,,,0.0004139113321075527,-0.008015567440745164,0.0037292603354401876,0.0026550145651267343,-0.10290404040404044
2023-06-16,0.9438596859341387,-0.012241428519502051,-0.0035085532969376665,,,,0.4220082191991172,,0.00224175331482801,0.0007490046122917704,-0.7512900496010816,0.004066274821503457,,,-0.00011943749944121063,-0.008015567440745164,0.017901345413253292,0.0026550145651267343,-0.10290404040404044
2023-06-23,0.939215197516864,0.005847954879723893,-0.0014718543922347394,,,,0.39837248754242255,,0.00224175331482801,0.0007490046122917704,-0.7512900496010816,0.004066274821503457,,,-0.0031308999426941098,-0.008015567440745164,-0.0044981776263336715,0.0026550145651267343,-0.10290404040404044
2023-06-30,0.9438596859341387,9.719776479499842e-05,-0.0034249379802017144,,,,0.4535225280747102,,0.00224175331482801,0.0007490046122917704,-0.7512900496010816,0.004066274821503457,,,-0.0025288027112936318,-0.008015567440745164,0.001504697876384714,0.0026550145651267343,-0.10290404040404044
2023-07-07,0.9438596859341387,-0.006238513439858373,0.0048336265733455175,,,,0.6504869585471661,,0.001957146710348745,-9.847947687702252e-05,-0.8436980927702122,0.0009971630964717981,,,-0.005107593724141046,0.00786159752935478,0.005175720470605341,0.0011455229146086765,0.027445460942997935
2023-07-14,0.9438596859341387,-0.023346524594686002,0.0005195205018182492,,,,0.46927968251250674,,0.001957146710348745,-9.847947687702252e-05,-0.8436980927702122,0.0009971630964717981,,,-0.00016738343894517893,0.00786159752935478,0.02365096901424958,0.0011455229146086765,0.027445460942997935
2023-07-21,0.9438596859341387,0.011543525668112231,-0.0003894380553098875,,,,0.4771582597314048,,0.001957146710348745,-9.847947687702252e-05,-0.8436980927702122,0.0009971630964717981,,,-0.0026963007852429666,0.00786159752935478,-0.0091182642327136,0.0011455229146086765,0.027445460942997935
2023-07-28,1.0599718963660085,0.005427050126431077,-0.005406159366267205,,,,0.5717011863581839,,0.001957146710348745,-9.847947687702252e-05,-0.8436980927702122,0.0009971630964717981,,,-0.003771563705201153,0.00786159752935478,-0.009919138926499108,0.0011455229146086765,0.027445460942997935
2023-08-04,1.0599718963660085,0.0039284463965651994,0.002069762605966474,,,,0.642608381328268,,0.004835707415079771,0.015147635274883386,-0.6588820064319508,0.010070308880505419,,,-0.004437519530908762,-0.0006679437539827138,-0.0006811401641066694,0.0030097755519995495,-0.09794520547945207
2023-08-11,1.0599718963660085,0.008005507197793804,0.00264459619236046,,,,0.7292727307361491,,0.004835707415079771,0.015147635274883386,-0.6588820064319508,0.010070308880505419,,,0.00017997349503406923,-0.0006679437539827138,-0.005794793626834133,0.0030097755519995495,-0.09794520547945207
2023-08-18,1.0599718963660085,0.00523714641215367,-0.0009530089573215328,,,,0.8080585029251313,,0.004835707415079771,0.015147635274883386,-0.6588820064319508,0.010070308880505419,,,-0.007616004452110969,-0.0006679437539827138,-0.006646918539320423,0.0030097755519995495,-0.09794520547945207
2023-08-25,1.0599718963660085,0.00674835859694678,-0.002900296292727589,,,,0.8001799257062332,,0.004835707415079771,0.015147635274883386,-0.6588820064319508,0.010070308880505419,,,-0.0008177293444772138,-0.0006679437539827138,-0.007210116122105856,0.0030097755519995495,-0.09794520547945207
2023-09-01,1.0599718963660085,0.001536060526191818,-0.0013190763566434116,,,,0.7450298851739452,,0.003900915440960384,0.004866501086619124,-0.6588820064319508,0.006325700489422825,,,-0.0021808399145553103,0.0018028685244741993,-0.001826924922616907,0.003711664048937635,0.04100227790432798
2023-09-08,1.0599718963660085,0.008121178706937293,0.004117277081619797,,,,0.8080585029251313,,0.003900915440960384,0.004866501086619124,-0.6588820064319508,0.006325700489422825,,,-0.0024624088017262125,0.0018028685244741993,-0.006920571764122724,0.003711664048937635,0.04100227790432798
2023-09-15,1.0599718963660085,0.0021862407003618856,-4.818325053723704e-06,,,,0.8632085434574193,,0.003900915440960384,0.004866501086619124,-0.6588820064319508,0.006325700489422825,,,-0.00031340579397076684,0.0018028685244741993,-0.0036893845749510074,0.003711664048937635,0.04100227790432798
2023-09-22,1.0599718963660085,0.0024656450077849,-0.0014117760431723303,,,,0.9498728928653002,,0.003900915440960384,0.004866501086619124,-0.6588820064319508,0.006325700489422825,,,-0.009222254366985427,0.0018028685244741993,-0.0015397040051018246,0.003711664048937635,0.04100227790432798
2023-09-29,1.0599718963660085,0.005572589040752085,-0.005037467369853443,,,,1.0680515511487736,,0.003900915440960384,0.004866501086619124,-0.6588820064319508,0.006325700489422825,,,-0.0027449841664288765,0.0018028685244741993,-0.006816247677601868,0.003711664048937635,0.04100227790432798
2023-10-06,1.0599718963660085,-0.0012251757244232664,0.004786545297595035,,,,1.2177445183078406,,0.0013668493471667986,-0.014451559084554422,-0.4740659200936899,-0.005741657150107882,,,-0.005783757790490007,-0.005466184787138562,0.0013990908193371177,0.0005353363147448942,-0.002188183807439792
2023-10-13,1.0599718963660085,0.005736069170093394,-0.00020271248612391268,,,,1.0995658600243665,,0.0013668493471667986,-0.014451559084554422,-0.4740659200936899,-0.005741657150107882,,,-0.0004685900141557786,-0.005466184787138562,-0.007719336577139108,0.0005353363147448942,-0.002188183807439792
2023-10-20,1.0599718963660085,-0.004605034704626476,0.002442697974395225,,,,1.335923176591314,,0.0013668493471667986,-0.014451559084554422,-0.4740659200936899,-0.005741657150107882,,,-0.002375738394130633,-0.005466184787138562,0.008408708473346085,0.0005353363147448942,-0.002188183807439792
2023-10-27,1.0599718963660085,0.0037607593609001455,-0.007767729010758395,,,,1.2650159816212299,,0.0013668493471667986,-0.014451559084554422,-0.4740659200936899,-0.005741657150107882,,,-0.0031931782056133784,-0.005466184787138562,-0.0030727799722992527,0.0005353363147448942,-0.002188183807439792
2023-11-03,1.0599718963660085,-0.014557407635979125,-0.0002378167452108393,,,,1.0522943967109775,,0.0014689823722116024,-0.009153891971535155,-0.6588820064319508,-0.003274465716343933,,,-0.005205726476163464,0.003931564892220241,0.015922931000547348,7.408382996931806e-05,0.10672514619883033
2023-11-10,1.0599718963660085,0.00796669595048538,0.005539050060196393,,,,1.0838087055865704,,0.0014689823722116024,-0.009153891971535155,-0.6588820064319508,-0.003274465716343933,,,-0.0007592799183999688,0.003931564892220241,-0.004221385875408629,7.408382996931806e-05,0.10672514619883033
2023-11-17,1.0599718963660085,-0.019458844735877,5.7933791332231976e-05,,,,0.9498728928653002,,0.0014689823722116024,-0.009153891971535155,-0.6588820064319508,-0.003274465716343933,,,-0.005813738257870682,0.003931564892220241,0.021205872741891174,7.408382996931806e-05,0.10672514619883033
2023-11-24,1.0599718963660085,-0.004053650628234706,0.002466871032368534,,,,0.9735086245219945,,0.0014689823722116024,-0.009153891971535155,-0.6588820064319508,-0.003274465716343933,,,-0.0005344855803416371,0.003931564892220241,0.0020960626424310624,7.408382996931806e-05,0.10672514619883033
2023-12-01,1.0599718963660085,-0.0012580916544440157,-0.0004671186963053353,,,,0.7765441940495382,,0.001924399963653789,-0.011824912202992977,-0.5664739632628206,0.0011607788168817024,,,-0.0018780372954726454,-0.0025856624619908786,-0.005032437231135778,0.0013745647897409619,0.004623513870541718
2023-12-08,1.0599718963660085,0.007140183726810356,0.004933536970210817,,,,0.784422771268437,,0.001924399963653789,-0.011824912202992977,-0.5664739632628206,0.0011607788168817024,,,-0.007537058379493922,-0.0025856624619908786,-0.011181767508150212,0.0013745647897409619,0.004623513870541718
2023-12-15,1.0599718963660085,-0.01413655462662522,-0.00032121505587712207,,,,0.5323083002636928,,0.001924399963653789,-0.011824912202992977,-0.5664739632628206,0.0011607788168817024,,,0.0002818781797726544,-0.0025856624619908786,0.012137035331321572,0.0013745647897409619,0.004623513870541718
2023-12-22,1.0599718963660085,-0.008323241230057121,0.003510521974332992,,,,0.5244297230447943,,0.001924399963653789,-0.011824912202992977,-0.5664739632628206,0.0011607788168817024,,,-0.0020030838938513984,-0.0025856624619908786,0.010847836387897797,0.0013745647897409619,0.004623513870541718
2023-12-29,1.0599718963660085,-0.0036447375166233087,0.0012282076770149253,,,,0.5086725686069978,,0.001924399963653789,-0.011824912202992977,-0.5664739632628206,0.0011607788168817024,,,-0.0014606302408460836,-0.0025856624619908786,0.002394732734932001,0.0013745647897409619,0.004623513870541718
2024-01-05,1.0599718963660085,0.010601864316201137,-0.0008305291043173568,,,,0.642608381328268,,0.0030996854969052023,0.005763089015712319,-0.6588820064319508,-0.008938908483885788,,,-0.004117451279895046,-0.013725223179007373,-0.008936837688993587,0.004685188229492043,-0.0920447074293228
2024-01-12,1.0599718963660085,-9.767234007185266e-05,0.0012659376776493758,,,,0.5717011863581839,,0.0030996854969052023,0.005763089015712319,-0.6588820064319508,-0.008938908483885788,,,0.0007402658812158958,-0.013725223179007373,0.0008315248908588729,0.004685188229492043,-0.0920447074293228
2024-01-19,1.0599718963660085,0.008653847375632573,-0.0006870360121374874,,,,0.7213941535172509,,0.0030996854969052023,0.005763089015712319,-0.6588820064319508,-0.008938908483885788,,,-0.0016871977738199817,-0.013725223179007373,-0.004788443661094863,0.004685188229492043,-0.0920447074293228
2024-01-26,1.0599718963660085,0.0017411525323112187,-0.006197123923381009,,,,0.7213941535172509,,0.0030996854969052023,0.005763089015712319,-0.6588820064319508,-0.008938908483885788,,,0.0004546674171046483,-0.013725223179007373,-0.004120076457973965,0.004685188229492043,-0.0920447074293228
2024-02-02,1.0599718963660085,0.004339627327983209,-0.0025558000326681984,,,,0.6268512268904719,,0.0040975401843086345,0.014404749588151411,-0.4740659200936899,0.0072366812464343955,,,-0.006135806794898668,0.010710293956096573,-0.006128665288277005,0.0030107174997955344,0.12382331643736433
2024-02-09,1.0599718963660085,0.0015384970545166965,0.0061217019391008876,,,,0.7371513079550471,,0.0040975401843086345,0.014404749588151411,-0.4740659200936899,0.0072366812464343955,,,0.0001541259355679614,0.010710293956096573,-0.00025965595731740343,0.0030107174997955344,0.12382331643736433
2024-02-16,1.0599718963660085,0.0019197255622751541,-0.0037387562053299295,,,,0.8395728118007243,,0.0040975401843086345,0.014404749588151411,-0.4740659200936899,0.0072366812464343955,,,0.00033729508733770786,0.010710293956096573,-0.0006679964993023119,0.0030107174997955344,0.12382331643736433
2024-02-23,1.0599718963660085,-0.0032657442903802902,0.0005477819635579806,,,,0.8080585029251313,,0.0040975401843086345,0.014404749588151411,-0.4740659200936899,0.0072366812464343955,,,-0.006836764662345729,0.010710293956096573,0.004066006333425007,0.0030107174997955344,0.12382331643736433
2024-03-01,1.0599718963660085,-0.0007699887760583835,-0.0005234696915850101,,,,0.7529084623928439,,0.004431338373525273,0.0006629374798960974,-0.4740659200936899,0.00465774115568629,,,-0.0018302004976995523,0.0017200977214937296,0.0016623879407913489,0.003588965562244084,-0.15463917525773196
2024-03-08,1.0599718963660085,-0.010842340046314902,0.008038747435336724,,,,0.6741226902038611,,0.004431338373525273,0.0006629374798960974,-0.4740659200936899,0.00465774115568629,,,-0.0038254146808976985,0.0017200977214937296,0.009304357843489736,0.003588965562244084,-0.15463917525773196
2024-03-15,1.0599718963660085,0.006693554093732068,0.0024500691167359534,,,,0.8474513890196224,,0.004431338373525273,0.0006629374798960974,-0.4740659200936899,0.00465774115568629,,,0.00041279467165922235,0.0017200977214937296,-0.004691875731965778,0.003588965562244084,-0.15463917525773196
2024-03-22,1.0599718963660085,0.009621935073491628,0.003732691722458936,,,,0.7765441940495382,,0.004431338373525273,0.0006629374798960974,-0.4740659200936899,0.00465774115568629,,,-0.003662306222685374,0.0017200977214937296,-0.007551241631176778,0.003588965562244084,-0.15463917525773196
2024-03-29,1.0599718963660085,0.001148461650342547,-0.0022218116529048038,,,,0.7607870396117421,,0.004431338373525273,0.0006629374798960974,-0.4740659200936899,0.00465774115568629,,,-0.003940328555451567,0.0017200977214937296,-0.0013892106888060557,0.003588965562244084,-0.15463917525773196
2024-04-05,1.0599718963660085,-0.0023940637979507073,0.008308802582850605,,,,0.9104800067708084,,0.0021706766556210955,0.007381563731158947,-0.4740659200936899,-0.0004916363099423116,,,-0.006036416233084374,-0.002131249533384838,0.004254144952805322,0.0024626538142686893,0.055640243902439046
2024-04-12,1.0599718963660085,0.016544998788467602,-0.0008522861044403252,,,,0.9971443561786895,,0.0021706766556210955,0.007381563731158947,-0.4740659200936899,-0.0004916363099423116,,,-0.0001857637241352572,-0.002131249533384838,-0.018394427691213175,0.0024626538142686893,0.055640243902439046
2024-04-19,1.0599718963660085,0.001036812469390469,5.184057609008974e-05,,,,1.0916872828054685,,0.0021706766556210955,0.007381563731158947,-0.4740659200936899,-0.0004916363099423116,,,-0.004392205831106999,-0.002131249533384838,0.0013244972839633051,0.0024626538142686893,0.055640243902439046
2024-04-26,1.0599718963660085,-0.001980283362447821,-0.01248821866163996,,,,1.1310801688999597,,0.0021706766556210955,0.007381563731158947,-0.4740659200936899,-0.0004916363099423116,,,-0.0004148264818095715,-0.002131249533384838,0.00371050986038797,0.0024626538142686893,0.055640243902439046
2024-05-03,1.0599718963660085,-0.008626907149299257,-0.0039751849200667655,,,,0.9971443561786895,,0.0004855873210594108,-0.00647915385752873,-0.4740659200936899,0.007883480281226651,,,-0.00539822442185911,0.006180955554181189,0.006404690682437306,5.675322885334566e-05,-0.04981949458483759
2024-05-10,1.0599718963660085,0.002662346197202403,0.004058126554137953,,,,0.9971443561786895,,0.0004855873210594108,-0.00647915385752873,-0.4740659200936899,0.007883480281226651,,,-0.0012313795607291622,0.006180955554181189,0.0007895849515897752,5.675322885334566e-05,-0.04981949458483759
2024-05-17,1.0599718963660085,-0.008199899424291779,-0.0021950334981198916,,,,0.9341157384275034,,0.0004855873210594108,-0.00647915385752873,-0.4740659200936899,0.007883480281226651,,,-0.006682071768627562,0.006180955554181189,0.009058702780127825,5.675322885334566e-05,-0.04981949458483759
2024-05-24,1.0599718963660085,0.0025816744733022645,0.0014251281658888004,,,,0.9656300473030964,,0.0004855873210594108,-0.00647915385752873,-0.4740659200936899,0.007883480281226651,,,-0.0006442804977689898,0.006180955554181189,-0.0020633378113038697,5.675322885334566e-05,-0.04981949458483759
2024-05-31,1.0599718963660085,-0.000477606885276316,-0.0024832618599631706,,,,1.0050229333975875,,0.0004855873210594108,-0.00647915385752873,-0.4740659200936899,0.007883480281226651,,,-0.0020887543177224854,0.006180955554181189,-0.0020633378113038697,5.675322885334566e-05,-0.04981949458483759
2024-06-07,1.0599718963660085,0.002099649781347246,0.006989592209955875,,,,0.9419943156464015,,-0.00041829647960411886,0.002353973358191652,-0.28924983375542895,-0.0006545941516259424,,,-0.003930635108099989,0.00030734759029571457,-0.004158010148663641,0.0015484645069234748,0.008358662613981771
2024-06-14,1.0599718963660085,0.006272627052696933,0.0014928069524868803,,,,0.7607870396117421,,-0.00041829647960411886,0.002353973358191652,-0.28924983375542895,-0.0006545941516259424,,,0.0004530239521081114,0.00030734759029571457,-0.009068775093210024,0.0015484645069234748,0.008358662613981771
2024-06-21,1.0599718963660085,0.002365745061549518,0.0008022558104208155,,,,0.8001799257062332,,-0.00041829647960411886,0.002353973358191652,-0.28924983375542895,-0.0006545941516259424,,,-0.0008860756354823751,0.00030734759029571457,-0.0010750930056012825,0.0015484645069234748,0.008358662613981771
2024-06-28,1.0599718963660085,0.0006614040294659063,-0.004477647337839508,,,,0.8868442751141141,,-0.00041829647960411886,0.002353973358191652,-0.28924983375542895,-0.0006545941516259424,,,-0.002947794028631656,0.00030734759029571457,0.0018876569696700818,0.0015484645069234748,0.008358662613981771
2024-07-05,1.0599718963660085,-0.009395139030665689,0.0019153710912374056,,,,0.823815657362928,,0.0016770805381991494,0.00549794071445886,-0.1968417905862979,0.009725340386913528,,,-0.001333533762134853,-0.009101631415148637,0.011676281939825395,0.001594638130469006,-0.0467219291635268
2024-07-12,1.0599718963660085,-0.007560938922358318,0.0032432483843201076,,,,0.7450298851739452,,0.0016770805381991494,0.00549794071445886,-0.1968417905862979,0.009725340386913528,,,0.0003543575313784686,-0.009101631415148637,0.006291874461848826,0.001594638130469006,-0.0467219291635268
2024-07-19,1.0599718963660085,0.002973815719004236,-0.0006636171876851504,,,,0.8001799257062332,,0.0016770805381991494,0.00549794071445886,-0.1968417905862979,0.009725340386913528,,,-0.0021915596437968032,-0.009101631415148637,-0.0021296525334115607,0.001594638130469006,-0.0467219291635268
2024-07-26,1.0599718963660085,-0.0007665948112753895,-0.0031637614134946146,,,,0.7607870396117421,,0.0016770805381991494,0.00549794071445886,-0.1968417905862979,0.009725340386913528,,,-0.00038733411882252433,-0.009101631415148637,-0.0025026235390404328,0.001594638130469006,-0.0467219291635268
2024-08-02,1.0599718963660085,-0.010697356545648518,-0.0014179807573349024,,,,0.44564395085581177,,0.001572221743858515,-0.007220553316674594,-0.1968417905862979,-0.003652936379812899,,,-0.0037560431645190517,0.004553106404856289,0.005035664541011967,0.0012365035236308053,0.09960474308300404
2024-08-09,1.0599718963660085,-0.0006784560021992903,0.007905270180120105,,,,0.5559440319203873,,0.001572221743858515,-0.007220553316674594,-0.1968417905862979,-0.003652936379812899,,,-0.0004367273947601946,0.004553106404856289,0.0004581985546105588,0.0012365035236308053,0.09960474308300404
2024-08-16,1.0599718963660085,-0.006614813129518282,-0.000992818612039592,,,,0.5165511458258962,,0.001572221743858515,-0.007220553316674594,-0.1968417905862979,-0.003652936379812899,,,0.00033894261054934205,0.004553106404856289,0.01007296542117643,0.0012365035236308053,0.09960474308300404
2024-08-23,1.0599718963660085,-0.017128067719734297,0.0006625368536123943,,,,0.4535225280747102,,0.001572221743858515,-0.007220553316674594,-0.1968417905862979,-0.003652936379812899,,,-0.005257403219532497,0.004553106404856289,0.01494405888535856,0.0012365035236308053,0.09960474308300404
2024-08-30,1.0599718963660085,0.009682871191201592,-0.00262947566552707,,,,0.5323083002636928,,0.001572221743858515,-0.007220553316674594,-0.1968417905862979,-0.003652936379812899,,,-0.002340912095767589,0.004553106404856289,-0.013023055023466859,0.0012365035236308053,0.09960474308300404
2024-09-06,1.0599718963660085,-0.005126161167105181,0.00476544977784954,,,,0.38261533310462603,,0.002133336729690294,-0.01088611658048333,-0.28924983375542895,0.008570230996966632,,,-0.0014980546768197378,-0.00619829156166074,0.003298767084570317,0.0022197289509158225,-0.024442846872753443
2024-09-13,1.0599718963660085,-0.0006920727401391602,0.004077433482147175,,,,0.33534386979123654,,0.002133336729690294,-0.01088611658048333,-0.28924983375542895,0.008570230996966632,,,0.00034221118760635605,-0.00619829156166074,-0.0008394752419049745,0.0022197289509158225,-0.024442846872753443
2024-09-20,0.8277474755022688,-0.0038646372839572507,-0.0010481194950225925,,,,0.39049391032352415,,0.002133336729690294,-0.01088611658048333,-0.28924983375542895,0.008570230996966632,,,-0.0008241741638546074,-0.00619829156166074,0.00791534754965971,0.0022197289509158225,-0.024442846872753443
2024-09-27,0.8277474755022688,-0.0029830294832660087,-0.0048038242393161346,,,,0.40625106476132067,,0.002133336729690294,-0.01088611658048333,-0.28924983375542895,0.008570230996966632,,,-0.0040902292359817904,-0.00619829156166074,-6.27164276928438e-05,0.0022197289509158225,-0.024442846872753443
2024-10-04,0.8277474755022688,0.020696496379092544,0.0022031221929104117,,,,0.5874583407959804,,0.002856398459641696,0.001579059845972397,-0.28924983375542895,0.00656729755212937,,,-0.004679904503620658,-0.0033955057890919793,-0.01690583252591625,0.0026577752005412236,-0.00368459837877666
2024-10-11,0.8277474755022688,0.0036025817039533337,0.004047475281153234,,,,0.666244112984963,,0.002856398459641696,0.001579059845972397,-0.28924983375542895,0.00656729755212937,,,-1.2061998673207341e-05,-0.0033955057890919793,-0.0035236375530093705,0.0026577752005412236,-0.00368459837877666
2024-10-18,0.8277474755022688,0.005814518582538675,-0.0013202281504591795,,,,0.666244112984963,,0.002856398459641696,0.001579059845972397,-0.28924983375542895,0.00656729755212937,,,-0.0010722536626346368,-0.0033955057890919793,-0.00644947488625934,0.0026577752005412236,-0.00368459837877666
2024-10-25,0.8277474755022688,0.007412830791234448,-0.00013643142439101474,,,,0.8001799257062332,,0.002856398459641696,0.001579059845972397,-0.28924983375542895,0.00656729755212937,,,-0.0014029835989001205,-0.0033955057890919793,-0.00664883786518379,0.0026577752005412236,-0.00368459837877666
2024-11-01,0.8277474755022688,0.000191777529873427,-0.0014727194022546852,,,,0.8947228523330123,,0.0028419261732848256,0.0005136695366305677,-0.1968417905862979,0.005829248072692694,,,-0.002264486568427926,-0.0017794399288223461,0.0037915613924978525,0.0011486497341237634,-0.04215976331360949
2024-11-08,0.711635265070399,0.006880772798235846,0.008147244120460417,,,,0.8395728118007243,,0.0028419261732848256,0.0005136695366305677,-0.1968417905862979,0.005829248072692694,,,-0.0027362981910574735,-0.0017794399288223461,-0.010746106139349773,0.0011486497341237634,-0.04215976331360949
2024-11-15,0.711635265070399,0.015967105929024505,0.0020004860994260465,,,,0.9419943156464015,,0.0028419261732848256,0.0005136695366305677,-0.1968417905862979,0.005829248072692694,,,-0.0038875947396587174,-0.0017794399288223461,-0.016822615599691858,0.0011486497341237634,-0.04215976331360949
2024-11-22,0.711635265070399,0.007470344024664399,0.001898533417920012,,,,0.9262371612086052,,0.0028419261732848256,0.0005136695366305677,-0.1968417905862979,0.005829248072692694,,,-0.006225969225681638,-0.0017794399288223461,-0.011460759930900302,0.0011486497341237634,-0.04215976331360949
2024-11-29,0.711635265070399,-0.016414569506579824,-0.0033568764753262315,,,,0.7450298851739452,,0.0028419261732848256,0.0005136695366305677,-0.1968417905862979,0.005829248072692694,,,-0.002685112983158988,-0.0017794399288223461,0.014813956658181561,0.0011486497341237634,-0.04215976331360949
2024-12-06,0.711635265070399,0.002172816101439601,0.005932860573105048,,,,0.7213941535172509,,0.003399383308901438,0.0008372464071466634,-0.28924983375542895,0.008857066832807625,,,-0.0013487054570943124,0.010421733766397212,-0.0007094848964488698,0.002743968484478998,0.16911196911196913
2024-12-13,0.711635265070399,0.009672787755834023,0.0018390206750504845,,,,0.9183585839897072,,0.003399383308901438,0.0008372464071466634,-0.28924983375542895,0.008857066832807625,,,0.00024043526614003774,0.010421733766397212,-0.006227178507276769,0.002743968484478998,0.16911196911196913
2024-12-20,0.5955230546385292,0.005777695120479542,0.0017568419491211795,,,,1.0129015106164856,,0.003399383308901438,0.0008372464071466634,-0.28924983375542895,0.008857066832807625,,,-0.0011820250424611212,0.010421733766397212,-0.007387936748482912,0.002743968484478998,0.16911196911196913
2024-12-27,0.5955230546385292,0.0035246975418345983,0.0015547853609554352,,,,1.0916872828054685,,0.003399383308901438,0.0008372464071466634,-0.28924983375542895,0.008857066832807625,,,-0.0004890169322656623,0.010421733766397212,-4.7965541564248815e-05,0.002743968484478998,0.16911196911196913
2025-01-03,0.5955230546385292,0.008757806255781375,0.0007438447997856201,,,,1.0759301283676717,,0.0042726162139017365,0.015535290798388557,-0.38165787692455927,-0.009375959910132292,,,-0.004860903260734961,-0.0026174331413283403,-0.011316779805286028,0.0035045887709135304,-0.1030383091149274
2025-01-10,0.5955230546385292,0.006404455399800391,0.0004339716718064768,,,,1.2098659410889419,,0.0042726162139017365,0.015535290798388557,-0.38165787692455927,-0.009375959910132292,,,0.00015512607021306302,-0.0026174331413283403,-0.006092298387609059,0.0035045887709135304,-0.1030383091149274
2025-01-17,0.5955230546385292,-0.0027397556111070642,-0.000309186056170363,,,,1.0838087055865704,,0.0042726162139017365,0.015535290798388557,-0.38165787692455927,-0.009375959910132292,,,-0.0028429045718469936,-0.0026174331413283403,0.002632221846388408,0.0035045887709135304,-0.1030383091149274
2025-01-24,0.5955230546385292,-0.017621158230274325,-0.003651370302495849,,,,1.0995658600243665,,0.0042726162139017365,0.015535290798388557,-0.38165787692455927,-0.009375959910132292,,,-0.00033801234110864,-0.0026174331413283403,0.021279140704246743,0.0035045887709135304,-0.1030383091149274
2025-01-31,0.5955230546385292,0.008618748340969873,-0.0049388435878428005,,,,1.0601729739298755,,0.0042726162139017365,0.015535290798388557,-0.38165787692455927,-0.009375959910132292,,,-0.0019868964951930135,-0.0026174331413283403,-0.012631989223611466,0.0035045887709135304,-0.1030383091149274
2025-02-07,0.5955230546385292,-0.003049785881009015,0.0012059187797404114,,,,0.9892657789597913,,0.002251058906888259,0.008307429281939616,-0.1968417905862979,0.0012029748057138523,,,-0.0010634793477326543,0.01033931046612846,-0.003306555206845141,0.004018593970514406,0.09720176730486019
2025-02-14,0.5955230546385292,-0.01369949402913484,-0.0002557746950467843,,,,0.9735086245219945,,0.002251058906888259,0.008307429281939616,-0.1968417905862979,0.0012029748057138523,,,0.0003785089712351475,0.01033931046612846,0.015881355822411576,0.004018593970514406,0.09720176730486019
2025-02-21,0.5955230546385292,0.0003752783182244812,0.001228032635897769,,,,0.9341157384275034,,0.002251058906888259,0.008307429281939616,-0.1968417905862979,0.0012029748057138523,,,-0.004576347032727468,0.01033931046612846,-0.0033799298904459013,0.004018593970514406,0.09720176730486019
2025-02-28,0.5955230546385292,0.009336264196715405,-0.00018119140316485982,,,,0.792301348487335,,0.002251058906888259,0.008307429281939616,-0.1968417905862979,0.0012029748057138523,,,-0.002393129678700534,0.01033931046612846,-0.007796262353377548,0.004018593970514406,0.09720176730486019
2025-03-07,0.5955230546385292,-0.035662368195254146,0.005808469212789769,,,,0.8553299662385211,,0.0003315826188146076,-0.0037495472026759513,-0.1968417905862979,0.013631926630496505,,,-0.001379967576599861,-0.0005825955273676131,0.042949910976853745,0.00015882974245751136,-0.09060402684563762
2025-03-14,0.5955230546385292,-0.0011562452492519526,0.00474467898342823,,,,0.8474513890196224,,0.0003315826188146076,-0.0037495472026759513,-0.1968417905862979,0.013631926630496505,,,0.00041543555465306525,-0.0005825955273676131,0.004284437484720835,0.00015882974245751136,-0.09060402684563762
2025-03-21,0.5955230546385292,0.0035609019055522495,0.005324627551958727,,,,0.8001799257062332,,0.0003315826188146076,-0.0037495472026759513,-0.1968417905862979,0.013631926630496505,,,-0.0005309508547214348,-0.0005825955273676131,-0.005938621143578529,0.00015882974245751136,-0.09060402684563762
2025-03-28,0.5955230546385292,-0.0004804249650183223,-0.0017334589595586758,,,,0.8159370801440293,,0.0003315826188146076,-0.0037495472026759513,-0.1968417905862979,0.013631926630496505,,,-0.0023281589560185667,-0.0005825955273676131,0.0010722969440920965,0.00015882974245751136,-0.09060402684563762
2025-04-04,0.5955230546385292,-0.009852337828036184,0.003972344783032877,,,,0.611094072452675,,0.0016167112278562268,-0.0005144570157624706,-0.1968417905862979,-0.002559504479932695,,,-0.0024926364040044335,0.0008659902375682815,0.012267726507536825,0.0016595072295757518,0.031734317343173446
2025-04-11,0.5955230546385292,-0.031955361353232625,0.004718746292087683,,,,0.9813872017408932,,0.0016167112278562268,-0.0005144570157624706,-0.1968417905862979,-0.002559504479932695,,,0.000589578091730214,0.0008659902375682815,0.035969265456111885,0.0016595072295757518,0.031734317343173446
2025-04-18,0.5955230546385292,-0.004016891661941635,0.0013263081395349374,,,,0.8710871206763173,,0.0016167112278562268,-0.0005144570157624706,-0.1968417905862979,-0.002559504479932695,,,-4.503958131918395e-05,0.0008659902375682815,0.0028747398907026656,0.0016595072295757518,0.031734317343173446
2025-04-25,0.5955230546385292,0.0009052448993918105,-0.008264837697095073,,,,0.8316942345818262,,0.0016167112278562268,-0.0005144570157624706,-0.1968417905862979,-0.002559504479932695,,,-2.7203348598403565e-05,0.0008659902375682815,-0.0023994421605434135,0.0016595072295757518,0.031734317343173446
2025-05-02,0.5955230546385292,0.0053140825516964085,-0.007309152449343603,,,,0.8632085434574193,,0.0009928130327003792,0.0011068454131706318,-0.10443374741716763,-0.008795212992024348,,,-0.0026242282883871537,-0.0016058871982903566,-0.0060726072787632285,0.0018232263178754593,-0.0829756795422032
2025-05-09,0.5955230546385292,0.003394196571010255,0.0022070478086180234,,,,0.8947228523330123,,0.0009928130327003792,0.0011068454131706318,-0.10443374741716763,-0.008795212992024348,,,0.00024026433846757733,-0.0016058871982903566,-0.004365346843168333,0.0018232263178754593,-0.0829756795422032
2025-05-16,0.5955230546385292,0.0074467903806354485,-0.0005608911733198108,,,,0.9419943156464015,,0.0009928130327003792,0.0011068454131706318,-0.10443374741716763,-0.008795212992024348,,,0.00035479651056657957,-0.0016058871982903566,-0.007318194195934213,0.0018232263178754593,-0.0829756795422032
2025-05-23,0.5955230546385292,-0.019780822362795547,0.001048811117397852,,,,1.0050229333975875,,0.0009928130327003792,0.0011068454131706318,-0.10443374741716763,-0.008795212992024348,,,-0.0036560424353556664,-0.0016058871982903566,0.017456913125574583,0.0018232263178754593,-0.0829756795422032
2025-05-30,0.5955230546385292,0.0022173080843774784,-0.002881208729097473,,,,0.9262371612086052,,0.0009928130327003792,0.0011068454131706318,-0.10443374741716763,-0.008795212992024348,,,-0.0023146410841167198,-0.0016058871982903566,-0.0013741105678452825,0.0018232263178754593,-0.0829756795422032
2025-06-06,0.5955230546385292,-0.0014104312899858584,0.006590165445412133,,,,1.0050229333975875,,0.002541949971929469,0.007008713535747058,-0.28924983375542895,0.009884521476869468,,,-5.3796923954796405e-05,0.005080943490598289,0.0043097828263987115,0.0028722899192910045,0.07800312012480504
2025-06-13,0.5955230546385292,-0.010234695633097424,0.0025959161248969576,,,,0.9262371612086052,,0.002541949971929469,0.007008713535747058,-0.28924983375542895,0.009884521476869468,,,0.0006399031303552238,0.005080943490598289,0.013771681092266619,0.0028722899192910045,0.07800312012480504
2025-06-20,0.5955230546385292,0.0053837174166408985,0.002127980199737811,,,,0.9026014295519104,,0.002541949971929469,0.007008713535747058,-0.28924983375542895,0.009884521476869468,,,0.0005842308588013267,0.005080943490598289,-0.002600330840279136,0.0028722899192910045,0.07800312012480504
2025-06-27,0.5955230546385292,-0.013360022840279484,-0.003996299891092847,,,,0.8316942345818262,,0.002541949971929469,0.007008713535747058,-0.28924983375542895,0.009884521476869468,,,-0.0028223083297012064,0.005080943490598289,0.01695320496627395,0.0028722899192910045,0.07800312012480504
2025-07-04,0.5955230546385292,-0.002261294196525654,0.00419076202327795,,,,0.8789656978952154,,0.0022835098853577485,0.007167234184674465,-0.10443374741716763,0.007371672653513794,,,-0.0003905616763231201,0.004094463359233913,0.005021928245913743,0.001712126113473822,0.02749638205499272
2025-07-11,0.5955230546385292,0.006870746129951755,0.0033486414083430116,,,,0.9419943156464015,,0.0022835098853577485,0.007167234184674465,-0.10443374741716763,0.007371672653513794,,,0.00034746842076649465,0.004094463359233913,-0.007585155896745688,0.001712126113473822,0.02749638205499272
2025-07-18,0.5955230546385292,0.006417837715638974,-0.0017663592565853037,,,,0.9498728928653002,,0.0022835098853577485,0.007167234184674465,-0.10443374741716763,0.007371672653513794,,,-0.0003961325217144429,0.004094463359233913,-0.005490277152213202,0.001712126113473822,0.02749638205499272
2025-07-25,0.5955230546385292,-0.008463843014975048,-0.0020378642454897955,,,,0.9183585839897072,,0.0022835098853577485,0.007167234184674465,-0.10443374741716763,0.007371672653513794,,,-0.00023395947275328677,0.004094463359233913,0.00984386292653025,0.001712126113473822,0.02749638205499272
2025-08-01,0.5955230546385292,0.010593975973359981,-0.0025251834632390446,,,,0.784422771268437,,0.003482644202266627,-0.0009452732525785379,-0.10443374741716763,0.005410761403235265,,,-0.0022736028802674557,-0.0026429426659076993,-0.013376978756589691,0.0026228733459359166,-0.0908450704225352
2025-08-08,0.5955230546385292,-0.005181117183811423,0.007110347474821532,,,,0.8159370801440293,,0.003482644202266627,-0.0009452732525785379,-0.10443374741716763,0.005410761403235265,,,-0.00026119377145439326,-0.0026429426659076993,0.00473669231647858,0.0026228733459359166,-0.0908450704225352
2025-08-15,0.5955230546385292,-0.0033668534902124847,-0.0004900359359686357,,,,0.8632085434574193,,0.003482644202266627,-0.0009452732525785379,-0.10443374741716763,0.005410761403235265,,,0.00041741688517560327,-0.0026429426659076993,0.004970870708730701,0.0026228733459359166,-0.0908450704225352
2025-08-22,0.5955230546385292,-0.0013294193666384402,0.001933867189627847,,,,0.8080585029251313,,0.003482644202266627,-0.0009452732525785379,-0.10443374741716763,0.005410761403235265,,,-0.003793115645623679,-0.0026429426659076993,0.0015376732911890345,0.0026228733459359166,-0.0908450704225352
2025-08-29,0.5955230546385292,0.0005114883011874127,-0.004490054823070966,,,,0.784422771268437,,0.003482644202266627,-0.0009452732525785379,-0.10443374741716763,0.005410761403235265,,,-0.002271087564016505,-0.0026429426659076993,-0.0026496874342643306,0.0026228733459359166,-0.0908450704225352
2025-09-05,0.5955230546385292,0.0005114883011874127,0.004009666892712982,,,,0.6820012674227591,,0.002950901819104068,-6.104307351884053e-05,-0.012025704248036544,0.00038914876081430627,,,-0.00019883744455873043,0.0007990183488855163,0.002820394160523848,0.002608155986582039,0.02865995352439965
2025-09-12,0.5955230546385292,-0.002252648829416337,0.003590208522212146,,,,0.6504869585471661,,0.002950901819104068,-6.104307351884053e-05,-0.012025704248036544,0.00038914876081430627,,,0.0005893605203579622,0.0007990183488855163,0.00136460575546829,0.002608155986582039,0.02865995352439965
2025-09-19,0.47941084420665925,0.0009221409205624198,0.0017073787670738305,,,,0.7135155762983522,,0.002950901819104068,-6.104307351884053e-05,-0.012025704248036544,0.00038914876081430627,,,0.0003988821007447907,0.0007990183488855163,0.0009370874306730836,0.002608155986582039,0.02865995352439965
2025-09-26,0.48405533262393396,0.005209696995148505,-0.0053614104703071375,,,,0.7607870396117421,,0.002950901819104068,-6.104307351884053e-05,-0.012025704248036544,0.00038914876081430627,,,-3.056624575537015e-05,0.0007990183488855163,-0.003668163635339061,0.002608155986582039,0.02865995352439965
2025-10-03,0.48405533262393396,-0.004390677387482,0.00022214061954572983,,,,0.7056369990794541,,0.002950901819104068,-0.00522713225026139,-0.012025704248036544,-0.0016587733932115212,,,-0.0032195412047857364,-0.004413706579460941,0.0034126814112539205,0.0019902056807052926,-0.04216867469879515
2025-10-10,0.4886998210412087,0.012811584557625544,0.006576621492997203,,,,0.642608381328268,,0.002950901819104068,-0.00522713225026139,-0.012025704248036544,-0.0016587733932115212,,,0.0005610950705459139,-0.004413706579460941,-0.010531370077733998,0.0019902056807052926,-0.04216867469879515
2025-10-17,0.4933443094584838,-0.005572204697456229,-0.001161738284679914,,,,0.6189726496715731,,0.002950901819104068,-0.00522713225026139,-0.012025704248036544,-0.0016587733932115212,,,0.0008555846280011714,-0.004413706579460941,0.0028363936674633827,0.0019902056807052926,-0.04216867469879515
2025-10-24,0.4933443094584838,0.005269002465606576,0.0011315327986729518,,,,0.6189726496715731,,0.002950901819104068,-0.00522713225026139,-0.012025704248036544,-0.0016587733932115212,,,-0.0010492000702195803,-0.004413706579460941,0.0028363936674633827,0.0019902056807052926,-0.04216867469879515
2025-10-31,0.3772320990266137,0.008553572688992261,-0.004971315867683845,,,,0.6898798446416579,,0.002950901819104068,-0.00522713225026139,-0.012025704248036544,-0.0016587733932115212,,,-0.0003792378003114605,-0.004413706579460941,0.0028363936674633827,0.0019902056807052926,-0.04216867469879515
2025-11-07,0.3818765874438886,-0.002006064625669879,0.00755306150156132,,,,0.6898798446416579,,0.002522783697512576,0.0024316902164742693,0.08038233892109373,0.005329882504997219,,,-0.002171235187187426,0.0011900411823380086,0.0028363936674633827,0.0021113709053088847,0.03930817610062887
2025-11-14,0.3865210758611633,-0.0033187724850476386,-0.0014103548794237586,,,,0.7135155762983522,,0.002522783697512576,0.0024316902164742693,0.08038233892109373,0.005329882504997219,,,0.0011760710766846039,0.0011900411823380086,0.0028363936674633827,0.0021113709053088847,0.03930817610062887
2025-11-21,0.3865210758611633,0.009125194190309216,0.002694253907567834,,,,0.6504869585471661,,0.002522783697512576,0.0024316902164742693,0.08038233892109373,0.005329882504997219,,,-0.0038263270876726097,0.0011900411823380086,0.0028363936674633827,0.0021113709053088847,0.03930817610062887
2025-11-28,0.3911655642784382,-0.007213026894133279,-0.001197717607794635,,,,0.6189726496715731,,0.002522783697512576,0.0024316902164742693,0.08038233892109373,0.005329882504997219,,,-0.00043689952058512116,0.0011900411823380086,0.0028363936674633827,0.0021113709053088847,0.03930817610062887
2025-12-05,0.3911655642784382,-0.0047367307301611206,0.005447841298499512,,,,0.7135155762983522,,0.00297788428704604,-0.002069957682565682,-0.012025704248036544,4.253904532935948e-05,,,-0.002539214906739029,0.0024867450864343166,0.0028363936674633827,0.0035583578490663292,0.062027231467473465
2025-12-12,0.27505335384656837,-0.005977993786343561,0.0012953946486800039,,,,0.7529084623928439,,0.00297788428704604,-0.002069957682565682,-0.012025704248036544,4.253904532935948e-05,,,0.0005388797452057226,0.0024867450864343166,0.0028363936674633827,0.0035583578490663292,0.062027231467473465
2025-12-19,0.27505335384656837,0.0020304265680373135,0.0037785510349750417,,,,0.7292727307361491,,0.00297788428704604,-0.002069957682565682,-0.012025704248036544,4.253904532935948e-05,,,0.002684995633326581,0.0024867450864343166,0.0028363936674633827,0.0035583578490663292,0.062027231467473465
2025-12-26,0.27505335384656837,-0.005899740899178774,0.0037998817814557384,,,,0.7135155762983522,,0.00297788428704604,-0.002069957682565682,-0.012025704248036544,4.253904532935948e-05,,,0.0037167174963752547,0.0024867450864343166,0.0028363936674633827,0.0035583578490663292,0.062027231467473465
2026-01-02,0.27505335384656837,0.004072511599368944,0.0021384739354117777,,,,0.7529084623928439,,0.00170842649932057,0.0027107128753109944,-0.10443374741716763,4.253904532935948e-05,,,0.009023691768302866,0.0070018970851011275,0.0028363936674633827,0.0035583578490663292,0.062027231467473465
2026-01-09,0.27505335384656837,0.007188075504600988,0.000516910026729045,,,,0.7450298851739452,,0.00170842649932057,0.0027107128753109944,-0.10443374741716763,4.253904532935948e-05,,,-0.010091831814448615,0.0070018970851011275,0.0028363936674633827,0.0035583578490663292,0.062027231467473465
2026-01-16,0.27505335384656837,0.0026194065010027856,-0.0030159585272584444,,,,0.792301348487335,,0.00170842649932057,0.0027107128753109944,-0.10443374741716763,4.253904532935948e-05,,,0.0012318969113127576,0.0070018970851011275,0.0028363936674633827,0.0035583578490663292,0.062027231467473465
2026-01-23,0.27505335384656837,-0.01817402105389654,-0.0042209417173432184,,,,0.792301348487335,,0.00170842649932057,0.0027107128753109944,-0.10443374741716763,4.253904532935948e-05,,,0.00043757691781753927,0.0070018970851011275,0.0028363936674633827,0.0035583578490663292,0.062027231467473465
2026-01-30,0.27505335384656837,-0.006269619404855931,-0.0043544785745419645,,,,0.8080585029251313,,0.00170842649932057,0.0027107128753109944,-0.10443374741716763,4.253904532935948e-05,,,0.000453787485306556,0.0070018970851011275,0.0028363936674633827,0.0035583578490663292,0.062027231467473465
2026-02-06,0.27505335384656837,0.006576936724831839,0.003484522910738086,,,,0.7765441940495382,,0.00170842649932057,0.0027107128753109944,-0.10443374741716763,4.253904532935948e-05,,,0.0027841837837574435,0.0070018970851011275,0.0028363936674633827,0.0035583578490663292,0.062027231467473465
2026-02-13,0.27505335384656837,-0.0077117242105329,0.003484522910738086,,,,0.63472980410937,,0.00170842649932057,0.0027107128753109944,-0.10443374741716763,4.253904532935948e-05,,,0.002493676494786712,0.0070018970851011275,0.0028363936674633827,0.0035583578490663292,0.062027231467473465
2026-02-20,0.27505335384656837,0.009451537350353867,0.003484522910738086,,,,0.666244112984963,,0.00170842649932057,0.0027107128753109944,-0.10443374741716763,4.253904532935948e-05,,,-0.0013570645728380182,0.0070018970851011275,0.0028363936674633827,0.0035583578490663292,0.062027231467473465
2026-02-27,0.27505335384656837,-0.0019446548050039425,0.003484522910738086,,,,0.5795797635770823,,0.00170842649932057,0.0027107128753109944,-0.10443374741716763,4.253904532935948e-05,,,6.0785723520195845e-05,0.0070018970851011275,0.0028363936674633827,0.0035583578490663292,0.062027231467473465
2026-03-06,0.27505335384656837,0.013665066098603518,0.003484522910738086,-0.007027215350731808,0.17887484113091734,-0.016636971405826984,0.6741226902038611,0.0035570436159026997,0.00170842649932057,0.0027107128753109944,-0.10443374741716763,4.253904532935948e-05,0.17365493639754437,0.030746538403492174,0.0022826524612109544,0.0070018970851011275,0.0028363936674633827,0.0035583578490663292,0.062027231467473465
