DATE,EFFR,close_DX-Y.NYB,WM2NS,close_GSPC,close_VIX,close_GCF,DGS10,close_IXIC,CPIAUCSL,PPIACO,UNRATE,RSXFS,close_CLF,close_CRBL.L,WALCL,INDPRO,close_FX_EURUSD_daily_volatility,PCEPI,HOUST
2020-09-04,-1.2879232797154516,,,,,,-1.8813663867577606,,,,3.3450402646780133,,,,,,,,
2020-09-11,-1.2879232797154516,0.006557406999823989,,-0.025412384191595194,,0.007198945635806808,-1.9200446975588203,-0.0414717903079076,0.0,0.0,3.3450402646780133,0.0,-0.06331552875289681,0.014915256728913917,-0.0009801222431033985,0.0,,0.0,0.0
2020-09-18,-1.2879232797154516,-0.004295094343619077,0.004517413901977019,-0.006456052413009061,,0.007352369513869306,-1.8968377110781842,-0.005568453835250509,0.0,0.0,3.3450402646780133,0.0,0.09645407377959891,0.01966736963535709,0.007682779282955909,0.0,,0.0,0.0
2020-09-25,-1.2879232797154516,0.01759953172240092,-0.002562862669245658,-0.00634944176447938,,-0.049566566549308355,-1.9277803597190322,0.011082269806554024,0.0,0.0,3.3450402646780133,0.0,-0.021141411892005024,-0.000992265290967076,0.004060598982939201,0.0,,0.0,0.0
2020-10-02,-1.2879232797154516,-0.007854891255396623,-0.0033720635844065594,0.01503288841571404,,0.022619980963164643,-1.8968377110781842,0.014686066085690896,0.001238475828567287,0.005115089514066584,2.4713051838675333,-0.004016971133328662,-0.08284167271463483,-0.04099123266693727,-0.005220803531739926,0.006613731784080645,,0.0008947523725215678,0.04752206381534285
2020-10-09,-1.2879232797154516,-0.008346745138435807,0.00776685385667264,0.03772151646124122,,0.010105617364511765,-1.8272167516362765,0.044582248416807246,0.0,0.0,2.4713051838675333,0.0,0.09149969787452417,0.04261450724873672,0.002624668568275812,0.0,,0.0,0.0
2020-10-16,-1.2879232797154516,0.006640302365354955,0.0006596801355829296,0.0019164533875191125,,-0.009789859584329541,-1.8504237381169126,0.007880748751771804,0.0,0.0,2.4713051838675333,0.0,0.006872942999050391,0.003507898666867071,0.010852411193827516,0.0,,0.0,0.0
2020-10-23,-1.2879232797154516,-0.009761447067474727,0.00297464317681162,-0.005301389882630403,,0.0006310882488129721,-1.7808027786750047,-0.010618544834937182,0.0,0.0,2.4713051838675333,0.0,-0.02551860507785131,-0.01228669900309054,0.0036131255500650994,0.0,,0.0,0.0
2020-10-30,-1.2879232797154516,0.013596957927750175,-0.003329200778060315,-0.05804740894960858,,-0.013018110198256494,-1.7575957921943688,-0.05671101904551179,0.0,0.0,2.4713051838675333,0.0,-0.10745381658719166,-0.04138647426442965,-0.004313481528130825,0.0,,0.0,0.0
2020-11-06,-1.2879232797154516,-0.01943473976233623,0.010053134165107336,0.07067872342108927,,0.03809537800766538,-1.7962741029954286,0.08631200606814637,0.002274132890799363,0.009160305343511421,2.2771418325763153,-0.0055827923529888634,0.03702598913228439,0.010367670623029568,0.0015634650965128394,0.004426804909785531,,0.0010175842360033993,0.0
2020-11-13,-1.2879232797154516,0.005730041771940364,0.00424664515033113,0.021343823047692112,,-0.03368415307576722,-1.7498601300341567,-0.00555885624471486,0.0,0.0,2.2771418325763153,0.0,0.07742967140444934,0.028652607037921385,0.0025061896793550087,0.0,,0.0,0.0
2020-11-20,-1.2923850261450471,-0.003996794340579868,0.00437669147496611,-0.0077309811914823,,-0.006971252371710257,-1.7962741029954286,0.0021685032859064535,0.0,0.0,2.2771418325763153,0.0,0.04911050975382114,0.008347704200941664,0.009429835227694694,0.0,,0.0,0.0
2020-11-27,-1.2923850261450471,-0.006515371871251396,-0.0013314948529565829,0.022461003266274204,,-0.0496476020327572,-1.7885384408352167,0.029168147134386757,0.0,0.0,2.2771418325763153,0.0,0.07713670188670418,0.03341056884413707,-0.0036724708273275786,0.0,,0.0,0.0
2020-12-04,-1.2879232797154516,-0.011946045730783617,0.0042053341343493145,0.016564676188117744,,0.029854613329794333,-1.687974832752461,0.020947666705293244,0.004346309661148906,0.011094301563287834,2.2771418325763153,0.01646171448651801,0.015906197984235426,-0.01798833774755515,0.0008222845486995922,0.012903172571423926,,0.004189705295559509,0.04601425793907965
2020-12-11,-1.2879232797154516,0.003082415564978902,0.0055468967290628335,-0.009686939829268937,,0.0021220588186618983,-1.742124467873945,-0.006952769485733867,0.0,0.0,2.2771418325763153,0.0,0.006678929921267063,0.030062232386208976,0.0028029409557523977,0.0,,0.0,0.0
2020-12-18,-1.2879232797154516,-0.010607908465535942,0.002562443245274215,0.012464765254229349,,0.024642182256011225,-1.7034461570728847,0.030063288949978784,0.0,0.0,2.2771418325763153,0.0,0.05290245328228016,0.009281648839008838,0.016559390212819602,0.0,,0.0,0.0
2020-12-25,-1.2879232797154516,0.0034378208586671732,0.0027693188620807607,-0.0017132899273750724,,-0.0030804819321677,-1.711181819233097,0.0038411713482258136,0.0,0.0,2.2771418325763153,0.0,-0.017877779133894656,-0.013174555861894532,0.005629403340562611,0.0,,0.0,0.0
2021-01-01,-1.2879232797154516,-0.0043268429450842305,0.0016144354407512385,0.014213695517916847,,0.006997087212713637,-1.7189174813933088,0.006503721967625609,0.00226678623900467,0.0214463840399004,1.9858968056394883,0.032215314775830395,0.005994868920768948,0.0019916436221496525,-0.0054953789411428255,0.0062074927777817646,,0.004238450694897811,0.00991325898389106
2021-01-08,-1.2879232797154516,0.001777339191505689,0.003659016937205939,0.018101569555078356,,-0.03166179947373138,-1.5642042381890695,0.024048461358580298,0.0,0.0,1.9858968056394883,0.0,0.07387242358770552,0.04433142048381988,-0.0038762242897290022,0.0,,0.0,0.0
2021-01-15,-1.2879232797154516,0.007518835902591725,0.003149947845125789,-0.014864083066347789,,-0.002620477956294387,-1.5796755625094931,-0.015532887660651085,0.0,0.0,1.9858968056394883,0.0,0.0022944356004375166,0.010782420981652052,-0.000114658745715146,0.0,,0.0,0.0
2021-01-22,-1.2923850261450471,-0.005966219504509596,-0.0015134044393197987,0.019244395510648715,,0.014328550348285063,-1.5874112246697052,0.04104024108009341,0.0,0.0,1.9858968056394883,0.0,-0.001720351216022653,-0.014430264829028872,0.011040953546565868,0.0,,0.0,0.0
2021-01-29,-1.2968467725746429,0.0037606942658650055,-0.006124658452338005,-0.033681019650268595,,-0.004536817041033814,-1.5796755625094931,-0.03550185549722151,0.0,0.0,1.9858968056394883,0.0,-0.001340091978214275,0.004805750164540434,-0.0013507860209830413,0.0,,0.0,0.0
2021-02-05,-1.2923850261450471,0.005065522091494579,0.005425817763069052,0.045419856916019796,,-0.019901167267723174,-1.5177902652277977,0.058367636988620575,0.003556212139095738,0.0283203125,1.7917334543482704,-0.025516144209376312,0.0853336838518155,0.037476970994837266,0.0007659765944993957,-0.033460002934821764,,0.0033255767944453396,-0.13865030674846623
2021-02-12,-1.2923850261450471,-0.006170111525088728,0.0017438141032255494,0.012273763272926175,,0.005891249617966388,-1.5100546030675857,0.017113461008705144,0.0,0.0,1.7917334543482704,0.0,0.04505581088876376,0.005240999569041449,0.004267806727608292,0.0,,0.0,0.0
2021-02-19,-1.2968467725746429,-0.0013271705547843737,0.005536499696136232,-0.007172121187240421,,-0.025464169252355617,-1.401755332824618,-0.015803712628239097,0.0,0.0,1.7917334543482704,0.0,-0.003874986511937628,0.013765113192881984,0.015476151285401807,0.0,,0.0,0.0
2021-02-26,-1.2968467725746429,0.006288284739515149,0.000522431251632538,-0.024764622329168873,0.7149017656280938,-0.027228528162381416,-1.3243987112224982,-0.05041265061435851,0.0,0.0,1.7917334543482704,0.0,0.03744015707953974,0.01619501872243756,0.004328074647875102,0.0,0.5359994061193285,0.0,0.0
2021-03-05,-1.2968467725746429,0.011481215514137055,0.004443466108332572,0.0080464768657027,-0.022982921471851894,-0.017571437060962758,-1.2315707652999544,-0.02084894809847171,0.004833575517978028,0.02089268755935425,1.6946517787026607,0.10393101543560324,0.07198021925894249,0.014574273280108407,-0.0042933495966001045,0.02812039301748981,-0.35846384592682495,0.005201877934272403,0.20797720797720798
2021-03-12,-1.2968467725746429,-0.003266942312984078,0.0046888298821166075,0.026050670119081687,-0.948029981239054,0.01258246300102872,-1.1696854680182587,0.03046804251239088,0.0,0.0,1.6946517787026607,0.0,-0.007289261411907333,0.0015138902573132995,0.0029608903656805907,0.0,-0.14429126588104427,0.0,0.0
2021-03-19,-1.2968467725746429,0.0026143573252745966,0.006959838888860759,-0.007698178528725563,-0.82726280061128,0.012655850541984037,-1.092328846416139,-0.007885454133331748,0.0,0.0,1.6946517787026607,0.0,-0.06599264745885858,-0.031580340153192665,0.014987662767627086,0.0,-0.42292695188792423,0.0,0.0
2021-03-26,-1.2968467725746429,0.009204661859217644,0.008921779519705186,0.015579104270104338,-1.2354482678393364,-0.005297152705863617,-1.1464784815376228,-0.005806334190612716,0.0,0.0,1.6946517787026607,0.0,-0.007353525259551574,0.004906016699503191,0.0033945511968145325,0.0,-1.1343259654414586,0.0,0.0
2021-04-02,-1.2968467725746429,0.0017232493735512833,0.0036899447756573167,0.011340564984058332,-1.4618841602609116,-0.003296010878393929,-1.107800170736563,0.025650899151935747,0.006713309948762847,0.013488372093023226,1.6946517787026607,0.004803495877555353,0.007841888486559867,-0.016289849154507152,-0.003968329019218841,0.0014135441564513407,-1.3506365243716503,0.00526836923421814,-0.11851415094339623
2021-04-09,-1.2968467725746429,-0.008320288169168855,0.010188395775397652,0.026737167595833,-1.471035290027909,0.009683658928142158,-1.1464784815376228,0.030687248251973998,0.0,0.0,1.6946517787026607,0.0,-0.03527733630249408,0.01885001714317802,0.0025873365909792057,0.0,-0.5442777707538875,0.0,0.0
2021-04-16,-1.2968467725746429,-0.006531768264195215,-0.0005909554271869011,0.013632294273229206,-1.435232218222314,0.020271511907645312,-1.2083637788193184,0.010886378815408548,0.0,0.0,1.6946517787026607,0.0,0.06224959717366829,0.02524807101735238,0.010925319650761267,0.0,-0.12236605263774712,0.0,0.0
2021-04-23,-1.2968467725746429,-0.007674601371063794,-0.0002857973499686972,-0.001267157944004893,-1.1117208014704993,-0.0011248595111839066,-1.2160994409795305,-0.002531625870799914,0.0,0.0,1.6946517787026607,0.0,-0.015806215156131564,0.011268994825776701,0.003572902401918432,0.0,0.5534935343033033,0.0,0.0
2021-04-30,-1.3057702654338341,0.00461182513189673,-0.007536363322703132,0.0002391961153236366,-0.8932297543430117,-0.005473563330243181,-1.1619498058580469,-0.003869259359669641,0.0,0.0,1.6946517787026607,0.0,0.022909090139180854,0.01732993428142038,-0.0051126794347693405,0.0,-0.043617256345234015,0.0,0.0
2021-05-07,-1.3013085190042384,-0.011569688970054948,0.006163274630749838,0.01222539152459845,-1.3224253656350298,0.035463879990256686,-1.2006281166591066,-0.015186296627335949,0.006672292545710334,0.032124827902707764,1.403406751765834,-0.01034675460485912,0.020548662939394724,0.024298566266919508,0.0037943894341085915,0.008695059680652317,0.930093843324516,0.005175714099871831,0.06287625418060205
2021-05-14,-1.3013085190042384,0.000996913251984921,0.003953700732989285,-0.01397758986150599,-0.6825212756927316,0.00370676294043637,-1.1774211301784707,-0.023712180743908462,0.0,0.0,1.403406751765834,0.0,0.007215832419301904,-0.019902954793881378,0.0025833219597346524,0.0,0.7395187372649128,0.0,0.0
2021-05-21,-1.3013085190042384,-0.0033270858887677335,0.0024779248362800654,-0.004319541120116455,-0.27545871707623,0.020891260524048327,-1.1774211301784707,0.0030489455452524794,0.0,0.0,1.403406751765834,0.0,-0.027764495358696628,-0.018071670126949435,0.01177678058677789,0.0,0.9211900414252953,0.0,0.0
2021-05-28,-1.3057702654338341,0.00011110398772640195,-0.008244237371260343,0.011543232173748308,-1.146930892942613,0.013653921456691975,-1.2160994409795305,0.0204086988178247,0.0,0.0,1.403406751765834,0.0,0.04219252194359413,0.02680535009570395,-0.0024412830531512775,0.0,0.9336866949747166,0.0,0.0
2021-06-04,-1.3013085190042384,0.0012210759298145746,0.0023341031258188316,0.006113434605238055,-1.1610925615668195,-0.006697781549594772,-1.2315707652999544,0.004770857667519834,0.008591526206762845,0.017785682525566893,1.5004884274114436,0.006640091392108305,0.048560415608865704,0.012386699834300074,0.004069315260084139,0.0046538497600989714,0.7203082406858398,0.005407903859486973,0.03838892385147896
2021-06-11,-1.3013085190042384,0.004648577004529919,0.006739322416881022,0.004140414398674963,-1.256501269050262,-0.006583175279167186,-1.3011917247418623,0.018285584000061306,0.0,0.0,1.5004884274114436,0.0,0.0183595971260333,0.01864842873254169,0.0020948364625037463,0.0,0.28813471587740924,0.0,0.0
2021-06-18,-1.283461533285856,0.01827290614916066,0.0041949063251933705,-0.019252033547122238,0.055983553734169515,-0.060095438585461736,-1.3166630490622862,-0.0027786720512548158,0.0,0.0,1.5004884274114436,0.0,0.010242049712433143,-0.008819954865277424,0.014075125431838975,0.0,-1.5123026795455088,0.0,0.0
2021-06-25,-1.283461533285856,-0.00456429608137654,-0.004689795181369583,0.02705219208326426,-1.1672143292994652,0.004908996271968391,-1.2470420896203784,0.02324872733083616,0.0,0.0,1.5004884274114436,0.0,0.03308701325312402,0.013026059909551968,0.004673462167686271,0.0,-0.87350291190291,0.0,0.0
2021-07-02,-1.283461533285856,0.00456429608137654,-0.002946771789440805,0.01659700235301287,-1.2045845591951934,0.0033715474072701923,-1.3243987112224982,0.019238050250988792,0.004635957297477011,0.012887723896898073,1.0150800491833987,-0.021386572668434023,0.014878641343512022,0.030994216492964632,-0.0028883187925862197,0.004199770593176222,-1.316594447321251,0.004560500183891092,-0.032121212121212106
2021-07-09,-1.283461533285856,-0.001084900336229211,0.01087774340917913,0.003946388676499879,-0.8695193715054995,0.015253886259015026,-1.3785483463439818,0.004266344391377075,0.0,0.0,1.0150800491833987,0.0,-0.008015085636290387,-0.01744528593464878,0.0023802556500280847,0.0,-1.1315049702397653,0.0,0.0
2021-07-16,-1.283461533285856,0.006060024918406626,-0.0003745810286871487,-0.0097485104896613,-0.2685027354133959,0.0024831023932536667,-1.4249623193052539,-0.018859989640890973,0.0,0.0,1.0150800491833987,0.0,-0.03758042950906493,0.007905179507113225,0.01282797134471414,0.0,-1.522272647595583,0.0,0.0
2021-07-23,-1.283461533285856,0.002370703841664934,0.0014307544066263223,0.01936903786245736,-0.5356100268914896,-0.007245793750655594,-1.432697981465466,0.028005300228668872,0.0,0.0,1.0150800491833987,0.0,0.0036141565778260443,0.018654093565241503,0.004740387026953563,0.0,-1.6371005810250736,0.0,0.0
2021-07-30,-1.2968467725746429,-0.007996643929370606,-0.0023228690834872223,-0.003753877453990029,-0.18338257100860725,0.006198111249127614,-1.4791119544267377,-0.011136162849366471,0.0,0.0,1.0150800491833987,0.0,0.025751283187039675,-0.0020854900494677864,-0.0023125939715042954,0.0,-0.8418548469257348,0.0,0.0
2021-08-06,-1.283461533285856,0.006811994537961219,0.006147041918734386,0.009343655546510732,-0.834452430480175,-0.029448456119399502,-1.4249623193052539,0.011053226906408753,0.0028937547110843287,0.006750053914168719,0.7238350222465711,0.007334468407113048,-0.07977226784061564,-0.014995005688438923,0.0016542047878769228,-0.00025582910615706833,-1.4818927233856285,0.0038258768397159137,-0.0018785222291797243
2021-08-13,-1.283461533285856,-0.0030218715975660615,0.0028272109370459653,0.0070705914633251155,-0.9981444784360527,0.008599256080483286,-1.4404336436256777,-0.0008671582423538382,0.0,0.0,0.7238350222465711,0.0,0.002340604647867117,0.01566822503765941,0.002681943438752832,0.0,-1.1590775049358975,0.0,0.0
2021-08-20,-1.2879232797154516,0.01053663521473247,0.003398536312201994,-0.00591046694349906,0.09516398310748353,0.0032619391769808104,-1.4636406301063136,-0.007329022226411297,0.0,0.0,0.7238350222465711,0.0,-0.0936750880306283,-0.02514700237210743,0.010347263507945126,0.0,-1.6717757860306401,0.0,0.0
2021-08-27,-1.2923850261450471,-0.008700818067421956,-0.001178723322364017,0.015127065902474257,-0.6709584055932569,0.019791604339024715,-1.4249623193052539,0.027802193964891586,0.0,0.0,0.7238350222465711,0.0,0.09804884367914735,0.03725456218910317,-0.0011812866927065624,0.0,-0.9432017052311732,0.0,0.0
2021-09-03,-1.2923850261450471,-0.007037343112995309,0.0015076562928995063,0.0057624557451578795,-0.6578545736865979,0.007841053924332542,-1.4094909949848298,0.015349357293370502,0.004362937760309826,0.009695178116230663,0.33550831966413575,0.007838836231424118,0.007969368507545482,6.647091970712893e-05,0.001971739678038764,-0.010452693490281995,-0.3299624924400786,0.003282455276546914,-0.010664993726474226
2021-09-10,-1.2923850261450471,0.005849880266980634,0.006853597537514355,-0.017089588702416947,1.995756425338717,-0.02281554501928884,-1.394019670664406,-0.016275776281666765,0.0,0.0,0.33550831966413575,0.0,0.006186629308200686,-0.0007315856765179873,0.0009750666323478097,0.0,-0.7632854561118668,0.0,0.0
2021-09-17,-1.2923850261450471,0.00667453356615777,0.002135231316725994,-0.005755994386371199,1.9290283877852372,-0.022719231592297717,-1.3785483463439818,-0.004742833059548701,0.0,0.0,0.33550831966413575,0.0,0.0317621443205196,0.017150816176087602,0.010943228889090495,0.0,-1.2536459378950893,0.0,0.0
2021-09-24,-1.2923850261450471,0.001393930249435904,-0.0021402150701648193,0.005060442020591083,0.15739822781832463,0.00017143080257220333,-1.3011917247418623,0.0002479402956900856,0.0,0.0,0.33550831966413575,0.0,0.027545449299548608,0.016540023569746154,0.004859168849430162,0.0,-1.2498439764910503,0.0,0.0
2021-10-01,-1.2923850261450471,0.007578614210579815,-0.004303941378503207,-0.022341858155478178,1.9079546637371343,0.0041634924430926645,-1.2934560625816502,-0.03248705340692659,0.009439954442911347,0.020311611605665414,0.1413449683729176,0.016230287468019355,0.02535827708988503,0.030098898129495844,-0.004928606293840732,0.013724866281800585,-1.8775316994889104,0.006616136830434272,0.0012682308180089752
2021-10-08,-1.2923850261450471,0.00031894933234699607,0.009844465126989776,0.007841447422226366,0.581848154315133,-0.0003984579577078762,-1.1928924544988946,0.0008810635249947296,0.0,0.0,0.1413449683729176,0.0,0.04471531887226643,0.0234433931899396,0.001899980598914608,0.0,-1.826041521371189,0.0,0.0
2021-10-15,-1.2923850261450471,-0.0013828761518812627,0.0011496764753389233,0.018060491462238204,-0.7761627747849699,0.006186994246298205,-1.2083637788193184,0.02156348434233557,0.0,0.0,0.1413449683729176,0.0,0.036259622206102016,0.004259209359396721,0.0019978657925678878,0.0,-1.4977345339943935,0.0,0.0
2021-10-22,-1.2923850261450471,-0.003519084684037388,0.00353997418571117,0.016310828128297317,-1.1808262944555714,0.01588718919045018,-1.1542141436978348,0.012862876409585056,0.0,0.0,0.1413449683729176,0.0,0.017827542117673012,-0.010620880246673181,0.009904678041660953,0.0,-1.1563886020630645,0.0,0.0
2021-10-29,-1.2968467725746429,0.005433371137059773,-0.005272316320065085,0.013219456157893106,-0.6860721523402442,-0.006986195802997308,-1.2393064274601664,0.02669058543328795,0.0,0.0,0.1413449683729176,0.0,-0.0022709917048588935,0.0014716855930849704,-0.0010230073918764404,0.0,-1.4692951983091311,0.0,0.0
2021-11-05,-1.2923850261450471,0.0021226599527128798,0.006816658506324513,0.01981163306728284,-0.5634273864897664,0.018559194801562207,-1.3166630490622862,0.03007538428744816,0.00830295666261649,0.01173559561682569,-0.14990005856390914,0.010490299086293398,-0.027907696902431667,0.010665955144584238,0.002184385767435293,0.00910973332456444,-1.348610571846607,0.00666293494158654,0.07979734008866379
2021-11-12,-1.2923850261450471,0.00855109535290488,0.003852673027983977,-0.0031298731324405082,-0.6138335683538824,0.027958284570881453,-1.2160994409795305,-0.0069507676197879675,0.0,0.0,-0.14990005856390914,0.0,-0.005923696635370845,0.013548302976010618,0.010291233535758115,0.0,-1.8159404054270392,0.0,0.0
2021-11-19,-1.2923850261450471,0.009832740898565007,0.0030759534750277595,0.0032214438313982185,0.30623884485066144,-0.008980767172643844,-1.2470420896203784,0.012311578784187205,0.0,0.0,-0.14990005856390914,0.0,-0.05980496200713503,-0.016158586967520705,0.0013682142351303384,0.0,-2.3751577542866107,0.0,0.0
2021-11-26,-1.2923850261450471,0.00020812493288335787,0.0013925943986758949,-0.022242284316419614,3.8423939663196727,-0.03624755539392943,-1.2934560625816502,-0.035870495644051203,0.0,0.0,-0.14990005856390914,0.0,-0.11033706428412149,-0.024426693147558076,0.0007839796564137469,0.0,-2.0417076802799508,0.0,0.0
2021-12-03,-1.2923850261450471,0.00031222526484686597,0.0013251048846267821,-0.01230490330866374,3.302335095832636,-0.001850166638256212,-1.394019670664406,-0.026569813908452034,0.0071084268212204815,-0.008011114445079293,-0.44114508550073633,-0.006904598589683619,-0.028124751420675942,-0.010267431674430227,-0.003613202882222999,-0.0007267815034107672,-1.9300713228638045,0.006197309417040442,0.009970674486803555
2021-12-10,-1.2923850261450471,-0.0007285184556184987,0.006677546516032251,0.037535518968210724,0.05725987447822119,0.0005049367034262175,-1.2934560625816502,0.03549849564345031,0.0,0.0,-0.44114508550073633,0.0,0.07848579534554467,0.012072108347079613,0.001632525286108022,0.0,-1.8123673512448981,0.0,0.0
2021-12-17,-1.2923850261450471,0.00539920983151454,0.00251766312552526,-0.01958344174069282,0.8238379801028961,0.011654312067015837,-1.347605697703134,-0.029931828148829,0.0,0.0,-0.44114508550073633,0.0,-0.011366116406605009,0.001056362485602591,0.010634398381261345,0.0,-1.9566228633964438,0.0,0.0
2021-12-24,-1.2923850261450471,-0.005711662676656459,0.0058196375700234615,0.022501497776318047,-0.17509157078829932,0.0040940042486754535,-1.2779847382612264,0.03138755848182129,0.0,0.0,-0.44114508550073633,0.0,0.04051712542666497,0.010933166201510858,0.0038632283108661625,0.0,-1.447526412342,0.0,0.0
2021-12-31,-1.2968467725746429,-0.003651717591220738,0.002031537196478528,0.008510431361198556,-0.40563169105796754,0.008959330574061397,-1.2625134139408023,-0.0005367946586716243,0.0,0.0,-0.44114508550073633,0.0,0.019060955187888418,0.002576816634721091,-0.003758036379066243,0.0,-1.1284399197584385,0.0,0.0
2022-01-07,-1.2923850261450471,0.0007314111007330482,-0.0010803703601540704,-0.01888193520883341,-0.006774483391231224,-0.016830304840373955,-1.076857522095715,-0.04638170495836036,0.006182204083958309,0.021194341545881734,-0.34406340985512723,0.023717422804174104,0.047897058525867564,0.015262815378690675,0.0009433100465203736,0.00019566222770350805,-1.0779068366024345,0.00547280976192388,-0.011614401858304313
2022-01-14,-1.2923850261450471,-0.005971414807110165,0.0008606287652508371,-0.0030363770352828112,0.10548441664428139,0.010792964877697209,-1.061386197775291,-0.0028260752725284277,0.0,0.0,-0.34406340985512723,0.0,0.06049039166484693,0.01906756590505676,0.002573319410918984,0.0,-0.7709818210230679,0.0,0.0
2022-01-21,-1.2923850261450471,0.004926389363942185,-0.001236952223295229,-0.0584906339684359,2.3701774733607324,0.008387543963446653,-1.0845931842559269,-0.07852778924681125,0.0,0.0,-0.34406340985512723,0.0,0.015625314375128596,0.02715891849404084,0.00905251290412079,0.0,-1.0275175936909424,0.0,0.0
2022-01-28,-1.2923850261450471,0.016899446161485088,-0.008471415877459143,0.007680889990282935,1.8481598857595722,-0.02593671171112888,-1.061386197775291,0.00011985629457278435,0.0,0.0,-0.34406340985512723,0.0,0.019540053125200352,0.03008172339723192,-0.0008287254813295064,0.0,-1.8143847049575828,0.0,0.0
2022-02-04,-1.2923850261450471,-0.018573745740719794,-0.0005247003867924205,0.01537799373936899,0.7654276773340628,0.012084207288351578,-0.9453512653721114,0.0234999071345392,0.007018425579205845,0.025185329454297634,-0.5382267611463454,0.006282830915097959,0.06131544519774579,0.019380451549662503,0.001436264493422268,0.006236254453408918,-0.3038326735628458,0.005903993617304204,0.019388954171562833
2022-02-11,-1.2923850261450471,0.006264360200203711,0.0017328848583959555,-0.018363132505070823,1.5650874594216093,0.018753674044721613,-0.9530869275323235,-0.02200652563115213,0.0,0.0,-0.5382267611463454,0.0,0.008521716339190633,-0.002305892707014756,0.0005407287170338115,0.0,-0.7473935940329757,0.0,0.0
2022-02-18,-1.2923850261450471,-0.00041641594350849687,0.00045450118494971825,-0.015915919190083727,1.5051130260545045,0.03091647334206904,-0.9530869275323235,-0.01778298559358049,0.0,0.0,-0.5382267611463454,0.0,-0.02204572966461882,0.009845290659990624,0.003719752931090836,0.0,-0.8104469468301009,0.0,0.0
2022-02-25,-1.2923850261450471,0.006021006667077167,0.00015297678924897085,0.008193714620185588,1.350784803757802,-0.006393499184351725,-0.9144086167312636,0.010758938711736832,0.0,0.0,-0.5382267611463454,0.0,0.005693617202444656,0.014642169391738236,0.00191852055760533,0.0,-1.021589733794342,0.0,0.0
2022-03-04,-1.2923850261450471,0.020792460383324496,0.003916533798064448,-0.012803217756335528,2.0042390015732687,0.0408198617655291,-1.092328846416139,-0.02822897995401341,0.010340040418240992,0.029106308873585007,-0.635308436791954,0.01899332537510401,0.2335057056173877,0.13012637215987688,-0.0026516193930441467,0.008124046352426806,-2.552323775599424,0.008795198773254853,-0.013256484149855918
2022-03-11,-1.2923850261450471,0.00475301709432685,0.007063809748057537,-0.02919636152145877,1.6015633066922248,0.008916405347536127,-0.8912016302506276,-0.03591213381659486,0.0,0.0,-0.635308436791954,0.0,-0.056456912854202734,-0.00023548805006967655,0.0007067248922028035,0.0,-2.356934997919576,0.0,0.0
2022-03-18,-1.180841365405157,-0.009019563169554878,0.0023151650185442296,0.05973789575759447,0.3037597034919756,-0.027872627610314282,-0.7829023600076599,0.07858361543257963,0.0,0.0,-0.635308436791954,0.0,-0.04327175946550277,-0.01806132747035427,0.004888254050052776,0.0,-1.548750109421194,0.0,0.0
2022-03-25,-1.180841365405157,0.005887087637785449,0.00020125141790772183,0.017752707433132286,-0.2886185754405096,0.01318931930308942,-0.5198898465604529,0.01963207336082462,0.0,0.0,-0.635308436791954,0.0,0.0842217951209383,0.05380213502101938,0.0009121868294428293,0.0,-1.7522977721378186,0.0,0.0
2022-04-01,-1.180841365405157,-0.0018233423802103133,-0.0006082057473156821,0.0006160918569264595,-0.49745066141693234,-0.01791990580762448,-0.5895108060023605,0.006485960237936794,0.003878706077567129,0.020368134023552642,-0.635308436791954,0.011241372707729624,-0.13747750706435458,-0.03574080755066511,-0.0028264517141137757,0.002232325475391983,-1.3206651866243504,0.002996444452209701,0.06308411214953269
2022-04-08,-1.180841365405157,0.011792766777580788,0.006525031687127925,-0.012747391577866196,-0.23047027797028793,0.01165604943561327,-0.3342339547153653,-0.039365168420435026,0.0,0.0,-0.635308436791954,0.0,-0.010226328304343113,0.01739377301825229,5.035166723321716e-05,0.0,-1.9519691183588515,0.0,0.0
2022-04-15,-1.180841365405157,0.005196859946433818,-0.0006273611281590874,-0.021550512229755014,0.01354254509339236,0.01497794074752079,-0.2491416709530337,-0.026601144072404992,0.0,0.0,-0.635308436791954,0.0,0.08474435851288664,0.03222595971102393,0.0031210867535684805,0.0,-2.047785342658392,0.0,0.0
2022-04-22,-1.180841365405157,0.008931304003245266,0.0033207327446993506,-0.027888442857880946,1.004125091148068,-0.02045230015720012,-0.19499203583155,-0.03908728247691151,0.0,0.0,-0.635308436791954,0.0,-0.046702557568440106,0.007591016581049104,-0.0010747882407280418,0.0,-1.926556477230661,0.0,0.0
2022-04-29,-1.180841365405157,0.01704417654997048,-0.020252900558122122,-0.033285899203383096,1.8343794641151285,-0.011301295135259792,-0.2027276979917618,-0.04009846801706374,0.0,0.0,-0.635308436791954,0.0,0.02534477622606257,0.03957566657471734,-0.0018593431266330507,0.0,-2.597033297845291,0.0,0.0
2022-05-06,-0.9577540439253768,0.006775793693842402,0.0002776569455884559,-0.002081176051547118,1.1372557810997612,-0.014826863178201144,-0.024807468306886408,-0.015521955939828302,0.009415001628653163,0.029931024085032565,-0.732390112437563,-0.0018917518586161197,0.047383611466101705,0.02626871863295399,8.647307213993649e-05,0.0006170895916908226,-2.253286226012552,0.006210152248893985,-0.15879120879120878
2022-05-13,-0.9577540439253768,0.008644697876988516,-0.0029238413353442905,-0.024414406912136144,0.8181794063740908,-0.04002048313936246,-0.17178504935091388,-0.028366409330832454,0.0,0.0,-0.732390112437563,0.0,0.006537762673227476,-0.010677375594276839,0.00022774120545343557,0.0,-2.3787243398742466,0.0,0.0
2022-05-20,-0.9577540439253768,-0.013576791656557674,0.0014847672163398329,-0.030923831912865296,0.8625581993138205,0.018854018822664464,-0.2878199817540938,-0.038898450652975924,0.0,0.0,-0.732390112437563,0.0,0.02449617818205052,-0.0018961345615702285,0.0004350253321177,0.0,-1.6827203810566689,0.0,0.0
2022-05-27,-0.9577540439253768,-0.014451998032789959,-0.0020524272384429,0.06376672636097602,0.12382550962131304,0.005144740571822126,-0.31876263039494135,0.06615014653334761,0.0,0.0,-0.732390112437563,0.0,0.01611945821029792,0.007876950878466182,-0.0035342455279503415,0.0,-1.0383317864384707,0.0,0.0
2022-06-03,-0.9577540439253768,0.004612158966574853,-0.0006638842334459882,-0.012024220429093901,-0.022888900296450722,-0.003192051996036227,-0.1485780628702781,-0.009807906561464463,0.012952327333770608,0.02561747258015523,-0.732390112437563,0.009850925421320156,0.03248984591501625,0.016599613439708172,8.626607126260843e-05,-0.001393665281418488,-0.9995103376701332,0.009634278294741394,0.013063357282821597
2022-06-10,-0.9577540439253768,0.0194877671139011,0.004580592410896811,-0.05187067457796424,0.5505669297043243,0.014044178970341825,-0.0016004818262506362,-0.05762893922580936,0.0,0.0,-0.732390112437563,0.0,0.015029049813146678,0.02780211535831878,0.00035939226364400945,0.0,-1.5098246396974362,0.0,0.0
2022-06-17,-0.6231230617057062,0.005266906371089952,-0.0011792343763006308,-0.059687450965823174,1.1934713340327747,-0.019368858124122035,0.07575613977586917,-0.04894471212440088,0.0,0.0,-0.732390112437563,0.0,-0.096587209800302,-0.035860010197409586,0.001588427510586632,0.0,-1.4285857351553461,0.0,0.0
2022-06-24,-0.6231230617057062,-0.004882909872509167,-0.001986230652770815,0.06247266708077248,0.2884132847504864,-0.0049698229850241304,-0.017071806146674598,0.07226848059150903,0.0,0.0,-0.732390112437563,0.0,-0.017865792528755087,-0.04475826586578524,0.00021561905956057892,0.0,-1.164251155849494,0.0,0.0
2022-07-01,-0.6231230617057062,0.009076610729827017,-0.001196893643474084,-0.022337526809735664,0.09126469276348885,-0.015226186695034727,-0.21046336015197395,-0.042210849181900656,-0.00044734844376970173,-0.028463769977627118,-0.8294717880831721,-0.01074021955201554,0.007498276716201069,-0.0034771305271279473,-0.002327310807080929,0.0022183882111290743,-1.4226462363623764,-6.001474648065219e-05,-0.10960670535138617
2022-07-08,-0.6231230617057062,0.017629518415644974,0.004463539247561377,0.019172777596061508,-0.515539080879724,-0.032945513211123156,-0.048014454787522524,0.04459346330123459,0.0,0.0,-0.8294717880831721,0.0,-0.03414645007495487,-0.013920321234441424,-0.002434719353775039,0.0,-1.933674629946922,0.0,0.0
2022-07-15,-0.6231230617057062,0.009764297821043044,-0.0016045426591015932,-0.009332057423966589,-0.729918958282407,-0.022190832840887076,-0.17178504935091388,-0.01584334865872883,0.0,0.0,-0.8294717880831721,0.0,-0.07118336459571939,-0.019842363184977785,0.00045164949345188887,0.0,-1.9985451007435595,0.0,0.0
2022-07-22,-0.6231230617057062,-0.01238429344440739,-0.001051344516798336,0.025170048494643993,-0.999093762743452,0.014404652725710676,-0.29555564391430555,0.03278501461154271,0.0,0.0,-0.8294717880831721,0.0,-0.03006102366141139,0.009635928899948354,0.0003761297240616468,0.0,-1.5258815209638144,0.0,0.0
2022-07-29,-0.29295382591563146,-0.0078070453624130565,-0.0021605381872807916,0.04169210472633722,-1.3639575000690283,0.02051650692650231,-0.37291226551642537,0.04595934967147919,0.0,0.0,-0.8294717880831721,0.0,0.04056014067963165,0.02336451886254043,-0.001034810606286185,0.0,-1.3653031391936776,0.0,0.0
2022-08-05,-0.2884920794860357,0.006775870139054341,0.003210653235511396,0.003600979877800725,-1.3587071368567203,0.005656443534522992,-0.2491416709530337,0.021308440809439944,0.0007526954634839989,-0.010019318774469821,-0.732390112437563,0.003330070589210088,-0.10252536167539983,-0.030975927894305144,-0.001730482910918818,0.0011625368144745352,-1.4076598347800071,0.0027865661788033513,0.10861694424330204
2022-08-12,-0.2884920794860357,-0.009328741321934508,-0.0003612582904145567,0.032039421131649704,-1.6233232367177846,0.014391933231460818,-0.2414060087928219,0.030318958194889944,0.0,0.0,-0.732390112437563,0.0,0.03401757299590802,0.028904066294977326,0.000509092220286611,0.0,-1.1274188309376787,0.0,0.0
2022-08-19,-0.2884920794860357,0.023761650881476193,0.0003706552257753959,-0.012145447092120065,-1.246006518006559,-0.028765166799259667,-0.13310673854985414,-0.0265599067277833,0.0,0.0,-0.732390112437563,0.0,-0.01443752241095897,0.022984556467442907,-0.0033084292641920587,0.0,-1.6896501797330656,0.0,0.0
2022-08-26,-0.2884920794860357,0.00580731575645288,-0.002477838398621701,-0.04123615468314057,0.0016267059282709568,-0.006602199921916352,-0.08669276558858226,-0.04536628195093151,0.0,0.0,-0.732390112437563,0.0,0.02491562262606628,0.025696443354956244,0.00018915762932381064,0.0,-1.7999757532446077,0.0,0.0
2022-09-02,-0.2884920794860357,0.006687110719648004,-0.0030922234758263833,-0.033428630201123966,0.043832656031263226,-0.015264771035380598,0.03707782897480944,-0.04298468845397885,0.004265454225137466,-0.006113984255006422,-0.8294717880831721,-0.0030110324227970997,-0.06883164029276667,-0.022288559332614533,-0.0028631512446115615,0.0035116695405557063,-1.6676761580366986,0.0035483429665856825,-0.028086218158066667
2022-09-09,-0.2884920794860357,-0.004850590961591017,0.003199619957804156,0.03581636583692749,-0.6004203689000362,0.0037360827717858314,0.137641437057565,0.04056031463112397,0.0,0.0,-0.8294717880831721,0.0,-0.0009213616840622052,-0.012624539127266132,-0.0004183051322935727,0.0,-1.2934073585816805,0.0,0.0
2022-09-16,-0.2884920794860357,0.006948301211172847,-0.00017177344475394207,-0.048879544412946174,0.3289964601285747,-0.02627147242179806,0.2304693829801088,-0.05637223897886301,0.0,0.0,-0.8294717880831721,0.0,-0.01954687354472373,0.005368852153154968,0.0011740568128788542,0.0,-1.285194864399662,0.0,0.0
2022-09-23,0.046138902733634746,0.030771660773110554,-0.002618834247294033,-0.0476132137081855,1.215154020735827,-0.01591827542997759,0.416125274825196,-0.05203379450366796,0.0,0.0,-0.8294717880831721,0.0,-0.07779328627478499,0.003634424096803812,-0.0018065702913439008,0.0,-2.073367489769833,0.0,0.0
2022-09-30,0.046138902733634746,-0.009498093420032383,-0.005698350550980336,-0.029569974033259783,1.5536820138440348,0.010339587961054164,0.5244245450681637,-0.027264858725281726,0.0,0.0,-0.8294717880831721,0.0,0.009479942325406832,-0.011051021751852907,-0.0024084696469309774,0.0,-1.6469334931815902,0.0,0.0
2022-10-07,0.046138902733634746,0.006046615325153937,0.0033711810839283096,0.014958811945918526,1.3700305238237394,0.022659969416253034,0.5708385180294356,0.007233892414019394,0.0052560378650634565,-0.010589851361339164,-0.732390112437563,0.009595372131311564,0.15308980652544424,0.05243623791470764,-0.00415140945433079,-0.0008538373420546863,-1.694510567823212,0.004668955704560718,-0.0356182795698925
2022-10-14,0.046138902733634746,0.004511037727670697,-0.0014372710515877518,-0.015670252633039894,1.4189732689131944,-0.03519006488919452,0.6559308017917672,-0.031566848705798733,0.0,0.0,-0.732390112437563,0.0,-0.07891890135242452,-0.03341450602140661,-9.59007783152277e-06,0.0,-1.6300905588094212,0.0,0.0
2022-10-21,0.046138902733634746,-0.011539231750787415,0.0015141106702742935,0.04626891064664562,0.7809168222799108,0.005648904362073104,0.8183797071562187,0.05084209946110896,0.0,0.0,-0.732390112437563,0.0,-0.00656275116004057,-0.02399686653341515,-0.0017178962501179784,0.0,-1.1186996065241952,0.0,0.0
2022-10-28,0.046138902733634746,-0.012035388363914379,-0.006579223651609123,0.03875942153966783,-0.18603093078424401,-0.006928870180201052,0.6714021261121909,0.022105315970025075,0.0,0.0,-0.732390112437563,0.0,0.03296046732659441,-0.030046831966817678,-0.0023824549212584367,0.0,-0.7294280643694167,0.0,0.0
2022-11-04,0.3807698849533052,0.0018957269393142795,0.002437752758324363,-0.034027433734571844,-0.46942312686232807,0.019867218262456632,0.7874370585153707,-0.05815049040375797,0.00244648112786483,-0.007183252157050624,-0.732390112437563,-0.014786173133267022,0.05219731172234443,0.07913124815748418,-0.0052985811220565004,-0.003271328890358194,-0.684296364918901,0.0025865212561164697,-0.0076655052264807955
2022-11-11,0.3807698849533052,-0.042277294511856134,0.0016915003279915908,0.05730438776538449,-0.9706426947342007,0.054397589161521154,0.5166888829079516,0.07784987415456612,0.0,0.0,-0.732390112437563,0.0,-0.040210313561912514,-0.03926613588406269,0.00023234184677201064,0.0,0.635202676709726,0.0,0.0
2022-11-18,0.3807698849533052,0.006003201463567365,-3.742147337693069e-05,-0.00693365623819453,-0.738826199385885,-0.008016174986366309,0.5166888829079516,-0.015779172347107462,0.0,0.0,-0.732390112437563,0.0,-0.10516066233853927,-0.04997187994319585,-0.006137423627871175,0.0,0.5815225869751084,0.0,0.0
2022-11-25,0.3807698849533052,-0.009112761858984797,0.00021050366510277918,0.015211538249088719,-1.3735683813347452,0.000798827147812986,0.4083896126649842,0.007178582054931937,0.0,0.0,-0.732390112437563,0.0,-0.048615393142990015,-0.010438034411330399,-0.0004903995307004028,0.0,0.9315479915944064,0.0,0.0
2022-12-02,0.3807698849533052,-0.013396200699458127,-0.0018754267648185552,0.011257428532237768,-1.617338934004738,0.02400654829367177,0.27688335594138036,0.02072897703934906,0.00033477509808887973,-0.019988067959430977,-0.8294717880831721,-0.012556475511662946,0.047365880661541127,-0.007211156985507117,-0.004270077098936453,-0.012406673533399748,1.5355778570587104,0.0013533631073217034,-0.0814606741573034
2022-12-09,0.3807698849533052,0.0024837088243474525,0.0031534507560315728,-0.034307311357618886,-0.5902760904374343,0.0012242356408682653,0.3232973289026522,-0.04067839750159763,0.0,0.0,-0.8294717880831721,0.0,-0.11881516514333423,-0.039243688718768155,-0.00021445438889466928,0.0,1.528398954501483,0.0,0.0
2022-12-16,0.6038572064330856,-0.0010500751595952096,-9.341865570555719e-05,-0.02106730391656697,-0.585426563966982,-0.004514918425090997,0.25367636946074457,-0.027565959508468296,0.0,0.0,-0.8294717880831721,0.0,0.04501488523990993,0.020341287917890583,7.899579795944689e-05,0.0,1.6785590023226524,0.0,0.0
2022-12-23,0.6038572064330856,-0.003731877446266907,0.0006072779931798333,-0.001959169800390015,-0.9839591296690079,0.0032906827842227315,0.4625392477864679,-0.019577775406874665,0.0,0.0,-0.8294717880831721,0.0,0.06853505781200742,0.026683650726972097,-0.0022138046951719614,0.0,1.7676975696053903,0.0,0.0
2022-12-30,0.6038572064330856,-0.007602412957870008,-0.0011904761904761862,-0.0013846558087244887,-0.7143507358746959,0.013165322867109808,0.5631028558692235,-0.0029936458786643527,0.0,0.0,-0.8294717880831721,0.0,0.008759968155730213,0.004095102981412246,-0.001546165871768701,0.0,1.9304732148363901,0.0,0.0
2023-01-06,0.6038572064330856,0.0034715620298815253,-0.0014069036434597448,0.014372088533439964,-0.8120620696530865,0.024160354948387308,0.30782600458222825,0.009774815604561837,0.005515247249069821,0.009034614594198409,-0.8294717880831721,0.0401409898457088,-0.08431929206434141,-0.03688492580440261,-0.005115090112240761,0.009044787904143092,1.5713456832075956,0.005355453439654045,0.04051987767584109
2023-01-13,0.6038572064330856,-0.016304712445636582,0.002471401022261288,0.026352618893595192,-1.4256783182201371,0.028659537564991844,0.2614120316209567,0.04711325019137824,0.0,0.0,-0.8294717880831721,0.0,0.07932300988703833,0.02305376286832317,0.00013611632844656718,0.0,1.941403608566517,0.0,0.0
2023-01-20,0.6038572064330856,-0.0018607792731497597,-0.004174215116822033,-0.006643520758201404,-0.9953091156905394,0.0041614707884019,0.25367636946074457,0.005514925070214005,0.0,0.0,-0.8294717880831721,0.0,0.0179938709159968,-0.010413145117489364,-0.002297443747122707,0.0,1.8095620430085468,0.0,0.0
2023-01-27,0.6038572064330856,-0.0007845624615150371,-0.006803327112969826,0.024357260064389763,-1.2689815965932683,0.0011413496294130354,0.2846190181015925,0.04229409196032208,0.0,0.0,-0.8294717880831721,0.0,-0.020250363087481738,-0.011934153574507,-0.00217716045361549,0.0,1.6666853926036773,0.0,0.0
2023-02-03,0.7154008671729757,0.009665663448199524,-0.004295958494431762,0.0160645833875801,-1.2551081179084722,-0.03465991201625762,0.29235468026180433,0.032610767764538195,0.0033948398434380245,-0.0059870805104773606,-0.732390112437563,-0.009796203823205452,-0.08223093886593791,-0.023580942588907305,-0.004361814695302835,0.0005129073574465792,1.357226436661187,0.002949133744475585,0.02792064658339455
2023-02-10,0.7154008671729757,0.006874867069895707,0.003366253075854475,-0.01118775629077362,-0.7496190694154463,-5.3668080627566894e-05,0.4548035856262561,-0.024349293342901035,0.0,0.0,-0.732390112437563,0.0,0.08273283241655438,-0.005801321564086415,0.00020857023267617514,0.0,0.9906878566293739,0.0,0.0
2023-02-17,0.7154008671729757,0.002217007600457954,-0.0030667164397738533,-0.002783477748426577,-0.8622459343484208,-0.01209780577350017,0.5166888829079516,0.005883724080508301,0.0,0.0,-0.732390112437563,0.0,-0.043323511310935814,-0.02565974678057703,-0.005998789146035022,0.0,0.960575218933604,0.0,0.0
2023-02-24,0.7154008671729757,0.01291449982544357,-0.0004360644237788591,-0.027097765815652153,-0.43509894277291605,-0.01731928358842083,0.6172524909907076,-0.03385066088151234,0.0,0.0,-0.732390112437563,0.0,-0.0002619762046434104,-0.008969317705061819,-0.0003073430663010912,0.0,0.5340393898653464,0.0,0.0
2023-03-03,0.7109391207433802,-0.0065799355835007844,-0.00012328936012817593,0.01886355141279239,-1.1036615864294181,0.021277926976150496,0.6327238153111315,0.025479629154459005,0.0005539412755906081,-0.006212572824729534,-0.8294717880831721,-0.01254424948606625,0.04308359396496275,0.03801725746559015,-0.005070989800994741,0.0001361863729971713,0.7025586626167701,0.0014157779658034997,-0.01572551822730517
2023-03-10,0.7109391207433802,0.0005739377338436213,0.0023001043346295713,-0.046560692946361115,0.3457434344057133,0.007709582902340806,0.42386093698540817,-0.04820650704019691,0.0,0.0,-0.8294717880831721,0.0,-0.03837769494905441,-0.04638429098377017,0.0003116425034810355,0.0,0.6594746592857642,0.0,0.0
2023-03-17,0.7154008671729757,-0.00835381249475553,-0.00018453239963100998,0.014155077440349828,0.5198596309912339,0.05628086068695559,0.1840554100188369,0.04318924048461881,0.0,0.0,-0.8294717880831721,0.0,-0.13883648084232547,-0.029379110518010343,0.035603802939794704,0.0,0.6663220651100497,0.0,0.0
2023-03-24,0.8269445279128659,-0.0057051485081336395,-0.0065497430267005274,0.013781315468142097,-0.300030181617971,0.006224836862710248,0.17631974785862475,0.016496180422539197,0.0,0.0,-0.8294717880831721,0.0,0.03706312850293525,0.004939565483484287,0.010936881460303471,0.0,0.8565116562975763,0.0,0.0
2023-03-31,0.8269445279128659,-0.005933009631196029,-0.006035575118377379,0.03423971403194592,-0.997917273643481,-0.006631076747552811,0.25367636946074457,0.03310227751325989,0.0,0.0,-0.8294717880831721,0.0,0.08851418669062028,0.011089733252161338,-0.0031881931629429427,0.0,1.0128229656208945,0.0,0.0
2023-04-07,0.8269445279128659,-0.0067538301575682524,0.002827634132898771,-0.0010445257036781896,-1.0477886849681668,0.02155376169089429,0.1840554100188369,-0.011020342793178983,0.004027940313549472,-0.0005990772654067555,-0.9265534637287812,0.0087454994022238,0.06435678095128505,-0.00030780606757563334,-0.00844917184148486,0.003985826874277176,1.1524094303719528,0.003454968294600791,-0.016702977487291215
2023-04-14,0.8269445279128659,-0.002655227398812521,0.004602260508016931,0.007914990273818034,-1.4995649018895436,-0.0048330097318736165,0.2846190181015925,0.0029333080734765815,0.0,0.0,-0.9265534637287812,0.0,0.02230211006298788,0.0191091728995767,-0.002037328274553163,0.0,1.426493672662641,0.0,0.0
2023-04-21,0.8269445279128659,0.002655227398812521,-0.003734396407367946,-0.0009962610928688775,-1.6514295343721153,-0.011402264051961097,0.3232973289026522,-0.004216398531061927,0.0,0.0,-0.9265534637287812,0.0,-0.05799984266253855,0.0007548119618663307,-0.0024996526325576918,0.0,1.405127281193485,0.0,0.0
2023-04-28,0.8269445279128659,-0.0014742891996952778,-0.013479894758455346,0.008661974172291309,-1.9008600156739583,0.005340588898325116,0.22273372081989665,0.012685454544270058,0.0,0.0,-0.9265534637287812,0.0,-0.0140966311863302,-0.03511645831336008,-0.003548710193089666,0.0,1.5007148691820884,0.0,0.0
2023-05-05,0.9384881886527561,-0.004534699122295649,-0.001844143272023202,-0.008001742857159044,-1.2498157538570542,0.01362468927797078,0.22273372081989665,0.0007219427711255832,0.0015122598709624846,-0.012603733632273184,-0.732390112437563,0.004131028269797943,-0.07348704507638004,-0.02741201189618714,-0.006863901953200191,-0.002356038948268857,1.6032258160830561,0.0016590107627281192,0.16986706056129974
2023-05-12,0.9384881886527561,0.01441980182005409,0.003127742836499081,-0.0029465967014079553,-1.2136926334751432,-0.0014385400910787993,0.23820504514032062,0.004023641282156376,0.0,0.0,-0.732390112437563,0.0,-0.018390608108416195,-0.012392399970241996,-0.00011488719300600803,0.0,0.6653883499804231,0.0,0.0
2023-05-19,0.9384881886527561,0.005051464501121039,-0.00022236831928235112,0.016330187803522023,-1.2076536369450546,-0.01793098690987982,0.42386093698540817,0.029923696233312924,0.0,0.0,-0.732390112437563,0.0,0.021330028165416515,0.017999142731477846,-0.00544006909547512,0.0,0.3517826130530076,0.0,0.0
2023-05-26,0.9384881886527561,0.009739261742762295,-0.000923517295399745,0.0032081782438648787,-0.6982124841986624,-0.017640906252956334,0.5012175585875276,0.024796082903671746,0.0,0.0,-0.732390112437563,0.0,0.015532070777140028,-0.01881270209838526,-0.002424687468959741,0.0,-0.216851305568588,0.0,0.0
2023-06-02,0.9384881886527561,-0.0018249291460037398,0.002836028205413621,0.01812527242041284,-1.8437217708715432,0.004260265049067513,0.416125274825196,0.020223030571930423,0.0025814661936727212,0.0007490046122917704,-0.732390112437563,0.004066274821503457,-0.012880177104960921,-0.017184259464284146,-0.005974333397935405,-0.005826323133707456,-0.4083618383669937,0.0026550145651267343,-0.10290404040404044
2023-06-09,0.9384881886527561,-0.004432024764387421,0.0049466008406808815,0.003843217447347058,-1.9112769270739294,0.005006870327279422,0.4625392477864679,0.001386428912303117,0.0,0.0,-0.732390112437563,0.0,-0.022127599157093947,0.0008827939318996059,0.0004139113321075527,0.0,-0.19397507337715278,0.0,0.0
2023-06-16,0.9384881886527561,-0.012241428519502051,-0.0035296151518935392,0.025431839713627724,-1.817477482403006,-0.0019384420605748076,0.47801057210689185,0.0319471524187076,0.0,0.0,-0.732390112437563,0.0,0.022685025543642823,0.006048294841749069,-0.00011943749944121063,0.0,1.1696465948763208,0.0,0.0
2023-06-23,0.9340264422231606,0.005847954879723893,-0.001537327171173275,-0.013989797871328591,-1.669664458025697,-0.020271512381757617,0.4548035856262561,-0.014498828773417571,0.0,0.0,-0.732390112437563,0.0,-0.037183154946935915,-0.03157538920845937,-0.0031308999426941098,0.0,0.7345826762456289,0.0,0.0
2023-06-30,0.9384881886527561,9.719776479499842e-05,-0.0034655185728629245,0.02319757814903589,-1.4820763491286626,0.0010416125234398166,0.5089532207477397,0.021657417751725916,0.0,0.0,-0.732390112437563,0.0,0.021173833889041482,0.006372888315849146,-0.0025288027112936318,0.0,0.7987604742078095,0.0,0.0
2023-07-07,0.9384881886527561,-0.006238513439858373,0.004756231050148774,-0.011623538976568426,-1.0043529789635992,0.002651198851285841,0.7023447747530388,-0.00926829944917884,0.0016968158395787025,-9.847947687702252e-05,-0.8294717880831721,0.0009971630964717981,0.044574870032652036,-0.0032095937927749674,-0.005107593724141046,0.006752236012771862,1.1468139073658412,0.0011455229146086765,0.027445460942997935
2023-07-14,0.9384881886527561,-0.023346524594686002,0.0006122016119702867,0.02391517863699022,-1.365230649886631,0.01744635509840453,0.5244245450681637,0.0326214293246192,0.0,0.0,-0.8294717880831721,0.0,0.02090104986405983,0.011160781311330581,-0.00016738343894517893,0.0,2.6154919810947113,0.0,0.0
2023-07-21,0.9384881886527561,0.011543525668112231,-0.0005010237263640693,0.0068393859614381824,-1.1864548589795814,0.002140492722292997,0.5321602072283755,-0.005747842157107996,0.0,0.0,-0.8294717880831721,0.0,0.021641628278074698,0.023154286883537267,-0.0026963007852429666,0.0,1.7534815937393038,0.0,0.0
2023-07-28,1.0500318493926462,0.005427050126431077,-0.005407984730395943,0.01006528984927435,-1.1758871608918884,-0.0019874261089984913,0.6249881531509194,0.020025776475030455,0.0,0.0,-0.8294717880831721,0.0,0.044536406656459526,0.023801646872568583,-0.003771563705201153,0.0,1.0148286671749043,0.0,0.0
2023-08-04,1.0500318493926462,0.0039284463965651994,0.002035386650771187,-0.023002605333680037,-0.05713351455586343,-0.010666792844971518,0.694609112592827,-0.028870520676987255,0.0049997537875678955,0.015147635274883386,-0.635308436791954,0.010070308880505419,0.027419071945973705,0.005307304814795799,-0.004437519530908762,0.00022217435933269414,0.9058984623766178,0.0030097755519995495,-0.09794520547945207
2023-08-11,1.0500318493926462,0.008005507197793804,0.0026454642620508118,-0.003126787615395088,-0.662635209499241,-0.013861325722572815,0.779701396355159,-0.01919125190705806,0.0,0.0,-0.635308436791954,0.0,0.0044576032105352326,-0.0007943022678116307,0.00017997349503406923,0.0,0.47193519537151796,0.0,0.0
2023-08-18,1.0500318493926462,0.00523714641215367,-0.0009791815392926617,-0.021359745570789457,0.09896253746791422,-0.014109235808540177,0.8570580179572784,-0.02629155011280382,0.0,0.0,-0.635308436791954,0.0,-0.023596356433301935,-0.020335693545582068,-0.007616004452110969,0.0,-0.013473360523971419,0.0,0.0
2023-08-25,1.0500318493926462,0.00674835859694678,-0.002921110698024698,0.008204781600333888,-0.3320795650306221,0.013167787607140546,0.8493223557970666,0.022311502726381605,0.0,0.0,-0.635308436791954,0.0,-0.01763142461521472,0.027882526742694758,-0.0008177293444772138,0.0,-0.6122393763272789,0.0,0.0
2023-09-01,1.0500318493926462,0.001536060526191818,-0.0013655645301877684,0.024674301278624355,-1.0597599710432535,0.014905920411112383,0.7951727206755825,0.03194477938916762,0.004037394900339164,0.004866501086619124,-0.5382267611463454,0.006325700489422825,0.06920163941578306,-0.00047331094982627775,-0.0021808399145553103,0.002066053575776161,-0.8212358930385525,0.003711664048937635,0.04100227790432798
2023-09-08,1.0500318493926462,0.008121178706937293,0.004068352196134439,-0.012989839366289502,-0.8016980808033346,-0.011093382131661222,0.8570580179572784,-0.019449826382855306,0.0,0.0,-0.5382267611463454,0.0,0.022652060948597175,0.0,-0.0024624088017262125,0.0,-1.4060296034203559,0.0,0.0
2023-09-15,1.0500318493926462,0.0021862407003618856,-0.0001159056334968378,-0.0016099157161608701,-0.868955555865873,0.002758871530221363,0.9112076530787625,-0.0038733550986158605,0.0,0.0,-0.5382267611463454,0.0,0.03657570059666959,0.04258156876981456,-0.00031340579397076684,0.0,-1.6906088971480957,0.0,0.0
2023-09-22,1.0500318493926462,0.0024656450077849,-0.0014779681319158078,-0.02970665959489871,0.947156807652729,0.000883361494127044,0.9962999368410944,-0.03689258891911962,0.0,0.0,-0.5382267611463454,0.0,-0.0081858629941447,0.009756639732856343,-0.009222254366985427,0.0,-1.7037255756056828,0.0,0.0
2023-09-29,1.0500318493926462,0.005572589040752085,-0.005088640046436277,-0.007437266011452337,1.1937115873738118,-0.04097567994250806,1.1123348692442736,0.0005683254876327481,0.0,0.0,-0.5382267611463454,0.0,0.008406222906139682,0.007459937616944856,-0.0027449841664288765,0.0,-1.9704234723234142,0.0,0.0
2023-10-06,1.0500318493926462,-0.0012251757244232664,0.004686823898912396,0.004757777097498916,1.211583477316032,-0.009732847279194878,1.2593124502883015,0.015911351020154285,0.0009076890042749586,-0.014451559084554422,-0.44114508550073633,-0.005741657150107882,-0.09224186525853284,-0.04522906536939608,-0.005783757790490007,-0.007066241659656747,-1.6912772859117202,0.0005353363147448942,-0.002188183807439792
2023-10-13,1.0500318493926462,0.005736069170093394,-3.387419125366886e-05,0.004464843118594075,2.0994798682535083,0.05174673328186685,1.1432775178851216,-0.0017966218918807897,0.0,0.0,-0.44114508550073633,0.0,0.05750060342344998,0.028264497792706678,-0.0004685900141557786,0.0,-1.9348498138816732,0.0,0.0
2023-10-20,1.0500318493926462,-0.004605034704626476,0.002477739063105,-0.024234197352219766,2.7765903491045987,0.028186717424977914,1.3753473826914806,-0.03209098503600494,0.0,0.0,-0.44114508550073633,0.0,0.012015532722931432,0.009005316505356298,-0.002375738394130633,0.0,-1.314686945539852,0.0,0.0
2023-10-27,1.0500318493926462,0.0037607593609001455,-0.0077334517648876,-0.02560582298725045,2.2194384804522445,0.003072186759959905,1.305726423249573,-0.026598688873122,0.0,0.0,-0.44114508550073633,0.0,-0.036839314853847505,-0.00895493447390372,-0.0031931782056133784,0.0,-1.3737090039760098,0.0,0.0
2023-11-03,1.0500318493926462,-0.014557407635979125,-0.0001654098759427125,0.05687657659080436,-0.3701514473350806,0.0014572623527362438,1.09686354492385,0.0639750464480926,0.0014106802143973862,-0.009153891971535155,-0.635308436791954,-0.003274465716343933,-0.06060268665606028,-0.015898772387203053,-0.005205726476163464,0.003009414290184642,-0.3969555547844882,7.408382996931806e-05,0.10672514619883033
2023-11-10,1.0500318493926462,0.00796669595048538,0.0055956713832499005,0.012971030729936217,-0.6291618266415875,-0.03002188968924635,1.127806193564698,0.02345213054990758,0.0,0.0,-0.635308436791954,0.0,-0.0423706701036517,-0.03702967961788062,-0.0007592799183999688,0.0,-0.6107058192138031,0.0,0.0
2023-11-17,1.0500318493926462,-0.019458844735877,8.70970551518635e-05,0.022125867574946056,-0.7293500667251115,0.025038352922318374,0.9962999368410944,0.02344864019966586,0.0,0.0,-0.635308436791954,0.0,-0.01672584136872679,-0.010361139899476512,-0.005813738257870682,0.0,0.631099313830385,0.0,0.0
2023-11-24,1.0500318493926462,-0.004053650628234706,0.002477211588705286,0.009989728565996003,-1.181108592813789,0.010341964743375343,1.0195069233217298,0.008836234707164436,0.0,0.0,-0.635308436791954,0.0,-0.004622585969158877,-0.004789409044118287,-0.0005344855803416371,0.0,0.7075337184751114,0.0,0.0
2023-12-01,1.0500318493926462,-0.0012580916544440157,-0.0004585030599045803,0.007710362814890459,-1.0588019415577412,0.03378503079743833,0.8261153693164305,0.003794716135594456,0.002103301989373252,-0.011824912202992977,-0.5382267611463454,0.0011607788168817024,-0.019651741498981856,-0.0021060160263628447,-0.0018780372954726454,-0.002487199524137229,0.37164340776032223,0.0013745647897409619,0.004623513870541718
2023-12-08,1.0500318493926462,0.007140183726810356,0.004814076223678354,0.0021176732286214417,-1.1257196813993058,-0.03573473887350964,0.833851031476643,0.006892601262711295,0.0,0.0,-0.5382267611463454,0.0,-0.03909646278675005,-0.03689033102066652,-0.007537058379493922,0.0,-0.2956485068072577,0.0,0.0
2023-12-15,1.0500318493926462,-0.01413655462662522,-9.130313602234708e-05,0.024631284303199052,-1.1153471896785303,0.011345062033057296,0.5863098423498596,0.028063429959555464,0.0,0.0,-0.5382267611463454,0.0,0.0028038283209088632,0.013371417495178228,0.0002818781797726544,0.0,0.43864707154937155,0.0,0.0
2023-12-22,1.0500318493926462,-0.008323241230057121,0.00350347704477616,0.007481693208946538,-0.8177713012131269,0.017655365876072082,0.5785741801896475,0.01201413233353854,0.0,0.0,-0.5382267611463454,0.0,0.029383413107544776,0.017010945525742116,-0.0020030838938513984,0.0,1.0494743411535647,0.0,0.0
2023-12-29,1.0500318493926462,-0.0036447375166233087,0.0012547411976553402,0.0031918257369945024,-1.0089652602970072,0.002573034402936436,0.5631028558692235,0.001225149279722615,0.0,0.0,-0.5382267611463454,0.0,-0.026308190976334522,-0.006769706659409458,-0.0014606302408460836,0.0,1.1402140758658916,0.0,0.0
2024-01-05,1.0500318493926462,0.010601864316201137,-0.0008513894867747673,-0.015335529150803495,-0.6430150318007916,-0.009744706953251914,0.694609112592827,-0.03299926095359851,0.0034301261599751776,0.005763089015712319,-0.635308436791954,-0.008938908483885788,0.02970101513458978,-0.0064298031618772455,-0.004117451279895046,-0.01118474065802788,0.6266611372560382,0.004685188229492043,-0.0920447074293228
2024-01-12,1.0500318493926462,-9.767234007185266e-05,0.001364341382149581,0.01826634515060377,-0.8707804048132971,0.0021031172475129978,0.6249881531509194,0.030425239856352704,0.0,0.0,-0.635308436791954,0.0,-0.0154279429781905,-0.008248738393511701,0.0007402658812158958,0.0,0.8007702327426258,0.0,0.0
2024-01-19,1.0500318493926462,0.008653847375632573,-0.0007170960478446453,0.011633978635327225,-0.6420732476200981,-0.009918549060038195,0.7719657341949472,0.022337012564740633,0.0,0.0,-0.635308436791954,0.0,0.00999396828152399,-0.01331863494317087,-0.0016871977738199817,0.0,0.5840744364514443,0.0,0.0
2024-01-26,1.0500318493926462,0.0017411525323112187,-0.006171451534969119,0.010515215883765805,-0.6554715458167469,-0.004798045983961607,0.7719657341949472,0.00938634440580266,0.0,0.0,-0.635308436791954,0.0,0.060776834975889926,0.022614295787312777,0.0004546674171046483,0.0,0.35667041925462734,0.0,0.0
2024-02-02,1.0500318493926462,0.004339627327983209,-0.002589813080962955,0.013734740204215612,-0.39424223075606385,0.009524080302819371,0.6791377882724033,0.011169084678469332,0.003963924414288167,0.014404749588151411,-0.44114508550073633,0.0072366812464343955,-0.07628960214878511,-0.0177812101948156,-0.006135806794898668,0.012255254574657704,-0.014864718243944851,0.0030107174997955344,0.12382331643736433
2024-02-09,1.0500318493926462,0.0015384970545166965,0.0062258987736427684,0.013620341485358622,-0.7033003525670284,-0.006306335469158597,0.7874370585153707,0.022879835391972136,0.0,0.0,-0.44114508550073633,0.0,0.06117784140596605,-0.006976063364812823,0.0001541259355679614,0.0,0.008085680819330613,0.0,0.0
2024-02-16,1.0500318493926462,0.0019197255622751541,-0.0037795759008869556,-0.004194516160200834,-0.1783522095047599,-0.005849153528219908,0.8880006665981264,-0.013537174785682282,0.0,0.0,-0.44114508550073633,0.0,0.030124768810588343,0.011674335101368172,0.00033729508733770786,0.0,-0.015924895395033785,0.0,0.0
2024-02-23,1.0500318493926462,-0.0032657442903802902,0.0005536805311481263,0.016490750722191194,-0.33472245742025947,0.01338257336857307,0.8570580179572784,0.013922335244455297,0.0,0.0,-0.44114508550073633,0.0,-0.03469007364650789,-0.0022904261927250147,-0.006836764662345729,0.0,0.2788195928084613,0.0,0.0
2024-03-01,1.0500318493926462,-0.0007699887760583835,-0.0005389382915654828,0.009442831862127576,-0.5757034866725806,0.02341637870748059,0.802908382835795,0.017236555832162992,0.0034884992058441533,0.0006629374798960974,-0.44114508550073633,0.00465774115568629,0.04449159420276949,0.022507628446124528,-0.0018302004976995523,-0.0020257635064689916,0.384548318873237,0.003588965562244084,-0.15463917525773196
2024-03-08,1.0500318493926462,-0.010842340046314902,0.007987328120787174,-0.0026099687049452314,0.02419388232995186,0.0430028490076797,0.7255517612336749,-0.011732506660111497,0.0,0.0,-0.44114508550073633,0.0,-0.024814528624030885,-0.00922927326323375,-0.0038254146808976985,0.0,1.001052399453021,0.0,0.0
2024-03-15,1.0500318493926462,0.006693554093732068,0.002392972970391316,-0.0012889835947156314,-0.10930791431348678,-0.009825051063113044,0.8957363287583382,-0.006983586373403128,0.0,0.0,-0.44114508550073633,0.0,0.03810582025337528,0.034659229189048624,0.00041279467165922235,0.0,0.601351688716459,0.0,0.0
2024-03-22,1.0500318493926462,0.009621935073491628,0.0037786375938702044,0.022624340059387293,-0.5653104973806096,0.0003707877879843835,0.8261153693164305,0.028126693829541694,0.0,0.0,-0.44114508550073633,0.0,-0.0050721166047464905,-0.0077063552378202616,-0.003662306222685374,0.0,0.0013130550444269474,0.0,0.0
2024-03-29,1.0500318493926462,0.001148461650342547,-0.002117185756941531,0.0038460959186288335,-0.5291377493573666,0.02710704409892184,0.8106440449960068,-0.00300902018602045,0.0,0.0,-0.44114508550073633,0.0,0.031015929231879014,-0.0018820751147767822,-0.003940328555451567,0.0,-0.17115998798330614,0.0,0.0
2024-04-05,1.0500318493926462,-0.0023940637979507073,0.008244097597176259,-0.009563460690854342,0.6835876985418295,0.04768575368381711,0.957621626040034,-0.008026309607553017,0.002912462713108077,0.007381563731158947,-0.44114508550073633,-0.0004916363099423116,0.043986458721380295,0.056757641474582066,-0.006036416233084374,-0.001578250190697128,0.10265944901300587,0.0024626538142686893,0.055640243902439046
2024-04-12,1.0500318493926462,0.016544998788467602,-0.0006699882987959427,-0.015672599367524853,1.289206876050052,0.013029083107580774,1.042713909802366,-0.0045294040023691196,0.0,0.0,-0.44114508550073633,0.0,-0.014487127647258902,0.038337205168855526,-0.0001857637241352572,0.0,-1.6164664072998165,0.0,0.0
2024-04-19,1.0500318493926462,0.001036812469390469,0.00010859198685553295,-0.030957926745509567,2.2144631906670385,0.01775167654231602,1.1355418557249097,-0.05679609060065083,0.0,0.0,-0.44114508550073633,0.0,-0.029860088455668787,-0.001101793586394173,-0.004392205831106999,0.0,-1.5707772030380356,0.0,0.0
2024-04-26,1.0500318493926462,-0.001980283362447821,-0.01249616428655731,0.026370352164699185,0.7577552240986863,-0.026875552388253787,1.1742201665259695,0.04139600876151661,0.0,0.0,-0.44114508550073633,0.0,0.008503543588255447,-0.013689552134190208,-0.0004148264818095715,0.0,-1.3836456994240973,0.0,0.0
2024-05-03,1.0500318493926462,-0.008626907149299257,-0.0039440094082551225,0.005442085856673273,-0.22250464888254762,-0.015452009479647977,1.042713909802366,0.014239615161480756,0.0003961458839163434,-0.00647915385752873,-0.34406340985512723,0.007883480281226651,-0.07091137263529035,-0.018473311351265842,-0.00539822442185911,0.00608557516452235,-0.7387162474167063,5.675322885334566e-05,-0.04981949458483759
2024-05-10,1.0500318493926462,0.002662346197202403,0.004161207182042048,0.01833593900415309,-0.796024255731537,0.029275840057999325,1.042713909802366,0.01135741058384454,0.0,0.0,-0.34406340985512723,0.0,0.001918546642641239,0.022810100256028143,-0.0012313795607291622,0.0,-0.7124864359009464,0.0,0.0
2024-05-17,1.0500318493926462,-0.008199899424291779,-0.0022177612082975307,0.015312901354693764,-1.0909943894322076,0.018789088085807037,0.9808286125206701,0.020898949942587564,0.0,0.0,-0.34406340985512723,0.0,0.022739678990872925,0.034391869959748966,-0.006682071768627562,0.0,0.299845319930508,0.0,0.0
2024-05-24,1.0500318493926462,0.0025816744733022645,0.0014035524727433746,0.00027341565923322264,-1.1027309500367428,-0.03359852018548892,1.011771261161518,0.013974699287690129,0.0,0.0,-0.34406340985512723,0.0,-0.029663682854058848,-0.017838245689160814,-0.0006442804977689898,0.0,0.10930180016372291,0.0,0.0
2024-05-31,1.0500318493926462,-0.000477606885276316,-0.0024731043917933793,-0.0051426796126818886,-0.48530396506534246,-0.004124290701372324,1.0504495719625777,-0.011039486237692131,0.0,0.0,-0.34406340985512723,0.0,-0.009437124672559527,-0.019525394659745565,-0.0020887543177224854,0.0,0.12462573653969175,0.0,0.0
2024-06-07,1.0500318493926462,0.002099649781347246,0.007164368058619086,0.01307947842535917,-0.9242658140781411,-0.007648943639345873,0.9885642746808819,0.023510564424435998,-2.8741138149102063e-05,0.002353973358191652,-0.24698173420951863,-0.0006545941516259424,-0.019145603379576492,-0.02080014846455569,-0.003930635108099989,0.002657805373291966,-0.36568451721470696,0.0015484645069234748,0.008358662613981771
2024-06-14,1.0500318493926462,0.006272627052696933,0.0016140858750821607,0.015699938231456656,-0.6594816641822218,0.01130148421756516,0.8106440449960068,0.03192217596717839,0.0,0.0,-0.24698173420951863,0.0,0.03793152811484202,0.0088239574178397,0.0004530239521081114,0.0,-1.2841390473348595,0.0,0.0
2024-06-21,1.0500318493926462,0.002365745061549518,0.0008318874337460702,0.006060839439602006,-0.319559858225131,-0.006454689405342329,0.8493223557970666,2.705140910741477e-05,0.0,0.0,-0.24698173420951863,0.0,0.02864885471078793,0.012719961999560603,-0.0008860756354823751,0.0,-1.3285269980532721,0.0,0.0
2024-06-28,1.0500318493926462,0.0006614040294659063,-0.004469459485133442,-0.0007579128575354588,-0.8048863292016131,0.004866420398025539,0.9344146395593986,0.0024414378590567054,0.0,0.0,-0.24698173420951863,0.0,0.009983413629905513,-0.004595425090181848,-0.002947794028631656,0.0,-1.085559032425865,0.0,0.0
2024-07-05,1.0500318493926462,-0.009395139030665689,0.0018463828548798134,0.019353733383116634,-0.7501159427058554,0.02578491923898696,0.8725293422777027,0.034375227726791024,0.001389194937581939,0.00549794071445886,-0.14990005856390914,0.009725340386913528,0.019672798407659897,0.004223608763161302,-0.001333533762134853,-0.007110661731235979,0.4817338732328284,0.001594638130469006,-0.0467219291635268
2024-07-12,1.0500318493926462,-0.007560938922358318,0.0033668911260751333,0.008613508888274168,-0.7539219131311082,0.010619568827460846,0.7951727206755825,0.002486420334264494,0.0,0.0,-0.14990005856390914,0.0,-0.01148956899912612,-0.03550577980458236,0.0003543575313784686,0.0,1.4066611927817283,0.0,0.0
2024-07-19,1.0500318493926462,0.002973815719004236,-0.0006170114811597793,-0.019847166500595037,1.632491784330573,-0.007693145334299878,0.8493223557970666,-0.037180893964849915,0.0,0.0,-0.14990005856390914,0.0,-0.02562665651419138,-0.035880620185218426,-0.0021915596437968032,0.0,1.1221190252938227,0.0,0.0
2024-07-26,1.0500318493926462,-0.0007665948112753895,-0.003096460441768034,-0.008372811280764836,1.4245426096531602,-0.006491489657657112,0.8106440449960068,-0.021038854040007493,0.0,0.0,-0.14990005856390914,0.0,-0.03776904601463471,-0.02704258578249963,-0.00038733411882252433,0.0,0.7636219656206709,0.0,0.0
2024-08-02,1.0500318493926462,-0.010697356545648518,-0.0012529119483971618,-0.02083058448816466,3.611205811961049,0.019019634716156197,0.5012175585875276,-0.03408779116613658,0.001801853517281904,-0.007220553316674594,-0.14990005856390914,-0.003458157124133776,-0.048323803111479435,-0.0023554155046738856,-0.0037560431645190517,0.0048810369179626,1.3631343743946418,0.0012365035236308053,0.09960474308300404
2024-08-09,1.0500318493926462,-0.0006784560021992903,0.007980042738304105,-0.00044896926228332745,2.10104770798668,0.0026349994331509308,0.6095168288304954,-0.0018411717660562488,0.0,0.0,-0.14990005856390914,0.0,0.04416785785417243,0.014212428732399474,-0.0004367273947601946,0.0,1.3153896586101532,0.0,0.0
2024-08-16,1.0500318493926462,-0.006614813129518282,-0.0010221416707283382,0.03855899533166962,0.08101759046779985,0.02697549226728846,0.5708385180294356,0.05158192396871364,0.0,0.0,-0.14990005856390914,0.0,-0.0024756650165427274,0.005015812206941916,0.00033894261054934205,0.0,2.269402421278821,0.0,0.0
2024-08-23,1.0500318493926462,-0.017128067719734297,0.0006915989673383915,0.014364510064581282,0.4338210708624447,0.003914446655059578,0.5089532207477397,0.013859515371921205,0.0,0.0,-0.14990005856390914,0.0,-0.024030726663125,-0.007614508321330149,-0.005257403219532497,0.0,3.0821445285463476,0.0,0.0
2024-08-30,1.0500318493926462,0.009682871191201592,-0.002579869444405025,0.002444391384090139,0.09809241276929873,-0.005837389594881337,0.5863098423498596,-0.009225321193495617,0.0,0.0,-0.14990005856390914,0.0,-0.017253410022059157,-0.00832857859046321,-0.002340912095767589,0.0,1.674322350453075,0.0,0.0
2024-09-06,1.0500318493926462,-0.005126161167105181,0.00478866287623525,-0.043415317921876806,2.354452269059409,-0.00012032515611704042,0.43933226130583214,-0.05947431518804791,0.0022920373984103293,-0.01088611658048333,-0.24698173420951863,0.008252183548969061,-0.08332256535418914,-0.03589401219602362,-0.0014980546768197378,-0.004117663046643516,1.8154424331258516,0.0022197289509158225,-0.024442846872753443
2024-09-13,1.0500318493926462,-0.0006920727401391602,0.004217934487400488,0.03944528445461337,0.4636545285869618,0.0346058209117075,0.3929182883445602,0.0577997000091397,0.0,0.0,-0.24698173420951863,0.0,0.014378231255366636,0.03649510818865753,0.00034221118760635605,0.0,1.604273701760984,0.0,0.0
2024-09-20,0.8269445279128659,-0.0038646372839572507,-0.0011429485249848659,0.01351114051560387,0.297016580974422,0.014842944915111289,0.44706792346604396,0.014837363145941751,0.0,0.0,-0.24698173420951863,0.0,0.04653321026284907,0.0035990744651419604,-0.0008241741638546074,0.0,1.9709246833438752,0.0,0.0
2024-09-27,0.8269445279128659,-0.0029830294832660087,-0.004798342476396877,0.006226921580973155,0.5108589651050919,0.009270286635209679,0.4625392477864679,0.0094971301535125,0.0,0.0,-0.24698173420951863,0.0,-0.05340309351797323,0.01945994421726205,-0.0040902292359817904,0.0,1.760416117849306,0.0,0.0
2024-10-04,0.8269445279128659,0.020696496379092544,0.0022333046284293,0.0022455633357001403,1.1655137983374766,0.0005670970350308835,0.6404594774713432,0.0010072287201818853,0.002264563237849071,0.001579059845972397,-0.24698173420951863,0.0063561584423221795,0.08703578038478366,0.04952207858350377,-0.004679904503620658,-0.0037194650052535527,0.555938110002253,0.0026577752005412236,-0.00368459837877666
2024-10-11,0.8269445279128659,0.0036025817039533337,0.00419227827663371,0.011060014193617462,1.4630387275587478,0.00445000112182381,0.7178160990734631,0.011243835986187278,0.0,0.0,-0.24698173420951863,0.0,0.015739958751908034,-0.009956427255138678,-1.2061998673207341e-05,0.0,0.25699839384733625,0.0,0.0
2024-10-18,0.8269445279128659,0.005814518582538675,-0.0013116696285011553,0.008500293134096282,0.7412559384017072,0.020889502735429666,0.7178160990734631,0.007961020366371585,0.0,0.0,-0.24698173420951863,0.0,-0.08763715448016018,-0.030160904472540828,-0.0010722536626346368,0.0,-0.26818186611649447,0.0,0.0
2024-10-25,0.8269445279128659,0.007412830791234448,-0.00013180998648942843,-0.009689242573923451,1.3302388096722477,0.009973298632120375,0.8493223557970666,0.0015703887790774473,0.0,0.0,-0.24698173420951863,0.0,0.03631601287096853,0.03359299609704891,-0.0014029835989001205,0.0,-0.8138563785271745,0.0,0.0
2024-11-01,0.8269445279128659,0.000191777529873427,-0.0014642253494603352,-0.013750908025073727,1.6147899951998135,-0.0008394214152902535,0.9421503017196103,-0.015163544267359441,0.002804502414724075,0.0005136695366305677,-0.14990005856390914,0.006959204662324359,-0.03242304212860425,-0.02900259037281394,-0.002264486568427926,-0.002577929790302358,-0.5522227726441131,0.0011486497341237634,-0.04215976331360949
2024-11-08,0.7154008671729757,0.006880772798235846,0.008152276413564197,0.04550981538327292,-0.3632551034058647,-0.018835483121401708,0.8880006665981264,0.05580725627085137,0.0,0.0,-0.14990005856390914,0.0,0.012726266283718424,-0.006867070547775356,-0.0027362981910574735,0.0,-1.3486554911958004,0.0,0.0
2024-11-15,0.7154008671729757,0.015967105929024505,0.0018239896734122407,-0.021055595970876695,-0.06831416841308101,-0.04638006661038485,0.9885642746808819,-0.031960039901179016,0.0,0.0,-0.14990005856390914,0.0,-0.04891806064777349,0.0022237914681575432,-0.0038875947396587174,0.0,-2.2567709367434077,0.0,0.0
2024-11-22,0.7154008671729757,0.007470344024664399,0.002002735671569944,0.016676072323962288,-0.3826149429504888,0.05468037096152756,0.9730929503604583,0.017171275776865613,0.0,0.0,-0.14990005856390914,0.0,0.06106339621444157,0.04032257205023537,-0.006225969225681638,0.0,-2.52088341736364,0.0,0.0
2024-11-29,0.7154008671729757,-0.016414569506579824,-0.0034057660411114243,0.010505264288612537,-0.921385053267482,-0.019714031027247003,0.7951727206755825,0.011225095089441695,0.0,0.0,-0.14990005856390914,0.0,-0.04654672325896314,-0.020943136115086247,-0.002685112983158988,0.0,-1.5358721538916345,0.0,0.0
2024-12-06,0.7154008671729757,0.002172816101439601,0.005923190201257533,0.009550812278895648,-1.1635376430878133,-0.006949156299507209,0.7719657341949472,0.03283987225505314,0.0036467171645351293,0.0008372464071466634,-0.24698173420951863,0.009018648483463121,-0.011834503060066837,-0.01869217124372735,-0.0013487054570943124,0.010734642271773565,-1.4650723920450888,0.002743968484478998,0.16911196911196913
2024-12-13,0.7154008671729757,0.009672787755834023,0.001914747271949846,-0.006454023638973183,-0.86874903739991,0.006572721136017812,0.9653572882002465,0.003365526070563618,0.0,0.0,-0.24698173420951863,0.0,0.05908287585579419,0.026442946169892956,0.00024043526614003774,0.0,-1.6740691838429886,0.0,0.0
2024-12-20,0.6038572064330856,0.005777695120479542,0.0017209069318686598,-0.020070837124528396,0.501137585163725,-0.010331822782295497,1.0581852341227895,-0.017930970911582023,0.0,0.0,-0.24698173420951863,0.0,-0.026005043836547337,-0.010763946074213493,-0.0011820250424611212,0.0,-1.8713123857024432,0.0,0.0
2024-12-27,0.6038572064330856,0.0035246975418345983,0.0014817901877706152,0.006720036697572596,-0.32113764101537484,-0.004384383475072973,1.1355418557249097,0.007605640362640997,0.0,0.0,-0.24698173420951863,0.0,0.016279088750893678,0.008754503998429364,-0.0004890169322656623,0.0,-1.7241551253219924,0.0,0.0
2025-01-03,0.6038572064330856,0.008757806255781375,0.0005594728933071558,-0.004762686842335384,-0.32158450238063013,0.010566039953443962,1.1200705314044854,-0.005101187944626773,0.004669351360031326,0.015535290798388557,-0.34406340985512723,-0.010319796399719805,0.046494271254061026,0.019358585846322107,-0.004860903260734961,-0.0015934832165070967,-1.9628279460833986,0.0035045887709135304,-0.1030383091149274
2025-01-10,0.6038572064330856,0.006404455399800391,0.000462115750753167,-0.019615748576219616,0.7930534170799411,0.023723910805554027,1.251576788128089,-0.023725174614655842,0.0,0.0,-0.34406340985512723,0.0,0.034680956999211254,0.05676064153799398,0.00015512607021306302,0.0,-1.946447249673138,0.0,0.0
2025-01-17,0.6038572064330856,-0.0027397556111070642,0.0004434262064889616,0.028693514184261915,-0.4812452732950533,0.013131075010418769,1.127806193564698,0.02415927008326335,0.0,0.0,-0.34406340985512723,0.0,0.016963794097698326,0.023616636636244692,-0.0028429045718469936,0.0,-1.6678623601604952,0.0,0.0
2025-01-24,0.6038572064330856,-0.017621158230274325,-0.0038690256334490414,0.017289394002652614,-0.8507459371220673,0.011953199193198039,1.1432775178851216,0.016375541184688203,0.0,0.0,-0.34406340985512723,0.0,-0.04222462270022742,-0.042311024152614785,-0.00033801234110864,0.0,-0.858950842604589,0.0,0.0
2025-01-31,0.6038572064330856,0.008618748340969873,-0.004806399881346346,-0.010000346749402311,-0.21820230530970983,0.01259451721110505,1.1045992070840618,-0.016516138822391113,0.0,0.0,-0.34406340985512723,0.0,-0.02894426999192312,-0.010033119768266374,-0.0019868964951930135,0.0,-1.200710883831044,0.0,0.0
2025-02-07,0.6038572064330856,-0.003049785881009015,0.0012481545476137335,-0.0024099007492459634,-0.12151403483006984,0.019297069921186072,1.034978247642154,-0.005314793134177265,0.002159292479143371,0.008307429281939616,-0.24698173420951863,0.0012029748057138523,-0.021320375503685263,0.019243073381103315,-0.0010634793477326543,0.00962281481913485,-1.2108600130286766,0.004018593970514406,0.09720176730486019
2025-02-14,0.6038572064330856,-0.01369949402913484,-0.00017210503058351367,0.014602421068142135,-0.8413449713749003,0.005668709962648677,1.0195069233217298,0.025456089002013016,0.0,0.0,-0.24698173420951863,0.0,-0.003668723462319612,-0.004594373938198615,0.0003785089712351475,0.0,-0.6245658773718086,0.0,0.0
2025-02-21,0.6038572064330856,0.0003752783182244812,0.0012002903027708012,-0.01673884903445355,0.5206811413958592,0.018553407273209643,0.9808286125206701,-0.025424876944791563,0.0,0.0,-0.24698173420951863,0.0,-0.004817868740582654,0.01825218777374893,-0.004576347032727468,0.0,-0.679558638991767,0.0,0.0
2025-02-28,0.6038572064330856,0.009336264196715405,-0.00013010789661993538,-0.009798155932925212,1.016104653605323,-0.03491628113738088,0.8415866936368548,-0.03527640911692487,0.0,0.0,-0.24698173420951863,0.0,-0.00913247461511979,-0.03425448368248052,-0.002393129678700534,0.0,-0.8862857298649433,0.0,0.0
2025-03-07,0.6038572064330856,-0.035662368195254146,0.005785907481248076,-0.03144046041308002,2.4218288076939216,0.023653424387142685,0.9034719909185507,-0.03515465024823072,-0.0005003518098661841,-0.0037495472026759513,-0.14990005856390914,0.013631926630496505,-0.039771340393031984,0.0017224413707275232,-0.001379967576599861,-0.0031741447282914725,0.7604968018242445,0.00015882974245751136,-0.09060402684563762
2025-03-14,0.6038572064330856,-0.0011562452492519526,0.004828507136487303,-0.02301068161974129,1.6292450454122487,0.03044717478503589,0.8957363287583382,-0.024598015732637535,0.0,0.0,-0.14990005856390914,0.0,0.0020861188965435318,0.005760878836206018,0.00041543555465306525,0.0,0.9923599110219431,0.0,0.0
2025-03-21,0.6038572064330856,0.0035609019055522495,0.005347913256203096,0.005062606167289374,0.6649316289201687,0.007883338302036691,0.8493223557970666,0.0016861289910732324,0.0,0.0,-0.14990005856390914,0.0,0.01624129132153307,-0.0014677106352953828,-0.0005309508547214348,0.0,0.8660487094586855,0.0,0.0
2025-03-28,0.6038572064330856,-0.0004804249650183223,-0.0017472362107842088,-0.015401489872290952,1.4084906079540545,0.022377151827395636,0.8647936801174902,-0.026267497544596452,0.0,0.0,-0.14990005856390914,0.0,0.015693461223711402,0.0012232417427435749,-0.0023281589560185667,0.0,1.0609629357746908,0.0,0.0
2025-04-04,0.6038572064330856,-0.009852337828036184,0.00402292794010517,-0.09521196738488591,4.417827745366083,-0.024433452914166764,0.663666463951979,-0.10554661656890829,0.002208907591946696,-0.0005144570157624706,-0.14990005856390914,-0.002559504479932695,-0.11233723248180905,-0.07929727723774249,-0.0024926364040044335,0.000788095127717714,1.668022741013904,0.0016595072295757518,0.031734317343173446
2025-04-11,0.6038572064330856,-0.031955361353232625,0.005019919955094432,0.055445375761683735,2.5913896657761075,0.06746003098344211,1.0272425854819422,0.07038445656293923,0.0,0.0,-0.14990005856390914,0.0,-0.007935933977767817,-0.009734339287297722,0.000589578091730214,0.0,2.9081344171831667,0.0,0.0
2025-04-18,0.6038572064330856,-0.004016891661941635,0.001493913098757016,-0.015153251240086263,1.3534207861284844,0.026491007319489057,0.9189433152389743,-0.026538888803429472,0.0,0.0,-0.14990005856390914,0.0,0.05041486461467404,0.0010684902970972132,-4.503958131918395e-05,0.0,2.584089638122099,0.0,0.0
2025-04-25,0.6038572064330856,0.0009052448993918105,-0.0080523767206514,0.04488388103659524,0.6659934033753508,-0.007980515846215397,0.8802650044379146,0.06515574827511017,0.0,0.0,-0.14990005856390914,0.0,-0.02599989583423401,-0.008580060991810079,-2.7203348598403565e-05,0.0,2.189054866327157,0.0,0.0
2025-05-02,0.6038572064330856,0.0053140825516964085,-0.007189871103391532,0.028803577162056726,0.3685363542514329,-0.015504663024602294,0.9112076530787625,0.03364456173174801,0.0008085639093282637,0.0009675222143099571,-0.14990005856390914,-0.008795212992024348,-0.07802157582903213,-0.008654316010501262,-0.0026242282883871537,0.00033390463837923434,1.807851780280037,0.0018232263178754593,-0.0829756795422032
2025-05-09,0.6038572064330856,0.003394196571010255,0.002481503818937636,-0.004716807188410499,0.22858565882324622,0.03152241355685881,0.9421503017196103,-0.00271874855546983,0.0,0.0,-0.14990005856390914,0.0,0.04577111902650621,0.027962585962675313,0.00024026433846757733,0.0,1.532870852811445,0.0,0.0
2025-05-16,0.6038572064330856,0.0074467903806354485,-0.00031688297373999585,0.051390593746399205,-0.41444496680453874,-0.04708265301102266,0.9885642746808819,0.06907316944944242,0.0,0.0,-0.14990005856390914,0.0,0.023804884010369953,-0.003757698745427085,0.00035479651056657957,0.0,1.211359234615849,0.0,0.0
2025-05-23,0.6038572064330856,-0.019780822362795547,0.0013276551955418991,-0.026454636385176755,0.24172682737192247,0.055501928094262354,1.0504495719625777,-0.024976780292142564,0.0,0.0,-0.14990005856390914,0.0,-0.01548172988751162,-0.0014327418861572738,-0.0036560424353556664,0.0,1.5707719438668686,0.0,0.0
2025-05-30,0.6038572064330856,0.0022173080843774784,-0.0026059110136442687,0.018587760639375617,-0.3038651638489138,-0.02245872533607063,0.9730929503604583,0.019897556824197693,0.0,0.0,-0.14990005856390914,0.0,-0.012099524092121783,-0.024076790203187315,-0.0023146410841167198,0.0,1.4025471848714879,0.0,0.0
2025-06-06,0.6038572064330856,-0.0014104312899858584,0.006844589186653094,0.01488770800739303,-0.5891910195522458,0.01022455806029221,1.0504495719625777,0.02154015153618083,0.002869798490236386,0.00791828086698998,-0.24698173420951863,0.009884521476869468,0.06047947686228383,0.04280437470057752,-5.3796923954796405e-05,0.005349373414241132,1.3943125544285297,0.0028722899192910045,0.07800312012480504
2025-06-13,0.6038572064330856,-0.010234695633097424,0.0027685644582111646,-0.0039056581086747144,-0.04923231545977913,0.03213234925582675,0.9730929503604583,-0.0063240747274324605,0.0,0.0,-0.24698173420951863,0.0,0.12228068332288711,0.02414837504855427,0.0006399031303552238,0.0,1.6003569477688586,0.0,0.0
2025-06-20,0.6038572064330856,0.0053837174166408985,0.002273431377908919,-0.0015287598257636148,-0.09144899558377384,-0.01856122384473835,0.9498859638798222,0.0020888372870118133,0.0,0.0,-0.24698173420951863,0.0,0.02636887144273725,0.03771397416099198,0.0005842308588013267,0.0,1.4047472330085835,0.0,0.0
2025-06-27,0.6038572064330856,-0.013360022840279484,-0.0037910641798981626,0.03381122786853652,-0.7250037542606925,-0.028427987342253047,0.8802650044379146,0.04159878047069121,0.0,0.0,-0.24698173420951863,0.0,-0.13419896013946886,-0.04271190725893792,-0.0028223083297012064,0.0,1.6661153551630232,0.0,0.0
2025-07-04,0.6038572064330856,-0.002261294196525654,0.0040655785578374015,0.01707023291340448,-0.7183524295104798,0.01780194426781101,0.926678977399186,0.01603176571772913,0.0019657853810264303,0.007180942882350827,-0.14990005856390914,0.007168194621130386,0.01484655935224577,0.00976855957815026,-0.0003905616763231201,-0.0037625406025246777,1.6387645485880498,0.0016253363104865581,0.0340086830680173
2025-07-11,0.6038572064330856,0.006870746129951755,0.0035628590125791337,-0.0031262392782345216,-0.6918449931303151,0.007027015534234238,0.9885642746808819,-0.0007560858295647677,0.0,0.0,-0.14990005856390914,0.0,0.02890155948889639,0.03073638258686362,0.00034746842076649465,0.0,1.3548834732414974,0.0,0.0
2025-07-18,0.6038572064330856,0.006417837715638974,-0.0015486885958556629,0.005899737727851573,-0.6940939955437541,-0.0008943211208691793,0.9962999368410944,0.014952654393441733,0.0,0.0,-0.14990005856390914,0.0,-0.01634914780015606,0.012442219550090172,-0.0003961325217144429,0.0,1.1435731497169352,0.0,0.0
2025-07-25,0.6038572064330856,-0.008463843014975048,-0.0018186765839719454,0.014481448646655792,-0.9110083427433212,-0.005682683155489698,0.9653572882002465,0.010126268331283939,0.0,0.0,-0.14990005856390914,0.0,-0.0329085194149048,-0.015146252662793458,-0.00023395947275328677,0.0,1.2919518991134042,0.0,0.0
2025-08-01,0.6038572064330856,0.010593975973359981,-0.0023172443874978077,-0.023860250896653667,-0.13841366191308668,0.004100743963451947,0.833851031476643,-0.021945633959255417,0.003824519141221616,-0.0004532262856011826,-0.05281838291830051,0.006156342464445963,0.03276008981677325,-0.0048115569972218,-0.0022736028802674557,0.0009718800147178186,0.889427032724875,0.0026467321522816167,-0.08537438768369487
2025-08-08,0.6038572064330856,-0.005181117183811423,0.00731855049890906,0.023987039575366964,-0.8959344537092624,0.02693630935159952,0.8647936801174902,0.038003899518693984,0.0,0.0,-0.05281838291830051,0.0,-0.05259958968495404,-0.011542966558750756,-0.00026119377145439326,0.0,0.9622657539202022,0.0,0.0
2025-08-15,0.6038572064330856,-0.0033668534902124847,-0.0002531805810493948,0.009400869027521352,-0.9080502855829439,-0.030437353147153345,0.9112076530787625,0.008031103807224937,0.0,0.0,-0.05281838291830051,0.0,-0.017051278742027165,-0.01782292824561349,0.00041741688517560327,0.0,1.0425731862872776,0.0,0.0
2025-08-22,0.6038572064330856,-0.0013294193666384402,0.0020937909826799217,0.002649337427619969,-0.9969089011551694,0.011445017305542038,0.8570580179572784,-0.0058647113898917524,0.0,0.0,-0.05281838291830051,0.0,0.013601358131591468,0.008875422785509457,-0.003793115645623679,0.0,1.0447581658601297,0.0,0.0
2025-08-29,0.6038572064330856,0.0005114883011874127,-0.004287139034175214,-0.0010289013375519573,-0.7989445355608253,0.02900279244563997,0.833851031476643,-0.0019085587612188704,0.0,0.0,-0.05281838291830051,0.0,0.005482935070270756,0.01229472267869891,-0.002271087564016505,0.0,0.953000568229424,0.0,0.0
