timestamp,realized_volatility
2020-09-01,10.966455662435298
2020-09-02,11.912875573028323
2020-09-03,16.6691736576505
2020-09-04,16.171931012257907
2020-09-05,16.325599423697668
2020-09-06,16.34986316964226
2020-09-07,16.318143031774195
2020-09-08,16.43780858924541
2020-09-09,16.335210370964134
2020-09-10,15.928597373206369
2020-09-11,15.840777526272712
2020-09-12,15.70395588816988
2020-09-13,15.714686752490527
2020-09-14,16.095995414947566
2020-09-15,16.13648054831365
2020-09-16,15.877011026005675
2020-09-17,15.683625201514047
2020-09-18,15.625728911318646
2020-09-19,15.669361731495252
2020-09-20,15.50536292279601
2020-09-21,16.08462372052688
2020-09-22,16.148530917351888
2020-09-23,16.278841624930383
2020-09-24,16.70934949634524
2020-09-25,16.645294566761617
2020-09-26,16.628846887383766
2020-09-27,16.525753893553155
2020-09-28,16.530689574726757
2020-09-29,16.434531305201038
2020-09-30,16.43573008788281
2020-10-01,16.257895719371422
2020-10-02,15.670459779528024
2020-10-03,10.380236868086335
2020-10-04,10.021891986086862
2020-10-05,9.65216671972673
2020-10-06,9.827377115117612
2020-10-07,9.78544853102512
2020-10-08,9.695325379877367
2020-10-09,9.714006904171594
2020-10-10,9.863748287077335
2020-10-11,9.868983976206437
2020-10-12,9.92744733304471
2020-10-13,9.91337475018046
2020-10-14,9.454031764359984
2020-10-15,9.431583569042374
2020-10-16,9.501222173088946
2020-10-17,9.501154129493226
2020-10-18,9.564811754420209
2020-10-19,9.698015925848084
2020-10-20,9.607605199459073
2020-10-21,10.440495668656183
2020-10-22,10.46240761265939
2020-10-23,9.896473996931666
2020-10-24,9.052817066470368
2020-10-25,9.076439668021196
2020-10-26,9.085434679074153
2020-10-27,9.812996127058982
2020-10-28,10.32996759777066
2020-10-29,10.33500028419287
2020-10-30,10.245564939377704
2020-10-31,10.016361026688472
2020-11-01,9.985536175878345
2020-11-02,10.218313603136007
2020-11-03,10.541752038496943
2020-11-04,10.538470640324602
2020-11-05,13.402311941534805
2020-11-06,13.455281573395425
2020-11-07,14.783204770470713
2020-11-08,15.152054078532244
2020-11-09,15.250040680026638
2020-11-10,15.295627721901525
2020-11-11,15.36566694382708
2020-11-12,15.46934316508621
2020-11-13,15.454461688624583
2020-11-14,15.69108035098205
2020-11-15,15.55115120440018
2020-11-16,15.910895608380155
2020-11-17,16.460031295546386
2020-11-18,16.46066694511452
2020-11-19,16.50657191032508
2020-11-20,15.81092349780281
2020-11-21,15.840977523562511
2020-11-22,16.010149207400467
2020-11-23,16.070908113722947
2020-11-24,16.253975214839862
2020-11-25,16.619771281801892
2020-11-26,19.038280767665537
2020-11-27,18.711948492855456
2020-11-28,18.86862457101667
2020-11-29,18.94166014935335
2020-11-30,20.189915358721294
2020-12-01,21.035019354849982
2020-12-02,20.89798008769948
2020-12-03,20.76484504946264
2020-12-04,21.39171824223552
2020-12-05,19.456528165613868
2020-12-06,19.44493981780891
2020-12-07,18.61683678417397
2020-12-08,19.00085249069945
2020-12-09,18.944402691469424
2020-12-10,19.05447211109767
2020-12-11,19.030180897691974
2020-12-12,19.104950904537155
2020-12-13,19.156560023268625
2020-12-14,19.035300677725225
2020-12-15,18.987212270912355
2020-12-16,20.542802007508485
2020-12-17,20.83627943772512
2020-12-18,20.84117987711026
2020-12-19,20.937848873416097
2020-12-20,20.72185647023497
2020-12-21,21.09185260842501
2020-12-22,21.339661584674708
2020-12-23,21.5709007387077
2020-12-24,21.32495525467989
2020-12-25,21.339408674170027
2020-12-26,19.684935211242053
2020-12-27,19.757854434651254
2020-12-28,19.726875671541205
2020-12-29,19.69083109982396
2020-12-30,18.92650550722285
2020-12-31,17.88605927382311
2021-01-01,17.86335441843752
2021-01-02,19.50621039077713
2021-01-03,18.592920337286483
2021-01-04,19.236028694423265
2021-01-05,19.68279300153269
2021-01-06,20.363674085519083
2021-01-07,19.70191512969725
2021-01-08,19.652308644503936
2021-01-09,19.582149582510915
2021-01-10,20.670023589987228
2021-01-11,22.85461774985229
2021-01-12,23.631339656121742
2021-01-13,24.70275422966379
2021-01-14,24.77386677645958
2021-01-15,25.134190032468297
2021-01-16,24.912179240743264
2021-01-17,24.99104020136822
2021-01-18,24.95048220607812
2021-01-19,25.016023724751584
2021-01-20,24.713143632067723
2021-01-21,28.888726655882955
2021-01-22,29.223839138391057
2021-01-23,29.453332582143183
2021-01-24,29.285163214577707
2021-01-25,28.61244627562078
2021-01-26,28.57268950310952
2021-01-27,29.399946618990043
2021-01-28,30.755078252891565
2021-01-29,30.45227210833132
2021-01-30,30.454422580911533
2021-01-31,30.7051031534488
2021-02-01,29.32987762221296
2021-02-02,29.75204444768477
2021-02-03,30.063396896765425
2021-02-04,29.618751097352902
2021-02-05,28.75232931701995
2021-02-06,27.968179653071743
2021-02-07,27.82118355220734
2021-02-08,33.094773942748546
2021-02-09,32.617647598343204
2021-02-10,31.832141508124405
2021-02-11,32.004788401454284
2021-02-12,30.95608019898896
2021-02-13,30.71291300191174
2021-02-14,29.93339823128817
2021-02-15,29.87147918779485
2021-02-16,29.87406856852133
2021-02-17,30.24736391532236
2021-02-18,30.1579738319776
2021-02-19,30.81964053315753
2021-02-20,26.43010315953495
2021-02-21,26.016915712874443
2021-02-22,26.804522914576022
2021-02-23,29.29530989267361
2021-02-24,29.25973775481023
2021-02-25,30.039488711956054
2021-02-26,29.07633465350409
2021-02-27,27.909856498161755
2021-02-28,28.041764764444498
2021-03-01,29.27434966750706
2021-03-02,29.1070934803889
2021-03-03,29.222584600893164
2021-03-04,29.35305862790769
2021-03-05,28.91981804261953
2021-03-06,28.79346134706113
2021-03-07,28.855555859541138
2021-03-08,28.87791912292473
2021-03-09,29.035579069000644
2021-03-10,23.37479691488652
2021-03-11,23.52921824319821
2021-03-12,23.184522705210924
2021-03-13,23.15360362449136
2021-03-14,23.48875573216588
2021-03-15,24.387362774840906
2021-03-16,24.327379333263465
2021-03-17,24.4177981673949
2021-03-18,24.504346347329744
2021-03-19,23.86898605816599
2021-03-20,23.823358415469464
2021-03-21,22.49492651239629
2021-03-22,23.270046064207133
2021-03-23,23.089272375120704
2021-03-24,22.630505796504657
2021-03-25,20.25121476528805
2021-03-26,21.346996087087824
2021-03-27,20.52920542365864
2021-03-28,20.40644598131487
2021-03-29,20.54835943034999
2021-03-30,20.36039815575121
2021-03-31,18.35991346542016
2021-04-01,18.12601172440004
2021-04-02,17.81724489524193
2021-04-03,17.639535053705476
2021-04-04,17.69776314684732
2021-04-05,17.72172514118882
2021-04-06,17.509933783002186
2021-04-07,17.788660076291396
2021-04-08,17.565434492856458
2021-04-09,17.491330965424453
2021-04-10,17.382315730054408
2021-04-11,17.348536768991746
2021-04-12,15.97402168801844
2021-04-13,16.636100026898713
2021-04-14,15.449783721645275
2021-04-15,15.325717118919249
2021-04-16,15.31257082587882
2021-04-17,15.31552298437048
2021-04-18,16.73153084806186
2021-04-19,16.749224855367036
2021-04-20,16.77534248832629
2021-04-21,16.41896056754951
2021-04-22,16.877538627156984
2021-04-23,16.48281392556444
2021-04-24,16.504953567922936
2021-04-25,14.870268540407643
2021-04-26,17.83714025785681
2021-04-27,17.945079483233993
2021-04-28,17.613393202551027
2021-04-29,17.613291078045002
2021-04-30,19.245929453856217
2021-05-01,19.24746445256505
2021-05-02,19.35294985149196
2021-05-03,19.10900579679477
2021-05-04,20.293314931503204
2021-05-05,21.73580931618442
2021-05-06,21.72614851767115
2021-05-07,21.484277348378136
2021-05-08,21.32349547982001
2021-05-09,21.351910678841826
2021-05-10,21.56666928645468
2021-05-11,21.629549250117737
2021-05-12,25.27352432323279
2021-05-13,24.33839641169181
2021-05-14,24.365534845582413
2021-05-15,24.965837600433087
2021-05-16,24.886849034842783
2021-05-17,25.46476432448049
2021-05-18,24.81379508182766
2021-05-19,28.800038786036307
2021-05-20,30.849294418462065
2021-05-21,31.506317830857256
2021-05-22,31.421293046009325
2021-05-23,32.12384588318687
2021-05-24,34.47931186219932
2021-05-25,34.461935207815664
2021-05-26,32.92900254601572
2021-05-27,32.79708443024767
2021-05-28,33.42504507448523
2021-05-29,33.44945625597934
2021-05-30,32.50075078915699
2021-05-31,33.01496362892758
2021-06-01,33.007709078967714
2021-06-02,33.13642323784759
2021-06-03,33.06183991050407
2021-06-04,32.217963877305834
2021-06-05,32.28885241871659
2021-06-06,32.215662801217384
2021-06-07,32.26930505765513
2021-06-08,32.288189249503304
2021-06-09,34.75978080275565
2021-06-10,34.63763335167371
2021-06-11,32.532914207863215
2021-06-12,32.75060156771334
2021-06-13,34.35690016702854
2021-06-14,34.1548348200941
2021-06-15,34.15698651467066
2021-06-16,33.87132562047096
2021-06-17,33.85089640292727
2021-06-18,30.666998752176845
2021-06-19,28.86476283892413
2021-06-20,27.66280535904303
2021-06-21,30.0334650614774
2021-06-22,29.26542802367336
2021-06-23,27.056788396975417
2021-06-24,27.24967563938176
2021-06-25,28.5215524515074
2021-06-26,28.64319540985932
2021-06-27,28.6887256758419
2021-06-28,28.535498239331496
2021-06-29,28.67082864948152
2021-06-30,28.4018780942714
2021-07-01,28.698877749187723
2021-07-02,28.5931048098057
2021-07-03,28.341995635534506
2021-07-04,27.73699416225921
2021-07-05,27.883578626611904
2021-07-06,27.921663385109
2021-07-07,27.167912605979783
2021-07-08,27.327864654339816
2021-07-09,24.87325374537757
2021-07-10,24.827390794006487
2021-07-11,24.87120421493005
2021-07-12,24.63803781560276
2021-07-13,22.56977370823107
2021-07-14,22.14024352410925
2021-07-15,22.24923398393624
2021-07-16,21.91785472208717
2021-07-17,21.94549531496261
2021-07-18,21.22643651414986
2021-07-19,21.379972099578413
2021-07-20,21.569136835180235
2021-07-21,19.73942968768445
2021-07-22,19.538828489868152
2021-07-23,19.65054631906632
2021-07-24,19.519113444794808
2021-07-25,17.258850165620878
2021-07-26,17.81522363554878
2021-07-27,17.306238791415794
2021-07-28,17.30000925477794
2021-07-29,16.914486333721467
2021-07-30,17.361129023387427
2021-07-31,16.73471205743301
2021-08-01,17.376947838670713
2021-08-02,17.395359926028977
2021-08-03,17.561492103181912
2021-08-04,17.167506877480264
2021-08-05,17.291057082842343
2021-08-06,17.682306393900134
2021-08-07,17.52296525471347
2021-08-08,17.633272286350014
2021-08-09,18.11358605119913
2021-08-10,18.24483306720064
2021-08-11,17.704237814996272
2021-08-12,17.931591470235055
2021-08-13,19.00356783373446
2021-08-14,18.74191206989569
2021-08-15,18.574668668549084
2021-08-16,18.913283167016225
2021-08-17,19.31179673134028
2021-08-18,18.87386836912734
2021-08-19,18.497862671159755
2021-08-20,17.85066473887608
2021-08-21,17.99360322148223
2021-08-22,17.77970205080967
2021-08-23,17.785612803191956
2021-08-24,18.33017451194644
2021-08-25,17.92210294469008
2021-08-26,17.963194503437382
2021-08-27,18.404495676881407
2021-08-28,18.421259447254144
2021-08-29,17.79590215460747
2021-08-30,18.15519330791032
2021-08-31,17.580025585486048
2021-09-01,17.65924288137036
2021-09-02,17.3525758306289
2021-09-03,17.081801745243034
2021-09-04,16.970206689687124
2021-09-05,16.733168043671355
2021-09-06,16.41780295106686
2021-09-07,20.376455776001382
2021-09-08,19.725353072407103
2021-09-09,19.68196736002004
2021-09-10,19.980987622478104
2021-09-11,19.83461617630617
2021-09-12,18.44650761059828
2021-09-13,18.532438100090165
2021-09-14,19.16153907751531
2021-09-15,19.11891855517666
2021-09-16,18.92471569129994
2021-09-17,18.95837388176845
2021-09-18,18.539715284140662
2021-09-19,17.861029380943393
2021-09-20,20.09739498224344
2021-09-21,20.66402529523397
2021-09-22,21.89742669086655
2021-09-23,21.878830486591
2021-09-24,22.112707799542285
2021-09-25,21.7226427971923
2021-09-26,21.17195723860431
2021-09-27,21.26108756173848
2021-09-28,21.37243275190604
2021-09-29,21.18833290581637
2021-09-30,21.96377519261221
2021-10-01,23.713271193662795
2021-10-02,23.71376723078521
2021-10-03,23.69222116355047
2021-10-04,23.79639813914548
2021-10-05,23.945010441750128
2021-10-06,24.961110776264945
2021-10-07,22.01431876537064
2021-10-08,21.89597699306442
2021-10-09,21.93411027420146
2021-10-10,21.585408789125207
2021-10-11,22.02126581466884
2021-10-12,22.249595646307714
2021-10-13,22.08885712961502
2021-10-14,21.728284372241824
2021-10-15,22.67694261360259
2021-10-16,22.719549236003942
2021-10-17,22.64966034612992
2021-10-18,22.61565567434976
2021-10-19,22.554078445451285
2021-10-20,19.863552218598304
2021-10-21,20.04577786476873
2021-10-22,19.641158961402244
2021-10-23,19.54437188652424
2021-10-24,18.726286361805386
2021-10-25,18.811769058026083
2021-10-26,19.6748778410557
2021-10-27,19.848575323123203
2021-10-28,19.608416508246687
2021-10-29,19.66025417410805
2021-10-30,19.29924577755849
2021-10-31,17.401526954144394
2021-11-01,17.35984134653545
2021-11-02,17.59867725276108
2021-11-03,17.60868080937808
2021-11-04,17.478258614240833
2021-11-05,16.121969971968475
2021-11-06,15.800224130707582
2021-11-07,15.987039702882278
2021-11-08,17.028953473843707
2021-11-09,17.05648224318987
2021-11-10,16.856697492779542
2021-11-11,16.581649273651557
2021-11-12,16.522815382009263
2021-11-13,16.517528910250793
2021-11-14,14.989549008438916
2021-11-15,15.251640414045598
2021-11-16,16.308747296032955
2021-11-17,16.294972447498566
2021-11-18,16.828004034508233
2021-11-19,16.722542558801347
2021-11-20,16.012088945857876
2021-11-21,15.9317974113978
2021-11-22,16.382681441400155
2021-11-23,16.57349187634366
2021-11-24,16.110183369630175
2021-11-25,15.886142199078895
2021-11-26,18.13181743505594
2021-11-27,17.816355622215927
2021-11-28,18.231607788802005
2021-11-29,18.263279992107734
2021-11-30,18.29145541228756
2021-12-01,18.29821893823568
2021-12-02,17.862933792943277
2021-12-03,18.51208117968405
2021-12-04,20.151353730976684
2021-12-05,20.189221718370064
2021-12-06,20.324292195706093
2021-12-07,20.01850744171765
2021-12-08,18.576124643840103
2021-12-09,19.236198354652256
2021-12-10,19.126651994341444
2021-12-11,19.952731132923635
2021-12-12,20.07725356268149
2021-12-13,20.93396292731396
2021-12-14,21.237693554139327
2021-12-15,21.23802700145074
2021-12-16,20.716420918344728
2021-12-17,20.81345098845264
2021-12-18,20.2847779571075
2021-12-19,20.10037787222662
2021-12-20,19.8101362606789
2021-12-21,20.37765386046311
2021-12-22,20.04818461621372
2021-12-23,20.49114028999345
2021-12-24,20.492209473747494
2021-12-25,20.16678132117744
2021-12-26,18.035072970297065
2021-12-27,17.913661315463195
2021-12-28,18.226404852283213
2021-12-29,18.23334741622389
2021-12-30,18.33951786881321
2021-12-31,18.351852909007874
2022-01-01,18.753195925915
2022-01-02,18.12744616905432
2022-01-03,16.08055985090607
2022-01-04,16.103896803972063
2022-01-05,16.68817980913596
2022-01-06,16.671467237655378
2022-01-07,16.94276705773518
2022-01-08,16.039359374171987
2022-01-09,16.05699833136334
2022-01-10,15.188128515135082
2022-01-11,15.313421716900455
2022-01-12,14.132559492274355
2022-01-13,13.895964478564544
2022-01-14,13.90678953872687
2022-01-15,13.736532862294707
2022-01-16,13.413932010810662
2022-01-17,13.407311098961184
2022-01-18,13.425759075434254
2022-01-19,13.461220840044868
2022-01-20,12.754093241812784
2022-01-21,16.445530530319797
2022-01-22,15.668551565432306
2022-01-23,16.27386948242095
2022-01-24,16.429615301594364
2022-01-25,16.437309157666693
2022-01-26,16.42450875822164
2022-01-27,15.567142728092936
2022-01-28,15.6557688396732
2022-01-29,15.62734133837416
2022-01-30,15.57533290534897
2022-01-31,15.23146144698437
2022-02-01,15.285603101933155
2022-02-02,15.790705963189048
2022-02-03,15.889996491406423
2022-02-04,18.921537836688096
2022-02-05,18.91050977158448
2022-02-06,18.72544142856997
2022-02-07,19.017564613908863
2022-02-08,19.01786360827173
2022-02-09,19.02428158046111
2022-02-10,19.03648219966373
2022-02-11,19.014028330184896
2022-02-12,18.7644942700134
2022-02-13,18.72652356321022
2022-02-14,18.7659462540418
2022-02-15,19.33537090613196
2022-02-16,19.28220619214108
2022-02-17,20.906901812255786
2022-02-18,20.88661494712443
2022-02-19,20.760103837718145
2022-02-20,18.00923775739975
2022-02-21,17.967496052478598
2022-02-22,17.960166956431173
2022-02-23,18.14099236377924
2022-02-24,18.34275417315763
2022-02-25,18.461645740116325
2022-02-26,18.451323636592868
2022-02-27,18.79283221278883
2022-02-28,23.147677118493803
2022-03-01,23.243992625485348
2022-03-02,23.282468186488863
2022-03-03,23.5848881464295
2022-03-04,24.5466773962587
2022-03-05,24.532638407344297
2022-03-06,22.049805328825485
2022-03-07,22.06627044693556
2022-03-08,22.01474051196385
2022-03-09,23.249653679999525
2022-03-10,24.00988978871306
2022-03-11,24.02091598845862
2022-03-12,23.97532010888959
2022-03-13,23.98288954039294
2022-03-14,24.55620220445193
2022-03-15,24.56816623290575
2022-03-16,24.999800376728945
2022-03-17,24.51749838690745
2022-03-18,24.58932552661446
2022-03-19,23.24815621989548
2022-03-20,23.32530659015857
2022-03-21,23.336234188509945
2022-03-22,23.0911002728231
2022-03-23,22.73227729314417
2022-03-24,22.6554003900654
2022-03-25,22.4328796790418
2022-03-26,22.30947812317759
2022-03-27,22.709885406583243
2022-03-28,22.69275236386072
2022-03-29,22.250258136752706
2022-03-30,17.944078988110377
2022-03-31,18.0973089574104
2022-04-01,18.116304037339923
2022-04-02,17.797979963193228
2022-04-03,15.574174189371949
2022-04-04,15.575202102602756
2022-04-05,15.54354310181141
2022-04-06,16.522856727967135
2022-04-07,16.45089639755298
2022-04-08,14.749301910390642
2022-04-09,13.305011407861114
2022-04-10,13.251245980029012
2022-04-11,14.858891966289056
2022-04-12,14.633940308288402
2022-04-13,14.04837876903359
2022-04-14,14.347503570714878
2022-04-15,13.66457183644065
2022-04-16,13.66302393690158
2022-04-17,13.591923979740352
2022-04-18,13.861838150012384
2022-04-19,13.792046909071336
2022-04-20,13.780511583810124
2022-04-21,13.525343343892416
2022-04-22,13.561056849406528
2022-04-23,13.250034379057729
2022-04-24,13.208525853906847
2022-04-25,13.487075797206568
2022-04-26,13.407854863983529
2022-04-27,13.825495622033896
2022-04-28,13.898355688832496
2022-04-29,14.09306051746678
2022-04-30,13.951709917535302
2022-05-01,14.049756155585152
2022-05-02,14.063374953665283
2022-05-03,14.00448857855923
2022-05-04,15.1157779483568
2022-05-05,16.888092423345753
2022-05-06,16.253346027370085
2022-05-07,16.22618142557476
2022-05-08,16.46067135414338
2022-05-09,20.03471614628963
2022-05-10,20.47803998617864
2022-05-11,20.45878153526673
2022-05-12,20.326695326835257
2022-05-13,20.06839639211625
2022-05-14,20.329411586664527
2022-05-15,20.798292300788383
2022-05-16,21.15241339720879
2022-05-17,21.33250971542424
2022-05-18,21.54181199226085
2022-05-19,22.367150845064373
2022-05-20,22.515682798659792
2022-05-21,22.577673514675496
2022-05-22,22.89017060075892
2022-05-23,23.09522084474904
2022-05-24,23.25255905354168
2022-05-25,22.99608157726159
2022-05-26,22.444462659575347
2022-05-27,22.11978131574212
2022-05-28,22.13210546610689
2022-05-29,22.18509100862997
2022-05-30,23.609673463328942
2022-05-31,23.45150046482897
2022-06-01,24.14888004643124
2022-06-02,24.296108365359583
2022-06-03,23.60200551479622
2022-06-04,22.408484889561223
2022-06-05,22.40810513346005
2022-06-06,23.01508095033429
2022-06-07,22.697333688239173
2022-06-08,19.20473306206112
2022-06-09,18.942345565564107
2022-06-10,18.150064878982384
2022-06-11,18.296798527886267
2022-06-12,19.435147627971887
2022-06-13,25.154471455974043
2022-06-14,24.617195732664552
2022-06-15,24.52270850600209
2022-06-16,26.00445692029628
2022-06-17,25.626134856076604
2022-06-18,25.48727967778241
2022-06-19,27.140487786983552
2022-06-20,27.08974553697276
2022-06-21,26.84494627943696
2022-06-22,26.80810969974197
2022-06-23,27.47495669147552
2022-06-24,27.520329674177624
2022-06-25,27.61492682213052
2022-06-26,27.620874519017164
2022-06-27,27.50888960269903
2022-06-28,27.39534461566387
2022-06-29,25.90242336869381
2022-06-30,25.849439346217885
2022-07-01,25.420789302013137
2022-07-02,25.187654597314523
2022-07-03,25.233355246294124
2022-07-04,25.89310204543555
2022-07-05,25.868886564312067
2022-07-06,25.33156320100537
2022-07-07,26.13390820396913
2022-07-08,26.08799809975475
2022-07-09,26.09932691597492
2022-07-10,26.0990243444515
2022-07-11,26.28168072670721
2022-07-12,25.74437862752944
2022-07-13,20.66627078033884
2022-07-14,20.72862495410394
2022-07-15,20.65180629618122
2022-07-16,18.014707627427605
2022-07-17,18.12563550504293
2022-07-18,17.84339036130266
2022-07-19,16.510712307403715
2022-07-20,16.547365372509113
2022-07-21,16.55881207006601
2022-07-22,16.23877836816005
2022-07-23,15.432429072915747
2022-07-24,15.431629223514934
2022-07-25,16.509002883478434
2022-07-26,16.36796198127636
2022-07-27,17.984292705497275
2022-07-28,18.102444013270887
2022-07-29,18.071868778769858
2022-07-30,18.04581836204652
2022-07-31,17.714775635411186
2022-08-01,17.713391865332913
2022-08-02,17.80731736848603
2022-08-03,17.34074393864936
2022-08-04,17.373094040486087
2022-08-05,17.506448770807143
2022-08-06,16.94102698026052
2022-08-07,16.953740716387863
2022-08-08,17.1296209044104
2022-08-09,16.99851293477496
2022-08-10,16.52959575731593
2022-08-11,16.06641921580368
2022-08-12,15.619472940183938
2022-08-13,15.583209140351112
2022-08-14,15.610637311438245
2022-08-15,15.616811405207637
2022-08-16,15.504833360263335
2022-08-17,13.856651857309812
2022-08-18,13.215456226806102
2022-08-19,16.995584445852973
2022-08-20,17.092688959633737
2022-08-21,17.11578785375904
2022-08-22,17.097194973993176
2022-08-23,17.09860046630664
2022-08-24,16.09742935988886
2022-08-25,16.11851869582281
2022-08-26,15.31340755802636
2022-08-27,14.683080532761627
2022-08-28,14.795556635531234
2022-08-29,15.413009978326604
2022-08-30,15.494971729291551
2022-08-31,15.58715929789166
2022-09-01,15.594249394337636
2022-09-02,15.598119756155324
2022-09-03,15.593206457460882
2022-09-04,15.246188648261494
2022-09-05,15.218201329219816
2022-09-06,15.848974993044346
2022-09-07,15.833977862631796
2022-09-08,15.701588990454862
2022-09-09,18.58760763616139
2022-09-10,18.665617875072808
2022-09-11,18.55757580088992
2022-09-12,18.78474511720428
2022-09-13,21.35814480905922
2022-09-14,21.37453867666189
2022-09-15,21.469230665651207
2022-09-16,21.438764411399752
2022-09-17,21.541051340917043
2022-09-18,19.062180415900475
2022-09-19,19.003675863211924
2022-09-20,19.143091640778938
2022-09-21,19.22564457311255
2022-09-22,19.964190654972565
2022-09-23,19.961314471004847
2022-09-24,19.98088932981401
2022-09-25,19.03832072113153
2022-09-26,19.17635669468158
2022-09-27,19.042065677134307
2022-09-28,18.74442198237356
2022-09-29,18.62957987723879
2022-09-30,18.60246469727884
2022-10-01,18.60045829232937
2022-10-02,18.62344296198029
2022-10-03,18.87333745241054
2022-10-04,19.194223444148808
2022-10-05,19.186816264314505
2022-10-06,18.434803967540585
2022-10-07,18.405736905924808
2022-10-08,18.415663023684008
2022-10-09,15.225810302341038
2022-10-10,15.178534733359893
2022-10-11,15.125029276392226
2022-10-12,14.83546397483186
2022-10-13,10.785733322816409
2022-10-14,10.813742890123567
2022-10-15,10.522669636187924
2022-10-16,10.564682735053736
2022-10-17,10.552605657155553
2022-10-18,10.004985224991156
2022-10-19,10.035436401521922
2022-10-20,9.420106461429436
2022-10-21,9.144905387696816
2022-10-22,7.654452121944716
2022-10-23,7.867515795368836
2022-10-24,7.715441853015635
2022-10-25,8.534607914571211
2022-10-26,8.891794528008543
2022-10-27,9.206075441880742
2022-10-28,9.161819288961668
2022-10-29,9.173875487823585
2022-10-30,9.175511374135231
2022-10-31,9.183694242145682
2022-11-01,9.052115689399187
2022-11-02,8.786486823842194
2022-11-03,8.030622630249844
2022-11-04,9.18232787581297
2022-11-05,9.119977588714445
2022-11-06,9.03950440353315
2022-11-07,9.173684345183313
2022-11-08,14.057914538200324
2022-11-09,20.613902895669
2022-11-10,23.197212450698675
2022-11-11,23.34865377978712
2022-11-12,23.32073699983716
2022-11-13,23.442718853518567
2022-11-14,23.55455388911292
2022-11-15,23.606977208335955
2022-11-16,23.54154598076596
2022-11-17,23.543163063680744
2022-11-18,23.541442193717224
2022-11-19,23.54580523843715
2022-11-20,23.610749608299543
2022-11-21,23.7345581472432
2022-11-22,23.850573239989423
2022-11-23,24.017268614959168
2022-11-24,23.60718404533668
2022-11-25,23.239981520927152
2022-11-26,23.18631031717872
2022-11-27,23.08697171422336
2022-11-28,23.016921835032083
2022-11-29,23.125296084249804
2022-11-30,23.67033514816677
2022-12-01,23.6682465611523
2022-12-02,23.679294680963427
2022-12-03,23.67263502942348
2022-12-04,23.15867228774561
2022-12-05,23.112254243590296
2022-12-06,23.12868722419189
2022-12-07,23.127645682427296
2022-12-08,20.958844429725644
2022-12-09,14.10138083245326
2022-12-10,9.82564084242621
2022-12-11,9.336051164478286
2022-12-12,9.22592790146037
2022-12-13,9.211698127108397
2022-12-14,9.084666627530956
2022-12-15,9.364410960571538
2022-12-16,10.229888661159316
2022-12-17,10.265628477529624
2022-12-18,10.268486094163196
2022-12-19,10.427172852177588
2022-12-20,10.458449244884005
2022-12-21,9.929786994624305
2022-12-22,9.567945966677073
2022-12-23,9.305288796585993
2022-12-24,9.310102332694088
2022-12-25,9.295500269083693
2022-12-26,9.294379624218706
2022-12-27,9.390342867729256
2022-12-28,9.34175688510364
2022-12-29,9.25198308513732
2022-12-30,8.138680080006882
2022-12-31,8.081318250934096
2023-01-01,8.062164223010386
2023-01-02,7.986994095421624
2023-01-03,7.866516671038445
2023-01-04,7.907437753808813
2023-01-05,7.870239689530523
2023-01-06,7.760601134659807
2023-01-07,7.402457174976853
2023-01-08,7.468570123948832
2023-01-09,7.474349192651269
2023-01-10,7.618155654786871
2023-01-11,8.086038685874225
2023-01-12,8.886585214320856
2023-01-13,10.394874116820256
2023-01-14,10.933173430740704
2023-01-15,9.765822491223876
2023-01-16,9.793248764956516
2023-01-17,9.794493729021326
2023-01-18,9.90585093736747
2023-01-19,9.765720342459868
2023-01-20,11.682894858809084
2023-01-21,11.647277132912931
2023-01-22,11.656208866345615
2023-01-23,11.636428679685444
2023-01-24,11.81334165561844
2023-01-25,11.835383678693198
2023-01-26,11.670412210972875
2023-01-27,11.513046114402858
2023-01-28,11.576172414204107
2023-01-29,11.669296767409318
2023-01-30,12.662203832800712
2023-01-31,12.64738135290973
2023-02-01,12.707377819107425
2023-02-02,12.848697035798995
2023-02-03,12.923114867702932
2023-02-04,12.960372392181114
2023-02-05,13.254304175234918
2023-02-06,13.330437662845382
2023-02-07,13.375136118844264
2023-02-08,13.541298279483158
2023-02-09,14.8668739553622
2023-02-10,14.779821278771596
2023-02-11,14.111389658358132
2023-02-12,13.10803617080752
2023-02-13,12.16669475742856
2023-02-14,12.285737334039435
2023-02-15,15.157383027106144
2023-02-16,15.623308854285805
2023-02-17,15.894447610507385
2023-02-18,15.838725107326098
2023-02-19,14.310255982419614
2023-02-20,14.46124085243184
2023-02-21,14.570364448339888
2023-02-22,14.61497752307092
2023-02-23,14.592797789497174
2023-02-24,14.866605481162102
2023-02-25,14.865258976361073
2023-02-26,14.958713022496248
2023-02-27,14.959646573902608
2023-02-28,14.70513438618022
2023-03-01,14.3014042576607
2023-03-02,14.269425753041132
2023-03-03,14.82685578006616
2023-03-04,14.80242910114526
2023-03-05,14.811961942795312
2023-03-06,14.808696698944848
2023-03-07,14.745176920482086
2023-03-08,14.887545649526402
2023-03-09,15.941775497191768
2023-03-10,15.934809448086762
2023-03-11,15.252028255010966
2023-03-12,16.966672133522536
2023-03-13,19.25399348986153
2023-03-14,19.33765709936188
2023-03-15,19.435270989690583
2023-03-16,19.53870225561077
2023-03-17,19.546008678044483
2023-03-18,19.293779792366248
2023-03-19,19.19580113945443
2023-03-20,19.24283418978276
2023-03-21,19.168496809965337
2023-03-22,19.395175796819387
2023-03-23,19.59133076849389
2023-03-24,19.84329431851376
2023-03-25,19.79308776859725
2023-03-26,19.46668608558528
2023-03-27,19.80235519842234
2023-03-28,19.76495651140461
2023-03-29,20.039872642076045
2023-03-30,20.0027740546836
2023-03-31,19.96976832597575
2023-04-01,19.935994559854457
2023-04-02,19.195930882482
2023-04-03,19.295480868247765
2023-04-04,19.300302951908705
2023-04-05,19.29575280884659
2023-04-06,19.25853897688945
2023-04-07,19.050194599483017
2023-04-08,17.54934600521531
2023-04-09,17.416236269859663
2023-04-10,17.743083088291712
2023-04-11,16.632764863089104
2023-04-12,14.464459482288593
2023-04-13,14.404657648190138
2023-04-14,14.220410069602735
2023-04-15,14.102626357606162
2023-04-16,11.019202807746009
2023-04-17,11.300293885612389
2023-04-18,11.088458227838448
2023-04-19,12.391409646329905
2023-04-20,12.48737742620785
2023-04-21,12.609685499894857
2023-04-22,12.18430437695364
2023-04-23,11.824660629605672
2023-04-24,11.828588404607991
2023-04-25,12.030007271431204
2023-04-26,11.597420314335189
2023-04-27,12.111934161789486
2023-04-28,11.527932353768298
2023-04-29,11.463687447889324
2023-04-30,11.371267080266806
2023-05-01,12.107503405424383
2023-05-02,12.254958507246888
2023-05-03,12.222889090446746
2023-05-04,12.18693761374185
2023-05-05,12.385041211180193
2023-05-06,12.603800759705807
2023-05-07,12.688942020024625
2023-05-08,12.988614944317508
2023-05-09,12.90752096010147
2023-05-10,11.992388534060572
2023-05-11,11.958487566039736
2023-05-12,11.942396067747548
2023-05-13,11.77154839186509
2023-05-14,11.78798222728421
2023-05-15,11.859706696307024
2023-05-16,11.853038536434417
2023-05-17,11.67490128588532
2023-05-18,11.272628612808292
2023-05-19,10.060705900627251
2023-05-20,9.953512861873987
2023-05-21,9.402426709106532
2023-05-22,9.168457053402006
2023-05-23,9.256402948877607
2023-05-24,9.820429312436612
2023-05-25,9.359079682463262
2023-05-26,9.403218447317428
2023-05-27,8.559702752243723
2023-05-28,9.767743819757444
2023-05-29,9.821725747537842
2023-05-30,9.819919501509752
2023-05-31,9.122266985050793
2023-06-01,8.918577445592407
2023-06-02,8.981491173784933
2023-06-03,8.980924145575301
2023-06-04,8.613442319703754
2023-06-05,9.76746857982156
2023-06-06,11.418096642547768
2023-06-07,11.575804195211791
2023-06-08,11.60121263200424
2023-06-09,11.601328959221616
2023-06-10,11.625975175498452
2023-06-11,11.623048908067938
2023-06-12,11.623034103046535
2023-06-13,11.606715146011922
2023-06-14,11.939922958339896
2023-06-15,12.12198017753038
2023-06-16,12.411667316954372
2023-06-17,12.254578298390417
2023-06-18,12.267502558564557
2023-06-19,12.394481292638991
2023-06-20,13.41296445566654
2023-06-21,14.534696365209236
2023-06-22,14.514606662160553
2023-06-23,14.192366784094457
2023-06-24,14.230050926527335
2023-06-25,14.240029395048948
2023-06-26,14.280114295009025
2023-06-27,13.710823242412165
2023-06-28,13.830693940937689
2023-06-29,13.855580452994106
2023-06-30,13.691049486444602
2023-07-01,13.559696652827588
2023-07-02,13.512232973078046
2023-07-03,13.534964816166378
2023-07-04,13.642549264667185
2023-07-05,12.403884880419763
2023-07-06,11.478841798793937
2023-07-07,10.895863751454549
2023-07-08,10.91532726073364
2023-07-09,10.936792710801498
2023-07-10,10.530889102729734
2023-07-11,10.529421241618616
2023-07-12,10.598001849126588
2023-07-13,10.98683809838086
2023-07-14,11.192627340981073
2023-07-15,11.139748246447068
2023-07-16,10.90028349137749
2023-07-17,10.925185288658197
2023-07-18,10.955207353741896
2023-07-19,10.849708221848624
2023-07-20,9.582233244626371
2023-07-21,7.630599883134168
2023-07-22,7.630453208661028
2023-07-23,7.195559938878591
2023-07-24,7.785879103819021
2023-07-25,7.7925344053643455
2023-07-26,7.793890767950986
2023-07-27,7.64429988443304
2023-07-28,7.409442685983681
2023-07-29,7.289585688258763
2023-07-30,7.287479846970474
2023-07-31,7.268676999147002
2023-08-01,7.4758560123964255
2023-08-02,7.403049449741538
2023-08-03,7.3272715910870785
2023-08-04,7.29450985471682
2023-08-05,7.035700000966741
2023-08-06,6.845078653255563
2023-08-07,6.867667167249556
2023-08-08,7.148671894116903
2023-08-09,7.113758703724109
2023-08-10,7.074332714947628
2023-08-11,7.040877416027612
2023-08-12,5.992358470138683
2023-08-13,4.803827944100664
2023-08-14,4.834687990863004
2023-08-15,4.883433623489352
2023-08-16,5.108107297563868
2023-08-17,9.025979064242849
2023-08-18,9.178486739142318
2023-08-19,9.20023398641194
2023-08-20,9.200533549085076
2023-08-21,9.20240278847182
2023-08-22,9.08932595907246
2023-08-23,8.877398190165264
2023-08-24,8.883016992781346
2023-08-25,8.845841344150763
2023-08-26,8.848743016900778
2023-08-27,8.849709751500303
2023-08-28,8.846147547223433
2023-08-29,10.874309372996384
2023-08-30,10.955323478648156
2023-08-31,11.81545429907417
2023-09-01,11.73757976869914
2023-09-02,11.748292767321072
2023-09-03,11.77471955203031
2023-09-04,11.773420998235082
2023-09-05,11.767489042780808
2023-09-06,11.740702161604112
2023-09-07,11.742083602247751
2023-09-08,11.775125111934424
2023-09-09,11.782178779798198
2023-09-10,11.77913847160017
2023-09-11,11.976597429063604
2023-09-12,12.39187933957953
2023-09-13,12.5080789494893
2023-09-14,12.592149489292826
2023-09-15,12.53290672770792
2023-09-16,9.956170122561064
2023-09-17,9.70543071468914
2023-09-18,9.739767828584464
2023-09-19,9.864151379232252
2023-09-20,9.867229333923971
2023-09-21,10.10405355962453
2023-09-22,10.004118606357178
2023-09-23,9.952952429128525
2023-09-24,10.024664667067857
2023-09-25,10.0244764966128
2023-09-26,10.02594995127722
2023-09-27,10.041531820008936
2023-09-28,8.38699539053075
2023-09-29,8.264860430548843
2023-09-30,6.397573892139298
2023-10-01,7.308584365312987
2023-10-02,7.595291220053486
2023-10-03,7.60575816963487
2023-10-04,7.641934133553867
2023-10-05,7.796003043777304
2023-10-06,7.965174358078212
2023-10-07,7.784743038159464
2023-10-08,7.632808520581781
2023-10-09,7.761266944906378
2023-10-10,7.806188507075156
2023-10-11,7.549420166666194
2023-10-12,7.1384079264962415
2023-10-13,7.007290770435228
2023-10-14,6.921422158252272
2023-10-15,7.00112088768343
2023-10-16,8.465088045033289
2023-10-17,8.479468280263445
2023-10-18,8.465511327742721
2023-10-19,8.419909988615343
2023-10-20,8.94989088872626
2023-10-21,8.617153654438157
2023-10-22,8.610560276170826
2023-10-23,12.70415207563
2023-10-24,12.661219380327289
2023-10-25,12.669104062692991
2023-10-26,12.755851990829772
2023-10-27,12.858816555155824
2023-10-28,12.754810009919185
2023-10-29,12.703595104356404
2023-10-30,12.726569817456646
2023-10-31,12.36276717260515
2023-11-01,12.172877215009803
2023-11-02,12.326672003632682
2023-11-03,12.400632486463843
2023-11-04,12.214238117607367
2023-11-05,12.200100493864902
2023-11-06,12.199758613808868
2023-11-07,12.166515300445802
2023-11-08,11.996805204920737
2023-11-09,12.06397760917138
2023-11-10,11.70525821621397
2023-11-11,11.70920620525877
2023-11-12,11.75755401622969
2023-11-13,12.019538656797446
2023-11-14,12.532052032894814
2023-11-15,13.07479865258273
2023-11-16,14.147106694686448
2023-11-17,14.108959461736235
2023-11-18,14.13139844905332
2023-11-19,13.971517821098114
2023-11-20,13.981475821541512
2023-11-21,14.99138412790394
2023-11-22,12.364936974262838
2023-11-23,12.183044761070496
2023-11-24,12.131273961186144
2023-11-25,12.057551400720625
2023-11-26,12.069756536701195
2023-11-27,12.099080381401716
2023-11-28,12.121803474380084
2023-11-29,12.114867903027648
2023-11-30,12.131179065411152
2023-12-01,12.180383230712106
2023-12-02,12.16672785349176
2023-12-03,12.149585298004496
2023-12-04,12.936425566086132
2023-12-05,13.583322494360614
2023-12-06,13.648066637361245
2023-12-07,13.771064350822243
2023-12-08,13.840285714196227
2023-12-09,13.744436605387758
2023-12-10,13.70733605311146
2023-12-11,15.150427678024233
2023-12-12,15.1419906151519
2023-12-13,15.26083284138271
2023-12-14,14.929120892057036
2023-12-15,14.057933893153407
2023-12-16,13.107049115057878
2023-12-17,13.352841242825969
2023-12-18,13.59790007560083
2023-12-19,13.561127157359262
2023-12-20,13.850802988701329
2023-12-21,12.7755677541407
2023-12-22,12.134108125960095
2023-12-23,12.15971043981708
2023-12-24,12.33285664886455
2023-12-25,12.363130486161293
2023-12-26,12.644207602566668
2023-12-27,12.716381568986906
2023-12-28,12.914398369699075
2023-12-29,13.006807290410736
2023-12-30,12.98834175796853
2023-12-31,12.798325679050878
2024-01-01,13.34225559248446
2024-01-02,13.378054328205485
2024-01-03,13.497609305073391
2024-01-04,12.93904409933701
2024-01-05,12.91806873803282
2024-01-06,12.87138075682831
2024-01-07,12.704139001661591
2024-01-08,14.293828080005646
2024-01-09,14.439635797051569
2024-01-10,12.992500030778483
2024-01-11,13.03627471313523
2024-01-12,15.135870028985604
2024-01-13,15.132171625917737
2024-01-14,15.148227451845978
2024-01-15,15.242624573924
2024-01-16,15.13730012378321
2024-01-17,14.860020618166136
2024-01-18,15.234413299039606
2024-01-19,14.875764891031649
2024-01-20,14.865295605440544
2024-01-21,14.859457819647329
2024-01-22,15.605981471957625
2024-01-23,15.587164540704764
2024-01-24,15.518307971341056
2024-01-25,15.35070840635408
2024-01-26,15.912141251742996
2024-01-27,15.81069310664234
2024-01-28,15.768209100266349
2024-01-29,16.048064110845267
2024-01-30,16.07239209239201
2024-01-31,15.452166473178194
2024-02-01,15.394110939551538
2024-02-02,14.626239590365383
2024-02-03,14.303429322864142
2024-02-04,14.332198068507443
2024-02-05,14.334980778219602
2024-02-06,14.370287072192797
2024-02-07,12.96865027370363
2024-02-08,13.052071438905694
2024-02-09,13.619398242619557
2024-02-10,13.656364586071126
2024-02-11,10.82225873964918
2024-02-12,11.196026056068336
2024-02-13,10.76397432800876
2024-02-14,11.271383252549487
2024-02-15,11.250248804476984
2024-02-16,11.150483355194575
2024-02-17,10.454486905705537
2024-02-18,10.45649880748302
2024-02-19,10.537170784479684
2024-02-20,10.487766290535465
2024-02-21,8.831550996094913
2024-02-22,9.052972995354695
2024-02-23,9.245790342548768
2024-02-24,9.209801976786428
2024-02-25,8.384366802612684
2024-02-26,9.499984078640628
2024-02-27,10.134554203357409
2024-02-28,12.805908100638296
2024-02-29,13.076512880444495
2024-03-01,12.93221516348722
2024-03-02,13.073699529474752
2024-03-03,13.04923982002124
2024-03-04,14.46950021709826
2024-03-05,16.565181202520588
2024-03-06,16.680921173026363
2024-03-07,16.67498102800402
2024-03-08,16.62005818657954
2024-03-09,16.644284764493218
2024-03-10,16.425539794630676
2024-03-11,16.72693447586288
2024-03-12,16.876291026941768
2024-03-13,16.780649810123972
2024-03-14,17.084085475826853
2024-03-15,17.23583340752349
2024-03-16,18.67581258020436
2024-03-17,19.0661240511352
2024-03-18,19.089729330356235
2024-03-19,21.394288171589327
2024-03-20,22.977953752631706
2024-03-21,23.397076202423666
2024-03-22,23.595345884753733
2024-03-23,23.527767584262445
2024-03-24,23.81095218082441
2024-03-25,23.986850030072183
2024-03-26,23.99210071441451
2024-03-27,23.656189608309266
2024-03-28,23.3604703279
2024-03-29,21.78886819697273
2024-03-30,21.65374444508788
2024-03-31,21.68574276264668
2024-04-01,21.83614981578767
2024-04-02,22.74694603111626
2024-04-03,21.3275900906002
2024-04-04,20.48044988254585
2024-04-05,20.20966451570485
2024-04-06,20.23830226179773
2024-04-07,20.15985241825964
2024-04-08,20.403749589172183
2024-04-09,20.71130913590241
2024-04-10,20.32742235851593
2024-04-11,20.32809156697068
2024-04-12,20.592790893158355
2024-04-13,21.00695452035788
2024-04-14,21.080403866600747
2024-04-15,20.432936543498982
2024-04-16,19.85777404872196
2024-04-17,20.20011489587896
2024-04-18,18.56124602838001
2024-04-19,16.0628367523121
2024-04-20,15.801436600109088
2024-04-21,15.569484548842544
2024-04-22,15.817287611734985
2024-04-23,15.041004886997484
2024-04-24,14.802584431709915
2024-04-25,14.808685944883456
2024-04-26,14.826795035463908
2024-04-27,14.658867190988865
2024-04-28,14.626798606255086
2024-04-29,14.704794482738034
2024-04-30,15.19964258497171
2024-05-01,15.466646495064689
2024-05-02,14.423959281150204
2024-05-03,15.842386415146953
2024-05-04,15.431832097541898
2024-05-05,15.417470246838658
2024-05-06,15.346788649506433
2024-05-07,15.349618803356854
2024-05-08,14.959928975270271
2024-05-09,15.03731831949812
2024-05-10,15.184340941175687
2024-05-11,15.188220822573124
2024-05-12,14.753353596238114
2024-05-13,14.18918348858993
2024-05-14,14.053854866569546
2024-05-15,15.497092668095084
2024-05-16,15.57331996450613
2024-05-17,15.190449862444458
2024-05-18,14.825564841287514
2024-05-19,14.86334139947182
2024-05-20,16.539307216268536
2024-05-21,16.676919904308935
2024-05-22,16.534990854494193
2024-05-23,16.625334436196706
2024-05-24,16.278239383437207
2024-05-25,16.30077837035938
2024-05-26,16.300836324777006
2024-05-27,16.31962519396457
2024-05-28,16.39934831946124
2024-05-29,16.4265235423886
2024-05-30,15.490050487873846
2024-05-31,14.947278971375358
2024-06-01,14.930363239966738
2024-06-02,13.66907884213179
2024-06-03,13.662695610851886
2024-06-04,13.843501222608008
2024-06-05,13.743737553740726
2024-06-06,13.652437000590986
2024-06-07,13.696610894905614
2024-06-08,13.433548669593597
2024-06-09,12.78502279996802
2024-06-10,12.79313100005724
2024-06-11,13.295286525004702
2024-06-12,13.17893814350385
2024-06-13,13.182748653929172
2024-06-14,11.087995428758893
2024-06-15,10.985796498378155
2024-06-16,10.661073264568492
2024-06-17,10.662872361248567
2024-06-18,10.81063744296595
2024-06-19,7.4517526683427135
2024-06-20,7.285296268311023
2024-06-21,7.244492297139078
2024-06-22,7.088050189937914
2024-06-23,7.15038681234664
2024-06-24,8.283603888882315
2024-06-25,8.755047494079864
2024-06-26,8.653242992222614
2024-06-27,8.764264908736637
2024-06-28,8.908502694499674
2024-06-29,8.891444749498318
2024-06-30,9.424797296766531
2024-07-01,9.417343644486294
2024-07-02,9.463317264267056
2024-07-03,9.687459184311551
2024-07-04,10.39907925873787
2024-07-05,10.280718910304564
2024-07-06,10.874054918567404
2024-07-07,11.34771385218814
2024-07-08,11.551881631299588
2024-07-09,11.884210868682588
2024-07-10,11.875183455500864
2024-07-11,11.559598813342932
2024-07-12,11.490496194576986
2024-07-13,11.68696939527342
2024-07-14,12.05273675276137
2024-07-15,13.706924418563084
2024-07-16,13.69779853841916
2024-07-17,13.768366473331708
2024-07-18,13.628411326302968
2024-07-19,14.242168324304128
2024-07-20,14.253538420921316
2024-07-21,14.26045700282593
2024-07-22,14.305683007213233
2024-07-23,14.421732208057623
2024-07-24,13.564940320863004
2024-07-25,13.378880528358367
2024-07-26,13.567035429553789
2024-07-27,13.531350317038784
2024-07-28,13.299719143050009
2024-07-29,13.533041412878596
2024-07-30,13.31314445136156
2024-07-31,13.557173366227616
2024-08-01,13.524596075809178
2024-08-02,14.5473554437333
2024-08-03,13.497846036766353
2024-08-04,14.197196860531752
2024-08-05,15.757144839433812
2024-08-06,15.685882680345593
2024-08-07,15.684938763841046
2024-08-08,19.23146733827872
2024-08-09,19.28287034901003
2024-08-10,19.263110644598687
2024-08-11,19.633164085493267
2024-08-12,19.532098193193413
2024-08-13,19.45834151015377
2024-08-14,18.583696240231703
2024-08-15,18.634111742129544
2024-08-16,18.79068558796679
2024-08-17,18.837267228568805
2024-08-18,18.35047652825494
2024-08-19,18.44251339464165
2024-08-20,18.336677109148937
2024-08-21,18.768599771294507
2024-08-22,18.675212557202805
2024-08-23,19.657017592565385
2024-08-24,19.645085516811
2024-08-25,19.359685332014752
2024-08-26,19.46089318155847
2024-08-27,20.15624476384971
2024-08-28,20.080062185374707
2024-08-29,20.09584441851066
2024-08-30,19.986937544482647
2024-08-31,19.933562245151418
2024-09-01,19.224184890042885
2024-09-02,19.480954003271105
2024-09-03,19.211116245034223
2024-09-04,17.65362237099624
2024-09-05,17.602212091597796
2024-09-06,17.994762013658637
2024-09-07,13.705488057491902
2024-09-08,13.77566351164428
2024-09-09,14.405597172839386
2024-09-10,13.99544339867914
2024-09-11,13.952281143262605
2024-09-12,13.85698320303458
2024-09-13,14.078403567795048
2024-09-14,13.951701317586974
2024-09-15,13.85552630203797
2024-09-16,13.90058767552606
2024-09-17,14.235846849293612
2024-09-18,14.326981776062592
2024-09-19,14.406796640453152
2024-09-20,13.986876810080664
2024-09-21,13.91259074246447
2024-09-22,12.594282261551593
2024-09-23,12.597120230682336
2024-09-24,12.68454674809524
2024-09-25,12.613842852052928
2024-09-26,11.578360704823444
2024-09-27,11.55059152529182
2024-09-28,11.551057256435191
2024-09-29,11.550576523956048
2024-09-30,12.174031982850362
2024-10-01,12.54055324926334
2024-10-02,12.169680036200052
2024-10-03,11.792875198870323
2024-10-04,11.94374099595584
2024-10-05,11.431340038523391
2024-10-06,10.530732901442567
2024-10-07,10.631092095796022
2024-10-08,10.609217364345772
2024-10-09,10.36444888256219
2024-10-10,10.35144420886946
2024-10-11,10.882363241408369
2024-10-12,10.85426837546832
2024-10-13,10.176169192641424
2024-10-14,11.217298439706656
2024-10-15,11.122118367718183
2024-10-16,10.935705693079594
2024-10-17,10.494906588833748
2024-10-18,10.356721512505237
2024-10-19,10.236002452427256
2024-10-20,10.257771130008884
2024-10-21,10.612633228628624
2024-10-22,10.612170718713292
2024-10-23,10.680699821206156
2024-10-24,10.813101767403692
2024-10-25,10.912567978939675
2024-10-26,10.48369385495611
2024-10-27,10.531202825947004
2024-10-28,10.872128550411846
2024-10-29,11.457525602697144
2024-10-30,10.78243537584305
2024-10-31,10.325366345268808
2024-11-01,10.427870960680975
2024-11-02,10.443271511873387
2024-11-03,10.364651785461378
2024-11-04,10.497156683550177
2024-11-05,10.63448620758777
2024-11-06,13.353903654983416
2024-11-07,13.334637052886611
2024-11-08,12.931437531125331
2024-11-09,12.876725320793769
2024-11-10,13.168118019211551
2024-11-11,15.934027235952572
2024-11-12,15.96352150659412
2024-11-13,15.551028921603685
2024-11-14,16.171661401477166
2024-11-15,16.499787246202075
2024-11-16,16.516785907072585
2024-11-17,16.604199368038046
2024-11-18,16.575304294711394
2024-11-19,16.610992783520327
2024-11-20,16.268345818834202
2024-11-21,16.51249844445319
2024-11-22,16.344368462168724
2024-11-23,16.508371895540787
2024-11-24,16.160813294266127
2024-11-25,17.377258980701544
2024-11-26,17.514549883046083
2024-11-27,17.707497074086227
2024-11-28,17.50216072064573
2024-11-29,17.46169254915688
2024-11-30,17.13948100604225
2024-12-01,16.9919413729441
2024-12-02,17.130944525817743
2024-12-03,17.050297169741768
2024-12-04,16.937128840599815
2024-12-05,17.152614474178744
2024-12-06,15.454312696437702
2024-12-07,15.4674465124724
2024-12-08,15.47137689590776
2024-12-09,16.187713872039673
2024-12-10,15.733371122964591
2024-12-11,13.249446277844385
2024-12-12,13.284672155914748
2024-12-13,13.114757607223163
2024-12-14,12.51699132304217
2024-12-15,12.20798565389139
2024-12-16,12.211418502547604
2024-12-17,12.14331942644302
2024-12-18,13.67974121951818
2024-12-19,13.909138672374022
2024-12-20,13.7661337150011
2024-12-21,13.118373250273764
2024-12-22,13.275083226427297
2024-12-23,13.227033490653264
2024-12-24,13.819279293338068
2024-12-25,12.763833093504266
2024-12-26,13.301557163118726
2024-12-27,12.733270506334913
2024-12-28,12.779835265960726
2024-12-29,12.726766862159645
2024-12-30,12.721462868211963
2024-12-31,12.724424184394872
2025-01-01,12.709979281330252
2025-01-02,12.961943528189174
2025-01-03,12.703800137353763
2025-01-04,12.586460946863632
2025-01-05,12.250499954343686
2025-01-06,12.859167843349642
2025-01-07,13.869846059055195
2025-01-08,13.467418007083678
2025-01-09,13.704257571408956
2025-01-10,13.068637398813502
2025-01-11,13.035797076670224
2025-01-12,12.9322206711173
2025-01-13,12.932124509771237
2025-01-14,12.743958628643814
2025-01-15,13.329843975828402
2025-01-16,13.331185635158304
2025-01-17,12.68413174601218
2025-01-18,12.326159470735655
2025-01-19,12.77607823561393
2025-01-20,12.781996298115256
2025-01-21,13.021610847925167
2025-01-22,13.281714925149426
2025-01-23,12.745215395257183
2025-01-24,12.75319077562432
2025-01-25,12.104112361852982
2025-01-26,12.190158856837728
2025-01-27,12.188817023314485
2025-01-28,12.076299016279528
2025-01-29,12.175384343884945
2025-01-30,12.180185791718994
2025-01-31,12.426008324716392
2025-02-01,12.364970631414351
2025-02-02,12.683903737823602
2025-02-03,13.20244147171036
2025-02-04,13.706849314849087
2025-02-05,13.14597539049911
2025-02-06,12.034071657718323
2025-02-07,11.86264881308341
2025-02-08,11.52493058379945
2025-02-09,11.301377942664589
2025-02-10,11.337915340610898
2025-02-11,11.481040682111916
2025-02-12,11.674183485967472
2025-02-13,11.56706625691862
2025-02-14,10.855352765505248
2025-02-15,10.84829563075902
2025-02-16,10.070020527329756
2025-02-17,10.042312132915791
2025-02-18,9.603143855335697
2025-02-19,9.615472068132894
2025-02-20,8.9529877415961
2025-02-21,8.920679850217676
2025-02-22,8.932312749456711
2025-02-23,8.850707538940787
2025-02-24,10.029174771955292
2025-02-25,10.27831911579838
2025-02-26,11.276884955583313
2025-02-27,11.337971732819833
2025-02-28,10.927043657395808
2025-03-01,11.141533006157566
2025-03-02,14.688475645374128
2025-03-03,17.00193683983593
2025-03-04,16.894024838609756
2025-03-05,16.916821868443623
2025-03-06,16.59494321909475
2025-03-07,16.89303440421932
2025-03-08,16.89295168409798
2025-03-09,17.987461133541945
2025-03-10,18.098020023767177
2025-03-11,19.077512140629054
2025-03-12,19.06949547990636
2025-03-13,19.2119930242324
2025-03-14,19.447414451203745
2025-03-15,19.45140400894957
2025-03-16,19.46652987167685
2025-03-17,19.5911444295242
2025-03-18,19.594104432038744
2025-03-19,20.31847870214578
2025-03-20,20.50021369615976
2025-03-21,20.448712312587883
2025-03-22,20.32685163208261
2025-03-23,20.49255500396709
2025-03-24,20.57782303828883
2025-03-25,20.57886512079204
2025-03-26,20.00278714781048
2025-03-27,19.76315127818651
2025-03-28,19.35395295391405
2025-03-29,19.461206805419103
2025-03-30,19.459504623128
2025-03-31,19.342009988247263
2025-04-01,17.18637163459464
2025-04-02,15.037806762137496
2025-04-03,15.006588141464585
2025-04-04,14.497076954953169
2025-04-05,14.489334138313382
2025-04-06,15.377560379583745
2025-04-07,15.425052629936564
2025-04-08,14.437172728650763
2025-04-09,16.313856777257588
2025-04-10,15.836823278779018
2025-04-11,16.5297409361169
2025-04-12,16.350676221554554
2025-04-13,16.09513079246192
2025-04-14,16.1207290278743
2025-04-15,16.01609008338109
2025-04-16,15.928562626532228
2025-04-17,15.880741603235055
2025-04-18,15.09740891970843
2025-04-19,14.797185867453935
2025-04-20,14.796046301192916
2025-04-21,15.027760679333436
2025-04-22,16.166700848335637
2025-04-23,16.105623000326457
2025-04-24,16.101736235136432
2025-04-25,16.086299875182615
2025-04-26,16.088704953928364
2025-04-27,15.721761665043491
2025-04-28,15.538087274877943
2025-04-29,15.570645256167726
2025-04-30,15.578037657290732
2025-05-01,15.47197184466289
2025-05-02,15.02578095280458
2025-05-03,15.10680060826098
2025-05-04,15.250889445482466
2025-05-05,15.228024137658808
2025-05-06,13.6314811211535
2025-05-07,13.63832222400677
2025-05-08,13.965384746210976
2025-05-09,12.040015046810437
2025-05-10,11.163037460881933
2025-05-11,10.5610005572697
2025-05-12,10.636855516879718
2025-05-13,10.353992893976908
2025-05-14,10.430461788884166
2025-05-15,10.274639041088925
2025-05-16,10.321381764000986
2025-05-17,10.36238256437552
2025-05-18,10.58367546718928
2025-05-19,10.70427987965348
2025-05-20,10.696262271895597
2025-05-21,10.673314427285648
2025-05-22,8.921936983427994
2025-05-23,10.034244903940916
2025-05-24,10.033236659164462
2025-05-25,10.05440490931382
2025-05-26,10.04245010379308
2025-05-27,9.98384976900945
2025-05-28,10.064616045931697
2025-05-29,10.297860150863391
2025-05-30,10.465134910237438
2025-05-31,10.2420333438371
2025-06-01,10.267394364770729
2025-06-02,10.1716979900919
2025-06-03,9.997490333367551
2025-06-04,10.04817642309282
2025-06-05,10.419515834083631
2025-06-06,10.725968569685202
2025-06-07,8.837490066117166
2025-06-08,8.830326486689197
2025-06-09,9.606800747353992
2025-06-10,9.570090401429312
2025-06-11,9.605080982237176
2025-06-12,9.976926820448424
2025-06-13,9.960597617742485
2025-06-14,9.98315575940747
2025-06-15,9.977444687332122
2025-06-16,10.024134423744265
2025-06-17,9.747903867786796
2025-06-18,9.72171549366631
2025-06-19,9.64021567446642
2025-06-20,9.313147887690144
2025-06-21,9.110070865490336
2025-06-22,8.323589919127555
2025-06-23,9.422600269109664
2025-06-24,9.373920651514862
2025-06-25,9.448388850925785
2025-06-26,9.445051193338177
2025-06-27,9.388354238542714
2025-06-28,9.151887120249102
2025-06-29,9.046336175210518
2025-06-30,9.120078947776737
2025-07-01,9.181722204335449
2025-07-02,9.644733964329188
2025-07-03,9.644383681079235
2025-07-04,9.747770694469098
2025-07-05,9.17013870614715
2025-07-06,8.837398188141467
2025-07-07,8.825144090703102
2025-07-08,8.8403594038124
2025-07-09,8.049335747501987
2025-07-10,9.067251839421012
2025-07-11,8.96813902541697
2025-07-12,8.412361593609196
2025-07-13,8.478695575886682
2025-07-14,8.417678707325777
2025-07-15,8.693797380614637
2025-07-16,8.6667928319524
2025-07-17,8.280531299274012
2025-07-18,8.413934399928634
2025-07-19,8.404285433708855
2025-07-20,8.271302086731195
2025-07-21,8.119183373742276
2025-07-22,8.117475052330809
2025-07-23,7.324297060716628
2025-07-24,7.354568399122428
2025-07-25,7.368012683149984
2025-07-26,7.335466155626484
2025-07-27,7.389892582953032
2025-07-28,7.541088135621131
2025-07-29,7.519831159978183
2025-07-30,7.390025993691443
2025-07-31,7.4951233832268995
2025-08-01,7.365905864327303
2025-08-02,7.386074400029019
2025-08-03,7.328101423654212
2025-08-04,7.348837408613209
2025-08-05,7.377334042794034
2025-08-06,7.324899298263948
2025-08-07,7.567434464581553
2025-08-08,7.373483149455376
2025-08-09,6.074568056022989
2025-08-10,6.407169356101301
2025-08-11,6.430420516320407
2025-08-12,6.389834247714102
2025-08-13,6.8695839971309685
2025-08-14,7.87981701328742
2025-08-15,7.884853685367572
2025-08-16,7.868578804084386
2025-08-17,7.7995329862834915
2025-08-18,7.862602455262582
2025-08-19,8.366996174980326
2025-08-20,8.474599141595258
2025-08-21,8.264661997936706
2025-08-22,9.169021110842836
2025-08-23,9.248418708469533
2025-08-24,9.375510129546596
2025-08-25,9.80387217681401
2025-08-26,9.84229136047221
2025-08-27,9.799736911593833
2025-08-28,9.894085697977742
2025-08-29,10.540475175697118
2025-08-30,10.444961851459096
2025-08-31,10.256185388876784
2025-09-01,10.295662758390382
2025-09-02,10.356557949050012
2025-09-03,10.335053784459928
2025-09-04,10.340183984969874
2025-09-05,10.302616292462572
2025-09-06,10.035917574310476
2025-09-07,10.079631253976649
2025-09-08,10.12838675050092
2025-09-09,9.787355947941773
2025-09-10,10.062225359769968
2025-09-11,10.07874873177154
2025-09-12,9.697736451522305
2025-09-13,8.796669944178092
2025-09-14,8.778626482047587
2025-09-15,8.77912153196413
2025-09-16,8.874608195208221
2025-09-17,8.820639895057184
2025-09-18,8.292846659953355
2025-09-19,8.318789486362963
2025-09-20,8.152264142139284
2025-09-21,7.165289358097906
2025-09-22,7.402694760203869
2025-09-23,7.232473820473382
2025-09-24,6.634531973897445
2025-09-25,7.574076187588326
2025-09-26,7.593757776017757
2025-09-27,7.489514651266488
2025-09-28,6.813298627394324
2025-09-29,7.038762418996288
2025-09-30,7.015025322689692
2025-10-01,7.922538465673493
2025-10-02,7.884908923749187
2025-10-03,7.96545954332935
2025-10-04,7.874720389986896
2025-10-05,7.882499277230119
2025-10-06,7.859343163441415
2025-10-07,8.435944671461005
2025-10-08,8.523352358340674
2025-10-09,8.650994300477869
2025-10-10,11.497450489090085
2025-10-11,11.555799125736897
2025-10-12,12.208387373352858
2025-10-13,12.209987011468316
2025-10-14,12.33978667690394
2025-10-15,12.49274755826962
2025-10-16,12.598718226572966
2025-10-17,12.674997665334612
2025-10-18,12.68766562829332
2025-10-19,12.75234580342154
2025-10-20,12.89649118786812
2025-10-21,13.033120777295949
2025-10-22,12.869309333286342
2025-10-23,13.092348521453562
2025-10-24,13.065199934103248
2025-10-25,12.46645249464116
2025-10-26,12.70618983923884
2025-10-27,12.716954444052195
2025-10-28,12.57199785792858
2025-10-29,12.678188219926076
2025-10-30,12.758334845245322
2025-10-31,12.13190613457531
2025-11-01,11.99987462785648
2025-11-02,11.894033795084486
2025-11-03,12.332556481092578
2025-11-04,13.013284351999532
2025-11-05,13.259229314758514
2025-11-06,13.223636679876687
2025-11-07,13.285616644001788
2025-11-08,13.26989098028784
2025-11-09,11.428914469655314
2025-11-10,11.38708361826748
2025-11-11,10.922168324384725
2025-11-12,10.952414835338429
2025-11-13,10.963067698943783
2025-11-14,11.887097840292776
2025-11-15,11.834587906717326
2025-11-16,11.811512819922717
2025-11-17,11.885355986983775
2025-11-18,11.809686654486043
2025-11-19,11.616390052151218
2025-11-20,12.53881390533587
2025-11-21,12.579194405406271
2025-11-22,12.174566477096729
2025-11-23,12.507247505824113
2025-11-24,12.681852129222376
2025-11-25,12.19793883639636
2025-11-26,12.96437285334013
2025-11-27,13.071615858510484
2025-11-28,12.927850122201916
2025-11-29,12.902843887923185
2025-11-30,12.773641812803367
2025-12-01,13.317531329248675
2025-12-02,14.756319572674032
2025-12-03,14.706319616975025
2025-12-04,14.016243966889952
2025-12-05,13.991837779699418
2025-12-06,13.846371102686444
2025-12-07,13.745099173556206
2025-12-08,13.750617466303783
2025-12-09,13.730894910469544
2025-12-10,13.629371427690476
2025-12-11,13.442631406953849
2025-12-12,13.570233420385868
2025-12-13,13.47834705664056
2025-12-14,12.666432098794605
2025-12-15,12.71227101976295
2025-12-16,12.811926448573088
2025-12-17,12.76337285971464
2025-12-18,12.732512595289142
2025-12-19,13.078320638550192
2025-12-20,11.829714276268692
2025-12-21,11.680558078575574
2025-12-22,11.666066406942203
2025-12-23,11.504120520325792
2025-12-24,11.378771291593512
2025-12-25,11.340204216571404
2025-12-26,10.74794057221432
2025-12-27,10.717771747352373
2025-12-28,10.713287554773002
2025-12-29,10.736581018645714
2025-12-30,10.840550911803255
2025-12-31,9.823540523013936
2026-01-01,8.092981233492987
2026-01-02,7.834348810165316
2026-01-03,7.751406912437921
2026-01-04,7.175260736346992
2026-01-05,7.571937620778263
2026-01-06,7.486658112387928
2026-01-07,7.954615464735502
2026-01-08,7.624670812586913
2026-01-09,7.608484504899391
2026-01-10,7.584396275296966
2026-01-11,7.193639100799216
2026-01-12,7.198849236131213
2026-01-13,8.018477537393029
2026-01-14,7.773674885072254
2026-01-15,7.858397448068899
2026-01-16,7.550547076395794
2026-01-17,7.493281078966972
2026-01-18,7.203911948236756
2026-01-19,7.323674340191921
2026-01-20,8.75180845629207
2026-01-21,8.828582042270565
2026-01-22,8.722436044445912
2026-01-23,8.721422808208894
2026-01-24,8.715768255995313
2026-01-25,9.20995266383167
2026-01-26,9.396107570651226
2026-01-27,9.449055204385786
2026-01-28,9.406544915881833
2026-01-29,10.746490160679526
2026-01-30,10.719771692837512
2026-01-31,12.491017778252615
2026-02-01,12.500020072154358
2026-02-02,12.755535552668626
2026-02-03,13.09479695863861
2026-02-04,12.9812376846955
2026-02-05,19.260609008918227
2026-02-06,23.0853147327074
2026-02-07,23.0979651171436
2026-02-08,23.2203059770398
2026-02-09,23.21682066431882
2026-02-10,23.191116434760627
2026-02-11,23.21179574415545
2026-02-12,22.51955888801655
2026-02-13,22.913152476448264
2026-02-14,23.050786179558376
2026-02-15,23.03058139353692
2026-02-16,23.05156395087085
2026-02-17,23.06679275011269
2026-02-18,23.07146790566432
2026-02-19,22.850293160184897
2026-02-20,22.88596036988409
2026-02-21,22.87820379372405
2026-02-22,22.861106794414837
2026-02-23,23.130738240696285
2026-02-24,23.053138322116254
2026-02-25,23.920263561543678
2026-02-26,23.841032686018384
2026-02-27,23.86342917536373
2026-02-28,23.574009352655995
2026-03-01,23.593379368861218
2026-03-02,23.353316565370744
2026-03-03,23.278925087996427
2026-03-04,24.046570324519347
2026-03-05,23.874416350497956
2026-03-06,23.638037564423612
