,BTC-USD,CLF,CPIAUCSL,CRBL.L,DGS10,DX-Y.NYB,EFFR,FX_EURUSD_daily_volatility,GCF,GSPC,HOUST,INDPRO,IXIC,PCEPI,PPIACO,RSXFS,UNRATE,VIX,WALCL,WM2NS
2020-09-07,10369.5634765625,37.51249885559082,260.0614,1073.4000244140625,0.6975,93.29000282287598,0.09,1.18406,1930.7250061035156,3355.6200561523438,1487.0,96.01824,10964.05029296875,105.0758,195.7,482314.2,7.62,31.282499313354492,7012579.142857143,18528.3
2020-09-14,10680.837890625,37.2599983215332,260.1365333333334,1079.0,0.68,93.06999969482422,0.09,1.1835,1953.0999755859373,3383.5400390625,1503.3333333333333,96.16622,11056.650390625,105.09773333333334,195.93333333333334,481861.76666666666,7.41,25.850000381469727,7049086.142857143,18612.0
2020-09-21,10462.259765625,39.310001373291016,260.2116666666667,1092.0,0.68,93.54000091552734,0.09,1.18411,1901.199951171875,3281.06005859375,1519.6666666666667,96.3142,10778.7998046875,105.11966666666666,196.16666666666666,481409.3333333333,7.2,27.780000686645508,7084965.0,18564.3
2020-09-28,10709.65234375,40.59999847412109,260.2868,1096.5,0.67,94.26000213623048,0.09,1.16265,1872.800048828125,3351.60009765625,1536.0,96.46218,11117.5302734375,105.1416,196.4,480956.9,6.99,26.190000534057617,7066709.571428572,18501.7
2020-10-05,10793.33984375,39.220001220703125,260.3953870967742,1082.699951171875,0.78,93.51000213623048,0.09,1.17116,1912.5,3408.60009765625,1543.0,96.58073548387097,11332.490234375,105.1648064516129,196.73225806451612,480416.67741935485,6.8741935483870975,27.959999084472656,7069357.571428572,18645.4
2020-10-12,11555.36328125,39.43000030517578,260.52906451612904,1089.5,0.7525,93.06999969482422,0.09,1.18137,1922.5,3534.219970703125,1543.0,96.67722258064516,11876.259765625,105.18896774193549,197.13870967741937,479810.6129032258,6.829032258064516,25.06999969482422,7129489.714285715,18657.7
2020-10-19,11742.037109375,40.83000183105469,260.6627419354839,1110.9000244140625,0.78,93.43000030517578,0.09,1.17177,1906.4000244140625,3426.919921875,1543.0,96.77370967741935,11478.8798828125,105.21312903225807,197.5451612903226,479204.5483870968,6.783870967741936,29.18000030517578,7169882.428571428,18713.2
2020-10-26,13075.248046875,38.560001373291016,260.7964193548387,1088.0,0.81,93.0500030517578,0.09,1.18554,1902.699951171875,3400.969970703125,1543.0,96.87019677419354,11358.9404296875,105.23729032258063,197.95161290322582,478598.48387096776,6.738709677419355,32.459999084472656,7155151.428571428,18650.9
2020-11-02,13550.4892578125,36.810001373291016,260.9488,1063.5,0.87,94.0500030517578,0.09,1.16474,1890.4000244140625,3310.239990234375,1545.3666666666666,96.9946,10957.6103515625,105.2727,198.37333333333333,478341.3333333333,6.7,37.130001068115234,7154286.714285715,18838.4
2020-11-09,15332.3154296875,40.290000915527344,261.2134,1094.199951171875,0.96,92.7300033569336,0.09,1.18881,1853.199951171875,3550.5,1561.9333333333334,97.2865,11713.7802734375,105.37559999999999,198.88666666666668,480177.6666666667,6.7,25.75,7170291.857142857,18918.4
2020-11-16,16716.111328125,41.34000015258789,261.478,1107.0,0.91,92.56999969482422,0.09,1.18394,1887.300048828125,3626.909912109375,1578.5,97.5784,11924.1298828125,105.4785,199.4,482014.0,6.7,22.450000762939453,7223747.714285715,19001.2
2020-11-23,18364.12109375,43.060001373291016,261.74260000000004,1120.699951171875,0.86,92.51000213623048,0.08,1.18521,1837.800048828125,3577.590087890625,1595.0666666666666,97.8703,11880.6298828125,105.5814,199.91333333333333,483850.3333333333,6.7,22.65999984741211,7224080.0,18975.9
2020-11-30,19625.8359375,45.34000015258789,262.0072,1135.199951171875,0.84,91.87000274658205,0.09,1.19608,1775.699951171875,3621.6298828125,1611.6333333333334,98.1622,12198.740234375,105.6843,200.42666666666668,485686.6666666667,6.7,20.56999969482422,7220718.571428572,19055.7
2020-12-07,19191.630859375,45.7599983215332,262.1599677419355,1132.4000244140625,0.94,90.79000091552734,0.09,1.213,1861.800048828125,3691.9599609375,1617.0967741935483,98.3218870967742,12519.9501953125,105.78570967741935,201.33225806451614,488979.0,6.641935483870968,21.299999237060547,7236874.0,19161.4
2020-12-14,19246.64453125,46.9900016784668,262.2940967741936,1146.5,0.9,90.70999908447266,0.09,1.21345,1828.699951171875,3647.489990234375,1620.7096774193549,98.45953870967742,12440.0400390625,105.88687096774194,202.30322580645162,492514.0,6.574193548387097,24.71999931335449,7328325.142857143,19210.5
2020-12-21,22803.08203125,47.7400016784668,262.4282258064516,1164.300048828125,0.95,90.04000091552734,0.09,1.22196,1879.199951171875,3694.919921875,1624.3225806451612,98.59719032258064,12742.51953125,105.98803225806452,203.2741935483871,496049.0,6.506451612903226,25.15999984741211,7392197.0,19263.7
2020-12-28,27084.80859375,47.619998931884766,262.56235483870967,1157.939990234375,0.94,90.33999633789062,0.09,1.21832,1877.199951171875,3735.360107421875,1627.9354838709678,98.73484193548387,12899.419921875,106.0891935483871,204.24516129032259,499584.0,6.4387096774193555,21.700000762939453,7374976.142857143,19294.8
2021-01-04,31971.9140625,47.619998931884766,262.7293870967742,1168.0,0.93,89.87999725341797,0.09,1.22386,1944.699951171875,3700.64990234375,1608.1290322580646,98.49353548387097,12698.4501953125,106.18116129032259,205.36129032258066,500365.3870967742,6.380645161290323,26.96999931335449,7342963.857142857,19365.4
2021-01-11,35566.65625,52.25,262.94029032258067,1208.5,1.15,90.54000091552734,0.09,1.2216,1849.5999755859373,3799.610107421875,1557.0967741935483,97.74695161290323,13036.4296875,106.26087096774194,206.6709677419355,497475.29032258067,6.335483870967742,24.07999992370605,7334208.285714285,19426.4
2021-01-18,36630.07421875,52.82499980926514,263.1511935483871,1220.5999755859375,1.1025,90.56999969482422,0.09,1.20823,1836.9500122070312,3791.2449340820312,1506.0645161290322,97.00036774193549,13147.509765625,106.3405806451613,207.9806451612903,494585.1935483871,6.290322580645162,23.514999866485596,7391806.571428572,19397.0
2021-01-25,32366.392578125,52.77000045776367,263.36209677419356,1204.0999755859375,1.05,90.38999938964844,0.08,1.21672,1854.9000244140625,3855.360107421875,1455.032258064516,96.25378387096774,13635.990234375,106.42029032258064,209.29032258064515,491695.0967741936,6.245161290322581,23.190000534057617,7407787.714285715,19278.2
2021-02-01,33537.17578125,53.54999923706055,263.573,1219.5,1.09,91.0199966430664,0.08,1.21285,1860.800048828125,3773.860107421875,1404.0,95.5072,13403.3896484375,106.5,210.6,488805.0,6.2,30.239999771118164,7408977.428571428,19382.8
2021-02-08,46196.46484375,57.970001220703125,263.89149999999995,1266.0,1.19,90.93000030517578,0.07,1.20375,1831.9000244140625,3915.590087890625,1477.0,96.178625,13987.6396484375,106.6385,211.7,501505.5,6.175,21.239999771118164,7433188.714285715,19416.6
2021-02-15,47945.05859375,59.90499973297119,264.21,1273.4000244140625,1.275,90.50250244140626,0.08,1.21239,1803.2999572753906,3933.1500854492188,1550.0,96.85005,14059.492431640625,106.777,212.8,514206.0,6.15,21.087499141693115,7524494.285714285,19524.1
2021-02-22,54207.3203125,61.4900016784668,264.5285,1287.199951171875,1.37,90.01000213623047,0.07,1.21148,1806.699951171875,3876.5,1623.0,97.521475,13533.0498046875,106.91550000000001,213.9,526906.5,6.125,23.450000762939453,7580765.571428572,19534.3
2021-03-01,49631.2421875,60.63999938964844,264.847,1298.5999755859375,1.45,91.04000091552734,0.07,1.20718,1722.5,3901.820068359375,1696.0,98.1929,13588.830078125,107.054,215.0,539607.0,6.1,23.350000381469727,7566834.571428572,19621.1
2021-03-08,52246.5234375,65.05000305175781,265.24848387096773,1323.0,1.59,92.30999755859376,0.07,1.1917,1677.699951171875,3821.35009765625,1650.6129032258063,98.22424193548386,12609.16015625,107.18135483870968,215.65483870967742,540192.2903225806,6.1,25.46999931335449,7573507.571428572,19713.1
2021-03-15,55907.19921875,65.38999938964844,265.6499677419355,1317.5,1.62,91.83000183105467,0.07,1.19489,1728.9000244140625,3968.93994140625,1605.225806451613,98.25558387096774,13459.7099609375,107.30870967741936,216.30967741935484,540777.5806451613,6.1,20.030000686645508,7661047.428571428,19850.3
2021-03-22,54529.14453125,61.54999923706055,266.05145161290324,1290.5,1.69,91.8000030517578,0.07,1.18798,1737.800048828125,3940.590087890625,1559.8387096774193,98.2869258064516,13377.5400390625,107.43606451612904,216.96451612903226,541362.8709677419,6.1,18.8799991607666,7712160.285714285,20027.4
2021-03-29,57750.19921875,61.560001373291016,266.452935483871,1280.5,1.73,92.94000244140624,0.07,1.1789,1712.0999755859375,3971.090087890625,1514.4516129032259,98.31826774193549,13059.650390625,107.5634193548387,217.61935483870968,541948.1612903225,6.1,20.739999771118164,7697740.571428572,20101.3
2021-04-05,59057.87890625,58.650001525878906,266.8622,1276.9,1.73,92.5999984741211,0.07,1.1754,1727.0,4077.909912109375,1507.5333333333333,98.4457,13705.58984375,107.69226666666667,218.83333333333334,541451.0,6.06,17.90999984741211,7703198.0,20306.1
2021-04-12,59893.453125,59.70000076293945,267.2773,1286.5999755859375,1.69,92.13999938964844,0.07,1.18963,1731.199951171875,4127.990234375,1529.4666666666667,98.6452,13850.0,107.82223333333333,220.46666666666667,540142.0,5.989999999999999,16.90999984741211,7769040.571428572,20294.1
2021-04-19,55724.265625,63.380001068115234,267.6924,1310.5999755859375,1.61,91.06999969482422,0.07,1.19752,1769.4000244140625,4163.259765625,1551.4,98.8447,13914.76953125,107.95219999999999,222.1,538833.0,5.92,17.290000915527344,7812992.571428572,20288.3
2021-04-26,54021.75390625,61.90999984741211,268.1075,1346.0999755859375,1.58,90.80999755859376,0.07,1.20941,1779.199951171875,4187.6201171875,1573.3333333333333,99.0442,14138.7802734375,108.08216666666667,223.73333333333335,537524.0,5.85,17.639999389648438,7792386.571428572,20135.4
2021-05-03,57200.29296875,64.48999786376953,268.5527741935484,1375.5,1.63,90.9499969482422,0.06,1.20257,1791.4000244140625,4192.66015625,1592.9354838709678,99.2164806451613,13895.1201171875,108.21274193548386,225.15806451612903,536818.8709677419,5.806451612903226,18.309999465942383,7802050.571428572,20259.5
2021-05-10,55859.796875,64.91999816894531,269.0734838709677,1379.5,1.63,90.20999908447266,0.06,1.21678,1837.5,4188.43017578125,1606.7096774193549,99.32071290322581,13401.8603515625,108.34483870967742,226.06129032258065,537623.4193548387,5.829032258064516,19.65999984741211,7824898.142857143,20339.6
2021-05-17,43537.51171875,66.2699966430664,269.59419354838707,1379.5,1.64,90.22000122070312,0.06,1.21404,1867.5,4163.2900390625,1620.483870967742,99.42494516129032,13379.0498046875,108.47693548387097,226.96451612903226,538427.9677419355,5.851612903225806,19.71999931335449,7896534.428571428,20390.0
2021-05-24,38705.98046875,66.05000305175781,270.1149032258064,1351.0,1.61,89.83000183105469,0.06,1.21761,1884.5999755859373,4197.0498046875,1634.258064516129,99.52917741935484,13661.169921875,108.60903225806452,227.86774193548388,539232.5161290322,5.874193548387097,18.399999618530277,7909067.285714285,20221.9
2021-05-31,37332.85546875,67.3700008392334,270.63561290322576,1391.0249633789062,1.61,89.88000106811523,0.057499999999999996,1.21959,1902.8000183105469,4202.5574951171875,1648.032258064516,99.63340967741937,13739.54541015625,108.74112903225807,228.7709677419355,540037.0645161291,5.896774193548388,17.614999771118164,7926513.857142857,20269.1
2021-06-07,33560.70703125,69.2300033569336,270.96099999999996,1399.5,1.57,89.94999694824219,0.06,1.21624,1896.800048828125,4226.52001953125,1639.4,99.732,13881.7197265625,108.8592,229.49,537841.6,5.800000000000001,16.420000076293945,7947577.285714285,20405.7
2021-06-14,40218.4765625,70.87999725341797,271.2538333333333,1418.5,1.51,90.5199966430664,0.06,1.21091,1864.0,4255.14990234375,1627.0333333333333,99.82965,14174.1396484375,108.97493333333334,230.17833333333334,535146.1333333333,5.683333333333334,16.389999389648438,8032277.0,20491.3
2021-06-21,31676.693359375,73.66000366210938,271.5466666666666,1408.0,1.5,91.86000061035156,0.1,1.18632,1781.800048828125,4224.7900390625,1614.6666666666667,99.9273,14141.48046875,109.09066666666666,230.86666666666667,532450.6666666666,5.566666666666667,17.889999389648438,8091177.0,20395.2
2021-06-28,34434.3359375,72.91000366210938,271.8395,1438.5,1.49,91.87999725341795,0.1,1.19352,1779.5999755859375,4290.60986328125,1602.3,100.02495,14500.509765625,109.2064,231.555,529755.2,5.45,15.760000228881836,8085230.0,20335.1
2021-07-05,33746.00390625,73.81750297546387,272.06654838709676,1475.5999755859375,1.3875000000000002,92.47000312805174,0.1,1.18666,1790.7749938964844,4345.739990234375,1596.6129032258063,100.06349677419355,14657.562255859375,109.30993548387097,232.05193548387095,529100.2580645161,5.361290322580645,16.097500324249268,8092279.0,20556.3
2021-07-12,33155.84765625,74.0999984741211,272.2442580645161,1445.5999755859375,1.38,92.2300033569336,0.1,1.18754,1805.5,4384.6298828125,1595.9354838709678,100.05771612903226,14733.240234375,109.40432258064516,232.40532258064516,529975.7096774194,5.2935483870967746,16.170000076293945,8171971.571428572,20548.6
2021-07-19,30817.83203125,66.41999816894531,272.4219677419355,1425.0999755859375,1.19,92.88999938964844,0.1,1.18073,1808.699951171875,4258.490234375,1595.258064516129,100.05193548387096,14274.98046875,109.49870967741936,232.75870967741935,530851.1612903225,5.225806451612903,22.5,8229421.714285715,20578.0
2021-07-26,37337.53515625,71.91000366210938,272.59967741935486,1495.0999755859375,1.29,92.6500015258789,0.1,1.17715,1798.699951171875,4422.2998046875,1594.5806451612902,100.04615483870968,14840.7099609375,109.59309677419355,233.11209677419353,531726.6129032258,5.158064516129032,17.579999923706055,8226917.857142857,20530.2
2021-08-02,39201.9453125,71.26000213623047,272.7903870967742,1470.4000244140625,1.2,92.0500030517578,0.1,1.18635,1818.0999755859373,4387.16015625,1593.4516129032259,100.00746774193549,14681.0703125,109.68561290322582,233.488,532611.6451612903,5.087096774193548,19.459999084472656,8231187.285714285,20656.4
2021-08-09,46365.40234375,66.4800033569336,273.05909677419356,1443.5,1.33,92.9499969482422,0.1,1.17589,1723.4000244140625,4432.35009765625,1589.6129032258063,99.77134193548387,14860.1796875,109.76690322580646,233.999,533554.1612903225,4.9967741935483865,16.719999313354492,8250848.714285715,20714.8
2021-08-16,46004.484375,67.29000091552734,273.3278064516129,1475.5,1.26,92.62999725341795,0.1,1.17938,1786.9000244140625,4479.7099609375,1585.774193548387,99.53521612903226,14793.759765625,109.8481935483871,234.51,534496.6774193548,4.906451612903226,16.1200008392334,8318186.857142857,20785.2
2021-08-23,49546.1484375,65.63999938964844,273.59651612903224,1458.5999755859375,1.25,92.95999908447266,0.09,1.1695,1803.199951171875,4479.52978515625,1581.9354838709678,99.29909032258065,14942.650390625,109.92948387096774,235.021,535439.1935483871,4.816129032258065,17.149999618530273,8335558.714285715,20760.7
2021-08-30,47054.984375,69.20999908447266,273.86522580645163,1502.125,1.29,92.6500015258789,0.08,1.17949,1809.0,4528.7900390625,1578.0967741935483,99.06296451612904,15265.8896484375,110.0107741935484,235.532,536381.7096774194,4.725806451612903,16.190000534057617,8344478.714285715,20792.0
2021-09-06,52633.53515625,68.58499908447266,274.373,1504.5,1.3675,92.39999771118164,0.08,1.18774,1804.6500244140625,4523.8798828125,1577.3333333333333,99.22195,15371.62744140625,110.15533333333335,236.47583333333333,538102.6666666666,4.666666666666667,17.70749950408936,8354988.0,20934.5
2021-09-13,44963.07421875,70.44999694824219,274.9764,1513.9000244140625,1.33,92.62000274658205,0.08,1.18134,1792.0,4468.72998046875,1577.8,99.53898000000001,15105.580078125,110.32520000000001,237.5928,540135.0,4.62,19.3700008392334,8422639.714285715,20979.2
2021-09-20,42843.80078125,70.29000091552734,275.57980000000003,1517.5999755859375,1.31,93.23999786376952,0.08,1.17255,1761.800048828125,4357.72998046875,1578.2666666666667,99.85601000000001,14713.900390625,110.49506666666667,238.70976666666667,542167.3333333334,4.573333333333333,25.709999084472656,8478094.285714285,20934.3
2021-09-27,42235.73046875,75.44999694824219,276.1832,1574.5,1.48,93.37999725341795,0.08,1.17165,1750.0,4443.10986328125,1578.7333333333333,100.17304,14969.9697265625,110.66493333333334,239.82673333333332,544199.6666666666,4.526666666666666,18.76000022888184,8459936.142857144,20844.2
2021-10-04,49112.90234375,77.62000274658203,276.75019354838713,1625.5,1.49,93.80999755859376,0.08,1.15937,1766.199951171875,4300.4599609375,1591.1935483870968,100.44267096774195,14255.48046875,110.83341935483871,240.73809677419356,545914.6451612903,4.470967741935484,22.959999084472656,8459446.0,21049.4
2021-10-11,57484.7890625,80.5199966430664,277.26864516129035,1644.0,1.5950000000000002,94.31999969482422,0.08,1.15693,1754.5999755859375,4361.18994140625,1619.6451612903227,100.64910322580646,14486.2001953125,111.00006451612903,241.37532258064516,547206.4838709678,4.403225806451613,20.0,8476110.57142857,21073.6
2021-10-18,62026.078125,82.44000244140625,277.78709677419357,1642.5999755859375,1.59,93.9499969482422,0.08,1.15987,1764.800048828125,4486.4599609375,1648.0967741935483,100.85553548387097,15021.8095703125,111.16670967741935,242.01254838709679,548498.3225806452,4.335483870967742,16.309999465942383,8540942.714285715,21148.2
2021-10-25,63039.82421875,83.76000213623047,278.3055483870968,1655.300048828125,1.64,93.80999755859376,0.08,1.16368,1806.0,4566.47998046875,1676.5483870967741,101.06196774193549,15226.7099609375,111.33335483870968,242.64977419354838,549790.1612903225,4.267741935483871,15.239999771118164,8558684.42857143,21036.7
2021-11-01,61004.40625,84.05000305175781,278.824,1654.4000244140625,1.58,93.87999725341795,0.08,1.15631,1795.0999755859375,4613.669921875,1705.0,101.2684,15595.919921875,111.5,243.287,551082.0,4.2,16.40999984741211,8569531.0,21180.1
2021-11-08,67566.828125,81.93000030517578,279.2864666666667,1647.0,1.51,94.0500030517578,0.08,1.15573,1827.4000244140625,4701.7001953125,1708.9666666666667,101.25122666666667,15982.3603515625,111.66123333333333,242.83223333333333,550194.1666666666,4.13,17.219999313354492,8637903.857142856,21261.7
2021-11-15,63557.87109375,80.87999725341797,279.74893333333335,1665.5999755859375,1.63,95.41000366210938,0.08,1.14452,1866.0999755859373,4682.7998046875,1712.9333333333334,101.23405333333334,15853.849609375,111.82246666666667,242.37746666666666,549306.3333333334,4.0600000000000005,16.489999771118164,8671583.42857143,21327.1
2021-11-22,56289.2890625,76.75,280.21139999999997,1659.800048828125,1.63,96.5,0.08,1.12901,1806.0,4682.93994140625,1716.9,101.21688,15854.759765625,111.9837,241.9227,548418.5,3.99,19.170000076293945,8679827.857142856,21356.8
2021-11-29,57806.56640625,69.94999694824219,280.67386666666664,1611.4000244140625,1.52,96.33999633789062,0.08,1.13018,1782.300048828125,4655.27001953125,1720.8666666666666,101.19970666666667,15782.830078125,112.14493333333334,241.46793333333332,547530.6666666666,3.92,22.959999084472656,8659364.57142857,21385.1
2021-12-06,50582.625,69.48999786376953,281.08599999999996,1583.5999755859375,1.43,96.29000091552734,0.08,1.1302,1777.5,4591.669921875,1718.774193548387,101.1979935483871,15225.150390625,112.29003225806451,242.16299999999998,549370.5483870967,3.9161290322580644,27.18000030517578,8660489.142857144,21527.9
2021-12-13,46737.48046875,71.29000091552734,281.47799999999995,1617.0999755859375,1.42,96.31999969482422,0.08,1.1311,1786.300048828125,4668.97021484375,1714.258064516129,101.20246451612904,15413.2802734375,112.42867741935484,243.31799999999998,552301.5161290322,3.9387096774193546,20.309999465942383,8730339.714285715,21582.1
2021-12-20,46880.27734375,68.2300033569336,281.87,1572.0,1.43,96.5500030517578,0.08,1.12395,1793.699951171875,4568.02001953125,1709.741935483871,101.20693548387096,14980.9404296875,112.56732258064517,244.473,555232.4838709678,3.9612903225806453,22.8700008392334,8780829.57142857,21707.7
2021-12-27,50640.41796875,75.56999969482422,282.262,1638.12001953125,1.48,96.08999633789062,0.08,1.13156,1808.0999755859373,4791.18994140625,1705.225806451613,101.2114064516129,15871.259765625,112.7059677419355,245.62800000000001,558163.4516129033,3.9838709677419355,17.68000030517578,8766898.57142857,21751.8
2022-01-03,46458.1171875,76.08000183105469,282.6699354838709,1639.5,1.63,96.23999786376952,0.08,1.13707,1799.4000244140625,4796.56005859375,1704.1290322580646,101.25532258064517,15832.7998046875,112.84796774193549,246.85345161290323,560484.0967741936,3.9870967741935486,16.600000381469727,8763360.714285715,21728.3
2022-01-10,41821.26171875,78.2300033569336,283.1177096774193,1651.0,1.78,95.98999786376952,0.08,1.13524,1798.4000244140625,4670.2900390625,1711.5806451612902,101.39785161290322,14942.830078125,112.99835483870969,248.25503225806452,561278.9354838709,3.9419354838709677,19.399999618530277,8781833.142857144,21747.0
2022-01-17,42250.55078125,85.02750015258789,283.56548387096774,1704.0,1.8475000000000001,95.59000205993652,0.08,1.14128,1813.3500366210938,4598.544921875,1719.032258064516,101.54038064516129,14603.61279296875,113.14874193548387,249.6566129032258,562073.7741935484,3.896774193548387,21.890000820159912,8845103.714285715,21720.1
2022-01-24,36654.328125,83.30999755859375,284.0132580645161,1718.5,1.75,95.91999816894533,0.08,1.13409,1841.699951171875,4410.1298828125,1726.483870967742,101.68290967741936,13855.1298828125,113.29912903225807,251.0581935483871,562868.6129032258,3.8516129032258064,29.899999618530277,8862584.714285715,21536.1
2022-01-31,38483.125,88.1500015258789,284.4610322580645,1785.9000244140625,1.79,96.54000091552734,0.08,1.11415,1795.0,4515.5498046875,1733.9354838709678,101.82543870967741,14239.8798828125,113.44951612903226,252.45977419354838,563663.4516129033,3.8064516129032255,24.82999992370605,8869575.0,21524.8
2022-02-07,43840.28515625,91.31999969482422,285.15542857142856,1822.0999755859373,1.92,95.4000015258789,0.08,1.14628,1820.5999755859373,4483.8701171875,1730.0714285714287,102.0231,14015.669921875,113.68485714285714,254.23585714285713,566071.5714285715,3.7785714285714285,22.86000061035156,8876638.142857144,21562.1
2022-02-14,42586.91796875,95.45999908447266,285.89092857142856,1841.5999755859373,1.98,96.37000274658205,0.08,1.13369,1868.0,4401.669921875,1724.3214285714287,102.22995,13790.919921875,113.93435714285714,256.07435714285714,568748.5714285715,3.7535714285714286,28.32999992370605,8901597.57142857,21571.9
2022-02-21,37075.28125,92.02999877929688,286.62642857142856,1850.300048828125,1.935,96.03249931335449,0.08,1.13178,1904.2249755859373,4315.787353515625,1718.5714285714287,102.43679999999999,13423.1572265625,114.18385714285714,257.91285714285715,571425.5714285715,3.7285714285714286,28.544999599456787,8923244.42857143,21575.2
2022-02-28,43193.234375,95.72000122070312,287.36192857142856,1895.0,1.83,96.70999908447266,0.08,1.1125,1899.4000244140625,4373.93994140625,1712.8214285714287,102.64365,13751.400390625,114.43335714285713,259.75135714285716,574102.5714285715,3.7035714285714287,30.149999618530277,8911219.0,21659.7
2022-03-07,38062.0390625,119.4000015258789,287.68280645161286,2202.0,1.78,99.29000091552734,0.08,1.09236,1993.9000244140625,4201.08984375,1732.9032258064517,102.71756129032258,12830.9599609375,114.53538709677419,261.03903225806454,575734.9354838709,3.7,36.45000076293945,8908950.0,21812.7
2022-03-14,39666.75390625,103.01000213623048,287.9345806451613,2063.0,2.14,99.05999755859376,0.08,1.09172,1959.5999755859373,4173.10986328125,1757.2903225806451,102.76931612903225,12581.2197265625,114.61283870967742,262.2349032258065,577193.1935483871,3.7,31.770000457763672,8941860.857142856,21863.2
2022-03-21,41077.99609375,112.12000274658205,288.1863548387097,2134.5,2.32,98.5,0.33,1.10504,1928.5999755859373,4461.18017578125,1781.6774193548388,102.82107096774193,13838.4599609375,114.69029032258064,263.4307741935484,578651.4516129033,3.7,23.530000686645508,8960140.285714285,21867.6
2022-03-28,47128.00390625,105.95999908447266,288.4381290322581,2165.0,2.46,99.08999633789062,0.33,1.09836,1939.5999755859373,4575.52001953125,1806.0645161290322,102.87282580645162,14354.900390625,114.76774193548387,264.6266451612903,580109.7096774194,3.7,19.6299991607666,8944379.714285715,21854.3
2022-04-04,46622.67578125,103.27999877929688,288.8537,2154.75,2.42,98.98999786376952,0.33,1.1038,1929.199951171875,4582.64013671875,1791.1,102.90875,14532.5498046875,114.88329999999999,266.1041,580833.1,3.6900000000000004,18.56999969482422,8937463.42857143,21996.9
2022-04-11,39521.90234375,94.29000091552734,289.48766666666666,2148.75,2.79,99.93000030517578,0.33,1.09083,1944.300048828125,4412.52978515625,1723.6666666666667,102.92356666666667,13411.9599609375,115.04966666666667,267.957,580576.6666666666,3.666666666666667,24.3700008392334,8957517.0,21983.1
2022-04-18,40826.21484375,108.20999908447266,290.1216333333333,2235.0,2.85,100.77999877929688,0.33,1.08069,1982.9000244140625,4391.68994140625,1656.2333333333333,102.93838333333333,13332.3603515625,115.21603333333334,269.80989999999997,580320.2333333333,3.6433333333333335,22.170000076293945,8958604.142857144,22056.1
2022-04-25,40458.30859375,98.54000091552734,290.75559999999996,2196.5,2.81,101.75,0.33,1.08058,1893.199951171875,4296.1201171875,1588.8,102.95320000000001,13004.849609375,115.3824,271.6628,580063.8,3.62,27.020000457763672,8943956.714285715,21609.4
2022-05-02,38529.328125,105.16999816894533,291.4207096774193,2335.1875,2.99,103.73999786376952,0.33,1.05464,1861.800048828125,4155.3798828125,1531.6451612903227,102.96127096774194,12536.01953125,115.56090322580646,273.4768064516129,580028.2580645161,3.6,32.34000015258789,8939751.142857144,21615.4
2022-05-09,30296.953125,103.08999633789062,292.2726774193548,2310.5,3.05,103.6500015258789,0.83,1.05404,1857.0999755859373,3991.239990234375,1536.1612903225807,102.92886774193549,11623.25,115.81222580645162,275.0574516129032,581318.0645161291,3.6,34.75,8941426.285714285,21552.2
2022-05-16,29862.91796875,114.1999969482422,293.1246451612903,2423.5,2.88,104.19000244140624,0.83,1.03968,1813.5,4008.010009765625,1540.6774193548388,102.89646451612903,11662.7900390625,116.06354838709677,276.6380967741935,582607.8709677419,3.6,27.46999931335449,8944786.57142857,21584.2
2022-05-23,29098.91015625,110.29000091552734,293.9766129032258,2365.75,2.86,102.08000183105467,0.83,1.05583,1847.800048828125,3973.75,1545.1935483870968,102.86406129032258,11535.26953125,116.31487096774194,278.2187419354838,583897.6774193548,3.6,28.479999542236328,8923314.42857143,21539.9
2022-05-30,31726.390625,114.76999855041505,294.8285806451613,2411.25,2.8225000000000002,101.72999954223633,0.83,1.07326,1844.8499755859375,4138.6724853515625,1549.7096774193549,102.83165806451613,12093.82470703125,116.5661935483871,279.7993870967742,585187.4838709678,3.6,26.072500228881836,8914830.285714285,21525.6
2022-06-06,31370.671875,118.5,295.05,2472.0,3.04,102.44000244140624,0.83,1.07188,1839.199951171875,4121.43017578125,1522.6666666666667,102.86041666666667,12061.3701171875,116.63683333333334,278.9215,584507.8333333334,3.5833333333333335,25.06999969482422,8917338.57142857,21624.2
2022-06-13,22487.388671875,120.93000030517578,295.0192,2491.0,3.43,105.08000183105467,0.83,1.05142,1828.0,3749.6298828125,1483.0,102.91364,10809.23046875,116.6352,277.0602,583040.4,3.56,34.02000045776367,8928372.57142857,21598.7
2022-06-20,20599.537109375,110.37750053405762,294.9884,2387.25,3.295,104.50500106811523,1.58,1.0487,1834.8499755859373,3742.3025512695312,1443.3333333333333,102.96686333333334,11001.562255859375,116.63356666666667,275.1989,581572.9666666667,3.5366666666666666,30.425000190734863,8933795.714285715,21555.8
2022-06-27,20735.478515625,109.56999969482422,294.9576,2300.0,3.2,103.94000244140624,1.58,1.05525,1820.9000244140625,3900.110107421875,1403.6666666666667,103.02008666666667,11524.5498046875,116.63193333333334,273.3376,580105.5333333333,3.513333333333333,26.950000762939453,8919493.857142856,21530.0
2022-07-04,20231.26171875,101.73250007629395,294.96148387096775,2290.75,2.835,106.15999984741211,1.58,1.04206,1771.0750427246094,3829.8749389648438,1395.516129032258,103.0620935483871,11273.642578125,116.66245161290323,272.01,579453.6774193548,3.509677419354839,27.33000087738037,8898051.57142857,21626.1
2022-07-11,19970.556640625,104.08999633789062,295.0116129032258,2292.5,2.99,108.0199966430664,1.58,1.01791,1730.0,3854.429931640625,1429.3870967741937,103.08914516129032,11372.599609375,116.73583870967742,271.394,579889.2580645161,3.532258064516129,26.170000076293945,8894719.57142857,21591.4
2022-07-18,22485.689453125,102.5999984741211,295.06174193548384,2269.0,2.96,107.37000274658205,1.58,1.00829,1709.199951171875,3830.85009765625,1463.258064516129,103.11619677419354,11360.0498046875,116.80922580645162,270.778,580324.8387096775,3.554838709677419,25.299999237060547,8898257.0,21568.7
2022-07-25,21361.701171875,96.6999969482422,295.11187096774194,2236.0,2.81,106.4800033569336,1.58,1.02174,1719.0,3966.840087890625,1497.1290322580644,103.14324838709678,11782.669921875,116.8826129032258,270.162,580760.4193548387,3.57741935483871,23.36000061035156,8892635.142857144,21522.1
2022-08-01,23314.19921875,93.88999938964844,295.162,2186.75,2.6,105.4499969482422,2.33,1.02182,1769.0,4118.6298828125,1531.0,103.1703,12368.98046875,116.956,269.546,581196.0,3.6,22.84000015258789,8879015.42857143,21591.2
2022-08-08,23809.486328125,90.76000213623048,295.44629032258064,2214.5,2.77,106.44000244140624,2.33,1.01783,1786.800048828125,4140.06005859375,1521.2903225806451,103.25210967741936,12644.4599609375,117.04970967741936,269.17387096774195,580800.8387096775,3.57741935483871,21.290000915527344,8877847.142857144,21583.4
2022-08-15,24136.97265625,89.41000366210938,295.7305806451613,2265.5,2.79,106.5500030517578,2.33,1.02587,1781.4000244140625,4297.14013671875,1511.5806451612902,103.33391935483871,13128.0498046875,117.14341935483871,268.8017419354839,580405.6774193548,3.554838709677419,19.950000762939453,8858155.142857144,21591.4
2022-08-22,21398.908203125,90.2300033569336,296.0148709677419,2351.25,3.03,109.0500030517578,2.33,1.00385,1734.0,4137.990234375,1501.8709677419354,103.41572903225807,12381.5703125,117.23712903225807,268.4296129032258,580010.5161290322,3.532258064516129,23.799999237060547,8850957.714285715,21537.9
2022-08-29,20297.994140625,97.01000213623048,296.29916129032256,2394.5625,3.12,108.83999633789062,2.33,0.99556,1736.5999755859375,4030.610107421875,1492.1612903225807,103.49753870967741,12017.669921875,117.33083870967741,268.05748387096776,579615.3548387097,3.509677419354839,26.209999084472656,8833333.857142856,21471.3
2022-09-05,19812.37109375,86.87749862670898,296.62873333333334,2374.25,3.2975000000000003,110.03999900817871,2.33,0.99207,1702.7500305175781,3912.2074584960938,1480.9333333333334,103.52081333333334,11566.397705078125,117.44406666666666,267.51973333333336,580187.3333333334,3.513333333333333,26.549999713897705,8823455.857142856,21540.0
2022-09-12,22370.44921875,87.77999877929688,296.99226666666664,2336.0,3.37,108.33000183105467,2.33,1.00913,1728.0999755859375,4110.41015625,1468.5666666666666,103.50018666666666,12266.41015625,117.57193333333333,266.8577666666667,581484.6666666666,3.5366666666666666,23.8700008392334,8829799.57142857,21536.3
2022-09-19,19544.12890625,85.7300033569336,297.3558,2330.0,3.49,109.73999786376952,2.33,1.00141,1666.199951171875,3899.889892578125,1456.2,103.47955999999999,11535.01953125,117.6998,266.1958,582782.0,3.56,25.76000022888184,8821361.142857144,21479.9
2022-09-26,19222.671875,76.70999908447266,297.71933333333334,2351.5,3.88,114.0999984741211,3.08,0.96739,1623.300048828125,3655.0400390625,1443.8333333333333,103.45893333333333,10802.919921875,117.82766666666666,265.5338333333333,584079.3333333334,3.5833333333333335,32.2599983215332,8801634.142857144,21357.5
2022-10-03,19623.580078125,83.62999725341797,298.0260322580645,2287.5,3.67,111.75,3.08,0.97954,1692.9000244140625,3678.429931640625,1434.2903225806451,103.42236774193547,10815.4296875,117.93867741935483,264.93816129032257,584447.9354838709,3.6,30.100000381469727,8769485.57142857,21429.5
2022-10-10,19141.484375,91.12999725341795,298.1906451612903,2463.5,3.92,113.13999938964844,3.08,0.97382,1667.300048828125,3612.389892578125,1431.8064516129032,103.34595483870967,10542.099609375,118.00754838709678,264.5082258064516,582494.7096774194,3.6,32.45000076293945,8758993.0,21398.7
2022-10-17,19550.7578125,85.45999908447266,298.35525806451614,2303.0,4.02,112.04000091552734,3.08,0.97223,1657.0,3677.949951171875,1429.3225806451612,103.26954193548387,10675.7998046875,118.0764193548387,264.07829032258064,580541.4838709678,3.6,31.3700008392334,8748221.142857144,21431.1
2022-10-24,19345.572265625,84.58000183105469,298.51987096774195,2298.0,4.25,111.98999786376952,3.08,0.98832,1648.699951171875,3797.340087890625,1426.8387096774193,103.19312903225807,10952.6103515625,118.14529032258065,263.6483548387097,578588.2580645161,3.6,29.850000381469727,8729042.0,21290.1
2022-10-31,20495.7734375,86.52999877929688,298.68448387096777,2268.5,4.1,111.52999877929688,3.08,0.99567,1635.9000244140625,3871.97998046875,1424.3548387096773,103.11671612903226,10988.150390625,118.21416129032258,263.2184193548387,576635.0322580645,3.6,25.8799991607666,8690075.714285715,21342.0
2022-11-07,20602.81640625,91.79000091552734,298.728,2409.0,4.22,110.12000274658205,3.83,0.99055,1676.5,3806.800048828125,1400.8,102.84996,10564.51953125,118.256,262.10499999999996,574908.6,3.58,24.350000381469727,8678310.0,21378.1
2022-11-14,16618.19921875,85.87000274658203,298.7513333333333,2320.75,3.88,106.66000366210938,3.83,1.03382,1773.5999755859375,3957.25,1373.7333333333333,102.55148,11196.2197265625,118.29333333333334,260.87766666666664,573219.9666666667,3.5566666666666666,23.729999542236328,8640838.857142856,21377.3
2022-11-21,15787.2841796875,79.7300033569336,298.7746666666667,2202.0,3.83,107.83999633789062,3.83,1.0323,1737.4000244140625,3949.93994140625,1346.6666666666667,102.253,11024.509765625,118.33066666666667,259.6503333333333,571531.3333333334,3.533333333333333,22.36000061035156,8622598.57142857,21381.8
2022-11-28,16217.322265625,77.23999786376953,298.798,2157.0,3.69,106.68000030517578,3.83,1.03706,1740.0999755859375,3963.93994140625,1319.6,101.95452,11049.5,118.368,258.423,569842.7,3.51,22.209999084472656,8595094.285714285,21341.7
2022-12-05,16974.826171875,76.93000030517578,299.0206451612903,2151.0,3.6,105.29000091552734,3.83,1.053,1767.4000244140625,3998.840087890625,1314.8387096774193,101.94543870967742,11239.9404296875,118.4658064516129,258.1976451612903,572066.7419354839,3.5,20.75,8583261.0,21409.0
2022-12-12,17206.4375,73.16999816894531,299.3927741935484,2107.5,3.61,105.12999725341795,3.83,1.05281,1780.5,3990.56005859375,1326.8064516129032,102.15340645161291,11143.740234375,118.60896774193549,258.72377419354837,577225.2903225806,3.5,25.0,8583219.285714285,21407.0
2022-12-19,16439.6796875,75.19000244140625,299.76490322580645,2136.5,3.57,104.72000122070312,4.33,1.0588,1787.699951171875,3817.659912109375,1338.774193548387,102.36137419354839,10546.0302734375,118.75212903225807,259.2499032258064,582383.8387096775,3.5,22.420000076293945,8569840.142857144,21420.0
2022-12-26,16919.8046875,79.5374984741211,300.13703225806455,2194.9,3.8175,104.21249961853027,4.33,1.061,1810.0750427246094,3833.1425170898438,1350.741935483871,102.56934193548388,10389.387939453125,118.89529032258065,259.7760322580645,587542.3870967742,3.5,21.45499992370606,8554952.42857143,21394.5
2023-01-02,16688.470703125,77.76250076293945,300.4889032258065,2183.6875,3.8125,104.2699966430664,4.33,1.07031,1834.699951171875,3827.9799194335938,1362.225806451613,102.7493,10406.85546875,119.02932258064516,260.17674193548385,591776.9354838709,3.503225806451613,22.592499732971195,8519926.142857144,21364.4
2023-01-09,17196.5546875,74.62999725341797,300.7192258064516,2127.25,3.53,103.0,4.33,1.06409,1872.699951171875,3892.090087890625,1370.8064516129032,102.7612,10635.650390625,119.1085806451613,259.82493548387095,590467.4838709678,3.5258064516129033,21.96999931335449,8508256.142857144,21417.2
2023-01-16,21169.6328125,80.10000038146973,300.9495483870968,2172.5,3.52,102.34249877929688,4.33,1.08333,1909.9999694824219,3993.0,1379.3870967741937,102.7731,11091.122802734375,119.18783870967742,259.47312903225804,589158.0322580645,3.5483870967741935,19.1075005531311,8494624.142857144,21327.8
2023-01-23,22934.431640625,81.62000274658203,301.1798709677419,2169.25,3.52,102.13999938964844,4.33,1.08672,1927.0999755859373,4019.81005859375,1387.967741935484,102.785,11364.41015625,119.26709677419355,259.12132258064514,587848.5806451613,3.570967741935484,19.809999465942383,8475837.57142857,21182.7
2023-01-30,22840.138671875,77.9000015258789,301.4101935483871,2119.0,3.55,102.27999877929688,4.33,1.08644,1922.9000244140625,4017.77001953125,1396.5483870967741,102.7969,11393.8095703125,119.34635483870967,258.76951612903224,586539.1290322581,3.5935483870967744,19.940000534057617,8444166.285714285,21091.7
2023-02-06,22760.109375,74.11000061035156,301.50582142857144,2049.25,3.63,103.62000274658205,4.58,1.07814,1866.199951171875,4111.080078125,1395.0714285714287,102.80279999999999,11887.4501953125,119.39917857142856,258.3820357142857,584851.9642857143,3.5821428571428573,19.43000030517578,8434866.42857143,21162.7
2023-02-13,21808.1015625,80.13999938964844,301.5475714285714,2056.0,3.72,103.3499984741211,4.58,1.06807,1851.9000244140625,4137.2900390625,1389.5714285714287,102.8063,11891.7900390625,119.44142857142857,257.9802857142857,583013.7142857143,3.5571428571428574,20.34000015258789,8399224.714285715,21097.8
2023-02-20,24829.1484375,76.20500183105469,301.5893214285714,2034.5,3.9175,104.10000038146973,4.58,1.06868,1834.8500061035156,4017.777587890625,1384.0714285714287,102.8098,11566.042236328125,119.48367857142857,257.5785357142857,581175.4642857143,3.532142857142857,22.157500743865967,8382926.285714285,21088.6
2023-02-27,23522.87109375,75.68000030517578,301.63107142857143,2005.25,3.92,104.66999816894533,4.57,1.05451,1817.0,3982.239990234375,1378.5714285714287,102.8133,11466.98046875,119.52592857142857,257.1767857142857,579337.2142857143,3.507142857142857,20.950000762939453,8351828.571428572,21086.0
2023-03-06,22429.7578125,80.45999908447266,301.83896774193545,2041.75,3.98,104.3499984741211,4.57,1.06237,1847.9000244140625,4048.419921875,1373.2903225806451,102.88039677419356,11675.740234375,119.6046129032258,257.0371612903226,579628.4516129033,3.4838709677419355,18.61000061035156,8341540.428571428,21134.5
2023-03-13,24197.533203125,74.80000305175781,302.11332258064516,1995.199951171875,3.55,103.5999984741211,4.58,1.06938,1911.699951171875,3855.760009765625,1368.0967741935483,102.97293225806452,11188.83984375,119.69787096774193,257.0023870967742,580771.4838709678,3.4612903225806453,26.520000457763672,8554438.0,21130.6
2023-03-20,27767.236328125,67.63999938964844,302.3876774193548,1899.199951171875,3.47,103.27999877929688,4.58,1.06832,1979.199951171875,3951.570068359375,1362.9032258064517,103.06546774193549,11675.5400390625,119.79112903225806,256.9676129032258,581914.5161290322,3.4387096774193546,24.149999618530277,8706790.714285715,20992.2
2023-03-27,27139.888671875,72.80999755859375,302.6620322580645,1927.0,3.53,102.86000061035156,4.83,1.07645,1952.4000244140625,3977.530029296875,1357.7096774193549,103.15800322580645,11768.83984375,119.88438709677419,256.9328387096774,583057.5483870967,3.4161290322580644,20.600000381469727,8713897.714285715,20865.5
2023-04-03,27790.220703125,80.41999816894531,302.8885333333333,1967.5,3.43,102.08999633789062,4.83,1.08418,1983.9000244140625,4124.509765625,1369.3333333333333,103.20788666666667,12189.4501953125,119.96426666666666,256.69213333333335,584034.8,3.413333333333333,18.549999237060547,8653400.57142857,20924.5
2023-04-10,29652.98046875,79.73999786376953,302.9954,1958.1800048828125,3.41,102.58000183105467,4.83,1.08995,1989.0999755859373,4109.10986328125,1423.0,103.15114000000001,12084.3603515625,120.0107,255.9366,584597.6,3.46,18.96999931335449,8619821.857142856,21020.8
2023-04-17,29445.044921875,80.83000183105469,303.10226666666665,2009.5,3.6,102.0999984741211,4.83,1.09926,1994.199951171875,4151.31982421875,1476.6666666666667,103.09439333333334,12157.7197265625,120.05713333333334,255.18106666666668,585160.4,3.506666666666667,16.950000762939453,8599415.57142857,20942.3
2023-04-24,27525.33984375,78.76000213623047,303.20913333333334,1968.0,3.52,101.3499984741211,4.83,1.09861,1989.0999755859373,4137.0400390625,1530.3333333333333,103.03764666666667,12037.2001953125,120.10356666666667,254.42553333333333,585723.2,3.5533333333333332,16.889999389648438,8571480.857142856,20660.0
2023-05-01,28091.568359375,75.66000366210938,303.316,1901.7000427246094,3.59,102.1500015258789,4.83,1.10178,1983.4000244140625,4167.8701171875,1584.0,102.9809,12212.599609375,120.15,253.67,586286.0,3.6,16.079999923706055,8520786.57142857,20621.9
2023-05-08,27694.2734375,73.16000366210938,303.49280645161286,1884.0,3.52,101.37000274658205,5.08,1.10209,2026.300048828125,4138.1201171875,1547.1935483870968,102.84541612903226,12256.919921875,120.22203225806452,253.71290322580646,586824.3225806452,3.6,16.979999542236328,8503296.142857144,20686.4
2023-05-15,27192.693359375,71.11000061035156,303.6696129032258,1854.699951171875,3.5,102.43000030517578,5.08,1.08528,2018.0,4136.27978515625,1510.3870967741937,102.70993225806451,12365.2099609375,120.29406451612903,253.7558064516129,587362.6451612903,3.6,17.1200008392334,8469976.285714285,20681.8
2023-05-22,26851.27734375,71.98999786376953,303.8464193548387,1855.199951171875,3.72,103.1999969482422,5.08,1.08061,1974.800048828125,4192.6298828125,1473.5806451612902,102.57444838709678,12720.7802734375,120.36609677419355,253.79870967741937,587900.9677419355,3.6,17.209999084472656,8442113.57142857,20662.7
2023-05-29,27745.884765625,70.26249885559082,304.0232258064516,1813.1499633789062,3.7175,104.17999839782716,5.08,1.0721,1954.5249938964844,4205.5025634765625,1436.774193548387,102.43896451612903,13006.994873046875,120.43812903225806,253.8416129032258,588439.2903225806,3.6,17.582499504089355,8400254.285714285,20721.3
2023-06-05,25760.09765625,72.1500015258789,304.1678,1831.5999755859373,3.69,104.0,5.08,1.07059,1958.0,4273.7900390625,1426.2,102.47307333333333,13229.4296875,120.4874,253.85666666666668,588748.2666666667,3.586666666666667,14.729999542236328,8388333.285714285,20823.8
2023-06-12,25902.5,67.12000274658203,304.2882,1782.5,3.73,103.62999725341795,5.08,1.07447,1955.300048828125,4338.93017578125,1435.3,102.63437666666667,13461.919921875,120.5196,253.85083333333336,588885.2333333333,3.5633333333333335,15.010000228881836,8388609.285714285,20750.3
2023-06-19,26851.029296875,70.81999969482422,304.4086,1821.0999755859373,3.7475,102.48000144958496,5.0725,1.09385,1941.2250061035156,4393.929931640625,1444.4,102.79567999999999,13672.860107421875,120.5518,253.845,589022.2,3.54,13.795000076293945,8369563.714285715,20718.4
2023-06-26,30271.130859375,69.37000274658203,304.529,1778.5,3.72,102.69000244140624,5.07,1.08998,1923.699951171875,4328.81982421875,1453.5,102.95698333333333,13335.7802734375,120.584,253.83916666666667,589159.1666666666,3.5166666666666666,14.25,8346955.714285715,20646.6
2023-07-03,31156.439453125,69.79000091552734,304.71325806451614,1782.800048828125,3.86,102.98999786376952,5.08,1.09076,1921.699951171875,4455.58984375,1450.774193548387,103.07367741935484,13816.76953125,120.63041935483871,254.08306451612904,589639.8387096775,3.5129032258064514,13.56999969482422,8310484.0,20744.8
2023-07-10,30414.470703125,72.98999786376953,305.0571612903226,1784.4000244140625,4.01,101.97000122070312,5.07,1.09648,1925.0,4409.52978515625,1418.483870967742,103.07884838709677,13685.48046875,120.7123870967742,254.95129032258066,590979.7741935484,3.5580645161290323,15.06999969482422,8297319.857142857,20757.5
2023-07-17,30145.888671875,74.1500015258789,305.401064516129,1781.800048828125,3.81,99.83999633789062,5.08,1.12281,1952.4000244140625,4522.7900390625,1386.1935483870968,103.0840193548387,14244.9501953125,120.79435483870968,255.81951612903225,592319.7096774194,3.603225806451613,13.479999542236328,8280943.714285715,20747.1
2023-07-24,29176.916015625,78.73999786376953,305.74496774193545,1860.0,3.86,101.3499984741211,5.08,1.11312,1960.300048828125,4554.64013671875,1353.9032258064517,103.08919032258065,14058.8701171875,120.87632258064517,256.68774193548387,593659.6451612903,3.6483870967741936,13.90999984741211,8252260.571428572,20634.9
2023-07-31,29230.111328125,81.80000305175781,306.0888709677419,1906.0,3.97,101.86000061035156,5.33,1.1018,1970.5,4588.9599609375,1321.6129032258063,103.09436129032258,14346.01953125,120.95829032258064,257.5559677419355,594999.5806451613,3.6935483870967745,13.630000114440918,8217215.428571428,20676.9
2023-08-07,29180.578125,81.94000244140625,306.3772258064516,1887.0,4.09,102.0500030517578,5.33,1.10105,1933.5,4518.43994140625,1327.4516129032259,103.13632580645161,13994.400390625,121.05690322580645,257.9227096774194,595919.7096774194,3.7193548387096773,15.770000457763672,8207819.0,20731.6
2023-08-14,29408.443359375,82.51000213623047,306.65632258064517,1874.300048828125,4.19,103.19000244140624,5.33,1.09475,1910.5999755859373,4489.72021484375,1339.6451612903227,103.18442258064516,13788.330078125,121.15829032258064,258.20587096774193,596769.8709677419,3.741935483870968,14.81999969482422,8163588.142857143,20711.3
2023-08-21,26124.140625,80.72000122070312,306.9354193548387,1858.699951171875,4.34,103.33000183105467,5.33,1.08742,1893.300048828125,4399.77001953125,1351.8387096774193,103.23251935483871,13497.58984375,121.25967741935483,258.4890322580645,597620.0322580645,3.764516129032258,17.1299991607666,8140969.142857143,20650.8
2023-08-28,26106.150390625,80.0999984741211,307.2145161290323,1913.9250183105469,4.2,104.05999755859376,5.33,1.07957,1917.9000244140625,4433.31005859375,1364.032258064516,103.28061612903225,13705.1298828125,121.36106451612903,258.7721935483871,598470.1935483871,3.7870967741935484,15.079999923706056,8126387.428571428,20622.6
2023-09-04,25812.416015625,86.40500259399414,307.4019,1901.0999755859373,4.2475,104.6674976348877,5.33,1.07739,1929.5999755859375,4501.5650634765625,1370.7,103.2351,14023.6650390625,121.4255,258.5598,598612.1,3.8099999999999996,13.78000020980835,8107031.714285715,20706.5
2023-09-11,25162.654296875,87.29000091552734,307.46700000000004,1901.0999755859373,4.29,104.56999969482422,5.33,1.07147,1923.300048828125,4487.4599609375,1370.0,103.06476666666667,13917.8896484375,121.44066666666666,257.68666666666667,597809.6666666666,3.833333333333333,13.800000190734863,8099504.428571428,20704.1
2023-09-18,26754.28125,91.4800033569336,307.5321,1987.699951171875,4.32,105.1999969482422,5.33,1.06626,1931.5,4453.52978515625,1369.3,102.89443333333334,13710.240234375,121.45583333333333,256.81353333333334,597007.2333333333,3.8566666666666665,14.0,8045429.714285715,20673.5
2023-09-25,26298.48046875,89.68000030517578,307.59720000000004,1996.699951171875,4.55,106.0,5.33,1.06445,1916.5999755859373,4337.43994140625,1368.6,102.7241,13271.3203125,121.47099999999999,255.9404,596204.8,3.88,16.899999618530273,8008357.142857143,20568.3
2023-10-02,27530.78515625,88.81999969482422,307.66700000000003,1980.800048828125,4.69,106.9000015258789,5.33,1.05676,1830.0,4288.39013671875,1372.7096774193549,102.58805806451613,13307.76953125,121.48429032258063,255.11664516129034,595454.0967741936,3.893548387096774,17.610000610351562,7969005.428571428,20664.7
2023-10-09,27583.677734375,86.37999725341797,307.765,1960.9000244140625,4.69,106.08000183105467,5.33,1.05545,1849.5,4335.66015625,1405.6774193548388,102.65776451612903,13484.240234375,121.48632258064515,254.58916129032258,595013.7741935484,3.8483870967741933,17.700000762939453,7953119.142857143,20664.0
2023-10-16,28519.466796875,86.66000366210938,307.863,1975.300048828125,4.71,106.23999786376952,5.33,1.05209,1921.0999755859373,4373.6298828125,1438.6451612903227,102.72747096774194,13567.98046875,121.48835483870967,254.06167741935485,594573.4516129033,3.803225806451613,17.209999084472656,7938559.714285715,20715.2
2023-10-23,33086.234375,85.48999786376953,307.961,1969.800048828125,4.86,105.54000091552734,5.33,1.05928,1976.300048828125,4217.0400390625,1471.6129032258063,102.79717741935484,13018.330078125,121.49038709677419,253.5341935483871,594133.1290322581,3.7580645161290325,20.3700008392334,7915067.714285715,20555.0
2023-10-30,34502.36328125,82.30999755859375,308.05899999999997,1982.199951171875,4.88,106.12000274658205,5.33,1.05653,1996.199951171875,4166.81982421875,1504.5806451612902,102.86688387096774,12789.48046875,121.4924193548387,253.00670967741934,593692.8064516129,3.7129032258064516,19.75,7878425.714285715,20551.6
2023-11-06,35037.37109375,80.81999969482422,308.195,1944.300048828125,4.67,105.22000122070312,5.33,1.07243,1981.5999755859373,4365.97998046875,1515.1666666666667,102.84415,13518.7802734375,121.52083333333333,252.35766666666666,593681.8333333334,3.716666666666667,14.890000343322754,7862397.571428572,20666.6
2023-11-13,36502.35546875,78.26000213623047,308.3462,1891.9000244140625,4.63,105.66000366210938,5.33,1.06826,1945.5,4411.5498046875,1516.8,102.78443999999999,13767.740234375,121.5598,251.66,593842.6,3.74,14.760000228881836,7828048.142857143,20668.4
2023-11-20,37476.95703125,77.5999984741211,308.4974,1878.800048828125,4.42,103.47000122070312,5.33,1.09095,1977.699951171875,4547.3798828125,1518.4333333333334,102.72473,14284.5302734375,121.59876666666666,250.96233333333333,594003.3666666667,3.763333333333333,13.40999984741211,7812007.428571428,20719.6
2023-11-27,37254.16796875,74.86000061035156,308.6486,1838.800048828125,4.39,103.1999969482422,5.33,1.09426,2011.800048828125,4550.43017578125,1520.0666666666666,102.66502,14241.01953125,121.63773333333333,250.26466666666667,594164.1333333333,3.7866666666666666,12.6899995803833,7800336.142857143,20710.1
2023-12-04,41980.09765625,73.04000091552734,308.83748387096773,1810.4000244140625,4.28,103.63999938964844,5.33,1.08765,2024.0999755859373,4569.77978515625,1507.4516129032259,102.5198129032258,14185.490234375,121.71516129032258,250.00535483870968,593741.9354838709,3.790322580645161,13.079999923706056,7754173.571428572,20809.8
2023-12-11,41243.83203125,71.31999969482422,309.0766129032258,1754.5999755859375,4.23,104.0999984741211,5.33,1.0759,1978.0,4622.43994140625,1475.8387096774193,102.26060967741935,14432.490234375,121.84387096774194,250.33051612903228,592542.4516129033,3.767741935483871,12.630000114440918,7738942.857142857,20807.9
2023-12-18,42623.5390625,72.47000122070312,309.31574193548386,1826.5,3.95,102.51000213623048,5.33,1.0897,2026.300048828125,4740.56005859375,1444.225806451613,102.00140645161291,14904.8095703125,121.97258064516129,250.65567741935484,591342.9677419355,3.7451612903225806,12.5600004196167,7728492.428571428,20880.8
2023-12-25,43613.140625,75.0674991607666,309.5548709677419,1843.060009765625,3.8925,101.52750015258789,5.33,1.1016,2057.9249877929688,4769.719970703125,1412.6129032258063,101.74220322580645,15054.170166015625,122.10129032258065,250.98083870967744,590143.4838709678,3.7225806451612904,12.999999761581421,7716004.428571428,20907.0
2024-01-01,44167.33203125,70.6974983215332,309.794,1827.824981689453,3.9325,101.98249816894531,5.33,1.104,2063.89990234375,4749.580078125,1381.0,101.483,14827.292724609375,122.23,251.306,588944.0,3.7,13.012499809265137,7690097.428571428,20889.2
2024-01-08,46970.50390625,70.7699966430664,310.07129032258064,1784.9000244140625,4.01,102.20999908447266,5.33,1.09446,2026.5999755859373,4763.5400390625,1419.6129032258063,101.76383548387096,14843.76953125,122.31309677419355,252.12341935483872,589906.3870967742,3.7451612903225806,13.079999923706056,7685085.428571428,20917.7
2024-01-15,42511.96875,72.47000122070312,310.3485806451613,1794.800048828125,4.0425,103.1200008392334,5.33,1.0953,2031.1749877929688,4770.4425048828125,1458.225806451613,102.04467096774194,14951.4521484375,122.3961935483871,252.94083870967742,590868.7741935484,3.7903225806451615,13.555000066757202,7677446.428571428,20902.7
2024-01-22,39507.3671875,75.19000244140625,310.62587096774195,1763.5999755859375,4.11,103.33000183105467,5.33,1.08901,2019.800048828125,4850.43017578125,1496.8387096774193,102.3255064516129,15360.2900390625,122.47929032258065,253.75825806451613,591831.1612903225,3.835483870967742,13.1899995803833,7676233.142857143,20773.7
2024-01-29,43288.24609375,76.77999877929688,310.90316129032254,1826.300048828125,4.08,103.61000061035156,5.33,1.0843,2025.199951171875,4927.93017578125,1535.4516129032259,102.60634193548387,15628.0400390625,122.56238709677419,254.57567741935483,592793.5483870967,3.8806451612903223,13.600000381469728,7643582.857142857,20719.9
2024-02-05,42658.66796875,72.77999877929688,311.1716551724138,1785.199951171875,4.17,104.4499969482422,5.33,1.0785,2025.699951171875,4942.81005859375,1518.896551724138,102.69799655172413,15597.6796875,122.65868965517241,254.94931034482758,593587.1034482758,3.9,13.670000076293944,7630964.0,20848.9
2024-02-12,49958.22265625,76.91999816894531,311.43355172413794,1780.800048828125,4.17,104.16999816894533,5.33,1.07778,2018.199951171875,5021.83984375,1460.9655172413793,102.64776551724138,15942.5498046875,122.76489655172414,254.99010344827585,594254.0344827586,3.9,13.93000030517578,7633138.571428572,20770.1
2024-02-19,51779.14453125,78.4325008392334,311.6954482758621,1788.9000244140625,4.2775,104.13000106811522,5.33,1.07719,2023.5,4983.0247802734375,1403.0344827586207,102.59753448275862,15666.997802734375,122.87110344827586,255.03089655172414,594920.9655172414,3.9,15.124999999999998,7596594.714285715,20781.6
2024-02-26,54522.40234375,77.58000183105469,311.9573448275862,1784.0,4.28,103.83000183105467,5.33,1.08319,2028.5,5069.52978515625,1345.103448275862,102.54730344827587,15976.25,122.97731034482759,255.0716896551724,595587.8965517242,3.9,13.739999771118164,7571771.571428572,20770.4
2024-03-04,68330.4140625,78.73999786376953,312.1949677419355,1837.800048828125,4.22,103.83000183105467,5.33,1.0838,2117.699951171875,5130.9501953125,1319.0645161290322,102.50294193548388,16207.509765625,123.06732258064515,255.2772258064516,595940.6451612903,3.9,13.489999771118164,7547128.428571428,20936.3
2024-03-11,72123.90625,77.93000030517578,312.40022580645166,1835.5,4.1,102.87000274658205,5.33,1.09393,2182.5,5117.93994140625,1335.5483870967741,102.46640645161291,16019.26953125,123.13574193548386,255.70241935483872,595874.4838709678,3.9,15.220000267028809,7541079.857142857,20986.4
2024-03-18,67548.59375,82.72000122070312,312.60548387096776,1873.5999755859373,4.34,103.58000183105467,5.33,1.08878,2160.699951171875,5149.419921875,1352.032258064516,102.42987096774195,16103.4501953125,123.20416129032257,256.12761290322584,595808.3225806452,3.9,14.329999923706056,7522239.714285715,21065.7
2024-03-25,69958.8125,81.94999694824219,312.8107419354839,1865.5,4.25,104.2300033569336,5.33,1.08074,2174.800048828125,5218.18994140625,1368.516129032258,102.39333548387097,16384.470703125,123.27258064516128,256.5528064516129,595742.1612903225,3.9,13.1899995803833,7493198.714285715,21021.1
2024-04-01,69702.1484375,83.70999908447266,313.016,1906.7800048828126,4.33,105.0199966430664,5.33,1.0791,2236.5,5243.77001953125,1385.0,102.3568,16396.830078125,123.341,256.978,595676.0,3.9,13.649999618530272,7452466.857142857,21194.4
2024-04-08,71631.359375,86.43000030517578,313.04493333333335,1971.0,4.42,104.13999938964844,5.33,1.08371,2331.699951171875,5202.39013671875,1368.9,102.50214333333334,16253.9599609375,123.34263333333332,256.5895,596771.7333333333,3.9233333333333333,15.1899995803833,7438570.857142857,21180.2
2024-04-15,63426.2109375,85.41000366210938,313.0738666666667,2012.5,4.63,106.20999908447266,5.33,1.06337,2365.800048828125,5061.81982421875,1352.8,102.64748666666667,15885.01953125,123.34426666666667,256.201,597867.4666666667,3.9466666666666668,19.229999542236328,7414840.285714285,21182.5
2024-04-22,66837.6796875,82.8499984741211,313.1028,2042.25,4.62,106.08000183105467,5.33,1.06556,2332.199951171875,5010.60009765625,1336.7,102.79283,15451.3095703125,123.3459,255.8125,598963.2,3.9699999999999998,16.940000534057617,7403311.714285715,20917.8
2024-04-29,63841.12109375,82.62999725341797,313.13173333333333,2015.5,4.63,105.58000183105467,5.33,1.06946,2345.39990234375,5116.169921875,1320.6,102.93817333333332,15983.080078125,123.34753333333333,255.42399999999998,600058.9333333333,3.993333333333333,14.670000076293944,7373891.142857143,20835.3
2024-05-06,63161.94921875,78.4800033569336,313.13854838709676,1997.2875061035156,4.49,105.0500030517578,5.33,1.0763,2321.60009765625,5180.740234375,1317.774193548387,103.02384516129031,16349.25,123.3788064516129,255.40993548387095,600308.6129032258,4.016129032258064,13.489999771118164,7355998.285714285,20922.0
2024-05-13,62901.44921875,79.12000274658203,313.13651612903226,2021.5,4.48,105.22000122070312,5.33,1.07706,2336.10009765625,5221.419921875,1320.258064516129,103.08564838709677,16388.240234375,123.42193548387097,255.5456451612903,600219.8709677419,4.038709677419354,13.600000381469728,7318310.857142857,20875.6
2024-05-20,71448.1953125,79.80000305175781,313.1344838709677,2126.5,4.44,104.56999969482422,5.33,1.08688,2433.89990234375,5308.1298828125,1322.741935483871,103.14745161290323,16794.869140625,123.46506451612903,255.68135483870967,600131.1290322581,4.061290322580645,12.149999618530272,7300910.571428572,20904.9
2024-05-27,69394.5546875,79.3025016784668,313.1324516129032,2080.875,4.52,104.63750076293945,5.33,1.08444,2349.5249633789062,5305.7100830078125,1325.225806451613,103.20925483870968,16995.10791015625,123.5081935483871,255.81706451612902,600042.3870967742,4.083870967741936,12.672500133514403,7288675.285714285,20853.2
2024-06-03,68804.78125,74.22000122070312,313.15999999999997,1992.5,4.41,104.13999938964844,5.33,1.08462,2346.60009765625,5283.39990234375,1322.8666666666666,103.20445333333333,16828.669921875,123.55213333333333,256.0078,600368.0,4.1066666666666665,13.109999656677246,7263867.571428572,21002.6
2024-06-10,69512.28125,77.73999786376953,313.26149999999996,2004.0,4.47,105.1500015258789,5.33,1.07713,2307.699951171875,5360.7900390625,1308.4,103.03314,17192.529296875,123.5981,256.3361,601729.5,4.13,12.739999771118164,7258034.857142857,21036.5
2024-06-17,66490.296875,80.33000183105469,313.363,1987.4000244140625,4.28,105.31999969482422,5.33,1.07045,2312.39990234375,5473.22998046875,1293.9333333333334,102.86182666666666,17857.01953125,123.64406666666667,256.6644,603091.0,4.153333333333333,12.75,7254379.714285715,21054.0
2024-06-24,60277.4140625,81.62999725341797,313.4645,2016.75,4.25,105.47000122070312,5.33,1.06906,2330.0,5447.8701171875,1279.4666666666667,102.69051333333333,17496.8203125,123.69003333333333,256.9927,604452.5,4.176666666666667,13.329999923706056,7237271.285714285,20959.9
2024-07-01,62851.98046875,83.37999725341797,313.566,2001.5,4.48,105.9000015258789,5.33,1.0738,2327.60009765625,5475.08984375,1265.0,102.5192,17879.30078125,123.736,257.321,605814.0,4.2,12.220000267028809,7224275.142857143,20998.6
2024-07-08,56705.09765625,82.33000183105469,313.69358064516126,1992.699951171875,4.28,105.01000213623048,5.33,1.08178,2355.199951171875,5572.85009765625,1293.4516129032259,102.6321935483871,18403.740234375,123.77054838709678,256.90145161290326,605340.9354838709,4.2,12.369999885559082,7223347.857142857,21069.3
2024-07-15,64870.15234375,81.91000366210938,313.82116129032255,1937.0,4.23,104.19000244140624,5.33,1.08882,2422.89990234375,5631.22021484375,1321.9032258064517,102.74518709677419,18472.5703125,123.80509677419354,256.4819032258065,604867.8709677419,4.2,13.119999885559082,7212770.428571428,21056.3
2024-07-22,67585.25,79.77999877929688,313.94874193548384,1860.199951171875,4.26,104.30999755859376,5.33,1.08844,2392.0,5564.41015625,1350.3548387096773,102.85818064516128,18007.5703125,123.83964516129032,256.06235483870967,604394.8064516129,4.2,14.90999984741211,7206252.714285715,20991.1
2024-07-29,66819.9140625,75.80999755859375,314.0763225806451,1816.699951171875,4.17,104.55999755859376,5.33,1.08557,2377.300048828125,5463.5400390625,1378.8064516129032,102.97117419354838,17370.19921875,123.8741935483871,255.6428064516129,603921.7419354839,4.2,16.600000381469727,7186123.571428572,20964.8
2024-08-05,53991.45703125,72.94000244140625,314.22390322580645,1797.5999755859375,3.78,102.69000244140624,5.33,1.09195,2401.699951171875,5186.330078125,1386.6129032258063,102.96486451612903,16200.080078125,123.92448387096773,255.10416129032257,604361.8387096775,4.187096774193549,38.56999969482422,7176151.714285715,21132.1
2024-08-12,59354.515625,80.05999755859375,314.3864838709677,1873.199951171875,3.9,103.13999938964844,5.33,1.09183,2462.39990234375,5344.39013671875,1378.9354838709678,102.86907741935484,16780.609375,123.98658064516128,254.4761935483871,605486.8064516129,4.164516129032258,20.709999084472656,7176993.142857143,21110.5
2024-08-19,59493.453125,74.37000274658203,314.549064516129,1872.800048828125,3.86,101.88999938964844,5.33,1.10247,2501.800048828125,5608.25,1371.258064516129,102.77329032258065,17876.76953125,124.04867741935483,253.8482258064516,606611.7741935484,4.141935483870967,14.649999618530272,7150733.714285715,21125.1
2024-08-26,62880.66015625,77.41999816894531,314.71164516129033,1850.324951171875,3.82,100.8499984741211,5.33,1.11903,2517.699951171875,5616.83984375,1363.5806451612902,102.67750322580645,17725.76953125,124.1107741935484,253.22025806451612,607736.7419354839,4.119354838709677,16.149999618530273,7128013.428571428,21070.6
2024-09-02,59112.48046875,71.14249801635742,314.8747666666667,1818.5,3.8575,101.79750061035156,5.33,1.10464,2490.8749389648438,5558.797607421875,1356.8333333333333,102.58268,17280.63037109375,124.175,252.69529999999997,608829.9666666667,4.1,19.289999485015866,7115615.857142857,21171.5
2024-09-09,57019.53515625,68.70999908447266,315.04113333333333,1768.5999755859375,3.7,101.5500030517578,5.33,1.10826,2501.800048828125,5471.0498046875,1355.6666666666667,102.49364,16884.599609375,124.252,252.7884,609732.7333333333,4.1,19.450000762939453,7114305.571428572,21260.8
2024-09-16,58192.5078125,70.08999633789062,315.2075,1833.199951171875,3.63,100.76000213623048,5.33,1.10745,2580.39990234375,5633.08984375,1354.5,102.4046,17592.130859375,124.32900000000001,252.8815,610635.5,4.1,17.139999389648438,7110812.428571428,21236.5
2024-09-23,63329.80078125,70.37000274658203,315.3738666666667,1841.5,3.75,100.91999816894533,4.83,1.11612,2626.5,5718.56982421875,1353.3333333333333,102.31556,17974.26953125,124.406,252.97459999999998,611538.2666666667,4.1,15.890000343322754,7088367.0,21134.6
2024-09-30,63329.5,68.16999816894531,315.54023333333333,1871.4000244140625,3.81,100.77999877929688,4.83,1.11583,2636.10009765625,5762.47998046875,1352.1666666666667,102.22652000000001,18189.169921875,124.483,253.0677,612441.0333333333,4.1,16.729999542236328,7056391.857142857,21181.8
2024-10-07,62236.66015625,77.13999938964844,315.7352903225807,1973.0,4.03,102.54000091552734,4.83,1.09682,2644.800048828125,5695.93994140625,1340.967741935484,102.1628,17923.900390625,124.52167741935484,253.10616129032258,613395.0967741936,4.119354838709677,22.63999938964844,7046864.285714285,21270.6
2024-10-14,66046.125,73.83000183105469,315.9351290322581,1920.9000244140625,4.0425,103.3000030517578,4.83,1.09312,2647.800048828125,5859.85009765625,1328.0967741935483,102.1033,18502.689453125,124.55396774193548,253.13551612903225,614357.7096774194,4.141935483870967,19.700000762939453,7041442.857142857,21242.7
2024-10-21,67367.8515625,70.55999755859375,316.1349677419355,1909.5,4.19,104.01000213623048,4.83,1.0866,2723.10009765625,5853.97998046875,1315.225806451613,102.0438,18540.009765625,124.58625806451613,253.16487096774193,615320.3225806452,4.164516129032258,18.3700008392334,7032229.714285715,21239.9
2024-10-28,69907.7578125,67.37999725341797,316.3348064516129,1916.9000244140625,4.28,104.31999969482422,4.83,1.07935,2742.89990234375,5823.52001953125,1302.3548387096773,101.9843,18567.189453125,124.61854838709678,253.1942258064516,616282.9354838709,4.187096774193549,19.799999237060547,7018038.0,21208.8
2024-11-04,67811.5078125,71.47000122070312,316.56440000000003,1913.4000244140625,4.31,103.88999938964844,4.83,1.0879,2736.10009765625,5712.68994140625,1316.9,102.05974,18179.98046875,124.6712,253.2322,617389.3,4.19,21.979999542236328,6999782.142857143,21381.7
2024-11-11,88701.484375,68.04000091552734,316.83366666666666,1876.300048828125,4.3975,105.54000091552734,4.58,1.0707,2611.199951171875,6001.35009765625,1368.0,102.3151,19298.759765625,124.751,253.28166666666667,618687.3333333334,4.166666666666667,14.970000267028809,6974876.857142857,21420.7
2024-11-18,90542.640625,69.16000366210938,317.10293333333334,1916.199951171875,4.42,106.27999877929688,4.58,1.05294,2610.60009765625,5893.6201171875,1419.1,102.57046,18791.810546875,124.8308,253.33113333333333,619985.3666666667,4.1433333333333335,15.579999923706056,6936124.428571428,21463.6
2024-11-25,93102.296875,68.94000244140625,317.3722,1955.800048828125,4.27,106.81999969482422,4.58,1.04829,2616.800048828125,5987.3701171875,1470.2,102.82582000000001,19054.83984375,124.9106,253.38060000000002,621283.4,4.12,14.600000381469728,6910451.714285715,21390.5
2024-12-02,95865.3046875,68.0999984741211,317.65083870967743,1913.199951171875,4.19,106.4499969482422,4.58,1.05695,2634.89990234375,6047.14990234375,1508.967741935484,103.03940322580645,19403.94921875,124.99312903225807,253.55,622188.8064516129,4.096774193548387,13.34000015258789,6898487.857142857,21517.2
2024-12-09,97432.71875,68.37000274658203,317.9857096774194,1913.4000244140625,4.2,106.1500015258789,4.58,1.05574,2664.89990234375,6052.85009765625,1473.741935483871,103.00232580645162,19736.689453125,125.09203225806452,254.439,620738.4516129033,4.074193548387097,14.1899995803833,6897011.285714285,21558.4
2024-12-16,106029.71875,70.70999908447266,318.32058064516133,1918.0,4.39,106.86000061035156,4.58,1.04865,2651.39990234375,6074.080078125,1438.516129032258,102.96524838709678,20173.890625,125.19093548387097,255.328,619288.0967741936,4.051612903225807,14.6899995803833,6891661.428571428,21595.5
2024-12-23,94686.2421875,69.23999786376953,318.6554516129032,1928.800048828125,4.59,108.04000091552734,4.33,1.04304,2612.300048828125,5974.06982421875,1403.2903225806451,102.92817096774193,19764.880859375,125.28983870967743,256.217,617837.7419354839,4.029032258064516,16.780000686645508,6886925.571428572,21627.5
2024-12-30,92643.2109375,70.98999786376953,318.99032258064517,1980.5,4.55,108.12999725341795,4.33,1.04275,2606.10009765625,5906.93994140625,1368.0645161290322,102.89109354838709,19486.7890625,125.38874193548388,257.106,616387.3870967742,4.006451612903226,17.399999618530273,6862054.428571428,21639.6
2025-01-06,102078.0859375,73.55999755859375,319.1971290322581,1982.300048828125,4.62,108.26000213623048,4.33,1.0302,2638.39990234375,5975.3798828125,1379.2903225806451,103.04017741935483,19864.98046875,125.49829032258064,257.7048387096774,616092.5161290322,4.016129032258064,16.040000915527344,6853250.285714285,21649.6
2025-01-13,94516.5234375,78.81999969482422,319.35270967741934,2116.5,4.79,109.95999908447266,4.33,1.02402,2673.5,5836.22021484375,1409.0967741935483,103.26372580645162,19088.099609375,125.61209677419355,258.1876129032258,616259.8387096775,4.038709677419354,19.190000534057617,6839636.857142857,21659.2
2025-01-20,102016.6640625,76.38749885559082,319.50829032258065,2106.0,4.58,108.3824977874756,4.33,1.02831,2752.3250122070312,6036.09521484375,1438.9032258064517,103.48727419354839,19725.13427734375,125.72590322580646,258.6703870967742,616427.1612903225,4.061290322580645,15.287500381469727,6832420.0,21575.4
2025-01-27,102087.6875,73.16999816894531,319.6638709677419,2018.5,4.53,107.33999633789062,4.33,1.0479,2737.5,6012.27978515625,1468.7096774193549,103.71082258064517,19341.830078125,125.83970967741936,259.1531612903226,616594.4838709678,4.083870967741936,17.899999618530273,6822064.285714285,21471.7
2025-02-03,101405.421875,73.16000366210938,319.7635714285714,2057.5,4.54,108.98999786376952,4.33,1.0232,2833.89990234375,5994.56982421875,1480.357142857143,103.84695,19391.9609375,125.92242857142858,259.4285,617314.5,4.107142857142857,18.6200008392334,6813006.714285715,21498.5
2025-02-10,97437.5546875,72.31999969482422,319.7235714285714,2093.0,4.51,108.31999969482422,4.33,1.02886,2914.300048828125,6066.43994140625,1446.607142857143,103.764525,19714.26953125,125.92742857142858,259.18525,619416.25,4.132142857142857,15.8100004196167,6812776.428571428,21494.8
2025-02-17,95773.3828125,71.5724983215332,319.68357142857144,2054.25,4.529999999999999,106.9300022125244,4.33,1.04858,2919.60009765625,6125.842529296875,1412.857142857143,103.6821,20037.63720703125,125.93242857142857,258.942,621518.0,4.1571428571428575,15.205000400543215,6791240.857142857,21520.6
2025-02-24,91418.171875,70.69999694824219,319.6435714285714,2068.75,4.4,106.5999984741211,4.33,1.04768,2947.89990234375,5983.25,1379.107142857143,103.599675,19286.9296875,125.93742857142857,258.69874999999996,623619.75,4.182142857142857,18.979999542236328,6770738.428571428,21517.8
2025-03-03,86065.671875,68.37000274658203,319.6605483870968,2043.25,4.16,106.75,4.33,1.04027,2890.199951171875,5849.72021484375,1357.774193548387,103.54606451612904,18350.189453125,125.95448387096775,258.51641935483866,625017.7741935484,4.2,22.780000686645508,6759431.714285715,21642.3
2025-03-10,78532.0,66.02999877929688,319.8199677419355,2043.5,4.22,103.91000366210938,4.33,1.08392,2891.0,5614.56005859375,1367.483870967742,103.56449032258065,17468.3203125,126.00167741935485,258.4863870967742,624656.4838709678,4.2,27.86000061035156,6758769.0,21746.8
2025-03-17,84075.6875,67.58000183105469,319.9793870967742,2042.0,4.31,103.37000274658205,4.33,1.088,3000.0,5675.1201171875,1377.1935483870968,103.58291612903226,17808.66015625,126.04887096774193,258.4563548387097,624295.1935483871,4.2,20.51000022888184,6757007.428571428,21863.1
2025-03-24,87498.9140625,69.11000061035156,320.13880645161294,2046.5,4.34,104.26000213623048,4.33,1.08168,3013.10009765625,5767.56982421875,1386.9032258064517,103.60134193548387,18188.58984375,126.09606451612903,258.42632258064515,623933.9032258064,4.2,17.479999542236328,6744747.0,21824.9
2025-03-31,82548.9140625,71.4800033569336,320.2982258064516,2068.0,4.23,104.20999908447266,4.33,1.08144,3122.800048828125,5611.85009765625,1396.6129032258063,103.61976774193548,17299.2890625,126.14325806451613,258.3962903225806,623572.6129032258,4.2,22.280000686645508,6728252.285714285,21912.7
2025-04-07,79235.3359375,60.70000076293945,320.37280000000004,1883.0,4.15,103.26000213623048,4.33,1.09148,2951.300048828125,5062.25,1374.8,103.62931999999999,15603.259765625,126.196,258.442,622424.2,4.2,46.97999954223633,6726283.428571428,22022.7
2025-04-14,84542.390625,61.52999877929688,320.43323333333336,1865.800048828125,4.38,99.63999938964844,4.33,1.13177,3204.800048828125,5405.97021484375,1347.7333333333333,103.63739333333334,16831.48046875,126.24966666666667,258.50033333333334,621144.6,4.2,30.88999938964844,6727199.571428572,22055.6
2025-04-21,87518.90625,63.08000183105469,320.4936666666667,1856.6399902343749,4.42,98.27999877929688,4.33,1.14072,3406.199951171875,5158.2001953125,1320.6666666666667,103.64546666666666,15870.900390625,126.30333333333333,258.5586666666667,619865.0,4.2,33.81999969482422,6726982.285714285,21878.0
2025-04-28,94978.75,62.04999923706055,320.5541,1855.800048828125,4.23,99.01000213623048,4.33,1.13601,3332.5,5528.75,1293.6,103.65353999999999,17366.130859375,126.357,258.617,618585.4,4.2,25.149999618530277,6714320.714285715,21720.7
2025-05-05,94748.0546875,57.130001068115234,320.69870967741934,1860.9749755859375,4.36,99.83000183105467,4.33,1.1299,3311.300048828125,5650.3798828125,1294.9032258064517,103.72854838709677,17844.240234375,126.42683870967741,258.9062580645161,618825.2580645161,4.187096774193549,23.63999938964844,6710428.428571428,21774.6
2025-05-12,102812.953125,61.95000076293945,320.9064516129032,1908.0999755859373,4.45,101.79000091552734,4.33,1.12136,3220.0,5844.18994140625,1317.483870967742,103.85375806451613,18708.33984375,126.5088064516129,259.36870967741936,620204.7096774194,4.164516129032258,18.38999938964844,6712589.714285715,21767.7
2025-05-19,105606.1796875,62.68999862670898,321.1141935483871,1864.5999755859373,4.46,100.43000030517578,4.33,1.11737,3228.89990234375,5963.60009765625,1340.0645161290322,103.97896774193548,19215.4609375,126.59077419354838,259.8311612903226,621584.1612903225,4.141935483870967,18.13999938964844,6695738.571428572,21796.6
2025-05-26,109440.3671875,61.04999923706055,321.32193548387096,1868.6500244140625,4.449999999999999,98.93000030517578,4.33,1.13667,3315.22509765625,5891.8599853515625,1362.6451612903227,104.10417741935484,19083.6728515625,126.67274193548387,260.2936129032258,622963.6129032258,4.119354838709677,19.792499542236328,6677667.428571428,21739.8
2025-06-02,105881.53125,62.52000045776367,321.5210666666667,1883.5,4.46,98.6999969482422,4.33,1.13494,3370.60009765625,5935.93994140625,1383.5666666666666,104.19843,19242.609375,126.74986666666666,260.7524,624295.1333333333,4.103333333333333,18.36000061035156,6672987.571428572,21888.6
2025-06-09,110294.1015625,65.29000091552734,321.66853333333336,1931.5999755859373,4.49,98.94000244140624,4.33,1.1391,3332.10009765625,6005.8798828125,1394.5333333333333,104.10694,19591.240234375,126.79793333333333,261.1892,625339.0666666667,4.126666666666666,17.15999984741211,6675935.0,21949.2
2025-06-16,106796.7578125,71.7699966430664,321.81600000000003,1971.5,4.46,98.0,4.33,1.1535,3396.39990234375,6033.10986328125,1405.5,104.01545,19701.2109375,126.846,261.626,626383.0,4.15,19.11000061035156,6679941.428571428,21999.1
2025-06-23,105577.7734375,68.51000213623047,321.96346666666665,2037.0,4.34,98.41999816894533,4.33,1.1479,3377.699951171875,6025.169921875,1416.4666666666667,103.92396000000001,19630.970703125,126.89406666666666,262.0628,627426.9333333333,4.173333333333334,19.82999992370605,6667587.428571428,21915.7
2025-06-30,107135.3359375,65.11000061035156,322.1109333333333,1938.4000244140625,4.24,96.87999725341795,4.33,1.1711,3294.39990234375,6204.9501953125,1427.4333333333334,103.83247,20369.73046875,126.94213333333333,262.4996,628470.8666666667,4.196666666666667,16.729999542236328,6660341.428571428,22004.8
2025-07-07,108299.8515625,67.93000030517578,322.37045161290325,1970.5,4.4,97.4800033569336,4.33,1.177,3332.199951171875,6229.97998046875,1405.3870967741937,103.83892903225806,20412.51953125,127.01403225806452,262.5389677419355,629369.0322580645,4.219354838709678,17.790000915527344,6661250.857142857,22083.2
2025-07-14,119849.703125,66.9800033569336,322.6486451612903,2026.0,4.43,98.08000183105467,4.33,1.1673,3351.5,6268.56005859375,1377.8387096774193,103.86171290322581,20640.330078125,127.08990322580645,262.51209677419354,630242.9032258064,4.241935483870968,17.200000762939453,6660027.0,22049.0
2025-07-21,117439.5390625,67.19999694824219,322.9268387096774,2058.0,4.38,97.8499984741211,4.33,1.1618,3401.89990234375,6305.60009765625,1350.2903225806451,103.88449677419355,20974.1796875,127.16577419354839,262.4852258064516,631116.7741935484,4.264516129032258,16.649999618530273,6658160.142857143,22008.9
2025-07-28,117924.4765625,66.70999908447266,323.2050322580645,2037.25,4.42,98.66000366210938,4.33,1.1746,3309.10009765625,6389.77001953125,1322.741935483871,103.9072806451613,21178.580078125,127.24164516129032,262.4583548387097,631990.6451612903,4.287096774193548,15.029999732971191,6646902.857142857,21957.9
2025-08-04,115071.8828125,66.29000091552734,323.364,2016.25,4.22,98.77999877929688,4.33,1.1577,3374.39990234375,6329.93994140625,1307.0,103.9203,21053.580078125,127.285,262.443,632490.0,4.3,17.520000457763672,6641338.714285715,22118.6
2025-08-11,118731.4453125,63.959999084472656,323.364,1993.199951171875,4.27,98.5199966430664,4.33,1.1637,3353.10009765625,6373.4501953125,1307.0,103.9203,21385.400390625,127.285,262.443,632490.0,4.3,16.25,6642823.0,22113.0
2025-08-18,116252.3125,63.41999816894531,323.364,1958.300048828125,4.34,98.16999816894533,4.33,1.1691,3331.699951171875,6449.14990234375,1307.0,103.9203,21629.76953125,127.285,262.443,632490.0,4.3,14.989999771118164,6625615.0,22159.3
2025-08-25,110124.3515625,64.80000305175781,323.364,1982.6750183105469,4.28,98.43000030517578,4.33,1.1715,3373.800048828125,6439.31982421875,1307.0,103.9203,21449.2890625,127.285,262.443,632490.0,4.3,14.789999961853027,6607678.571428572,22064.3
2025-09-01,108808.0703125,64.01000213623047,323.364,2005.0,4.23,97.7699966430664,4.33,1.1683,3473.699951171875,6460.259765625,1307.0,103.9203,21455.55078125,127.285,262.443,632490.0,4.3,15.359999656677246,6603384.0,22064.3
