Unnamed: 0,DGS10,WM2NS,close_CRBL.L,close_CLF,close_IXIC,INDPRO,UNRATE,1. open,2. high,3. low,4. close,close_FX_EURUSD_daily_volatility,returns,volatility,close_GCF,HOUST,PPIACO,WALCL,CPIAUCSL,close_GSPC,EFFR,close_VIX,RSXFS,close_DX-Y.NYB,PCEPI
2020-08-07,,,,,,95.9549,8.4,1.182134,1.186122,1.17554,1.181918,1.181918,0.0002832196431491,0.0053180531463603,,1396.0,194.3,,259.316,,,,473696.0,,104.87
2020-08-14,,,,,,95.9579,8.25,1.17729,1.182806,1.17454,1.178542,1.178542,0.0009149136684796,0.0047448767463298,,1415.25,194.60000000000002,,259.48625,,,,475947.5,,104.91675000000001
2020-08-21,,,,,,95.9609,8.1,1.187406,1.191018,1.18158,1.186474,1.186474,-0.0007486162995447,0.0041111278697578,,1434.5,194.9,,259.6565,,,,478199.0,,104.96350000000001
2020-08-28,0.702,18305.9,,,,95.9639,7.95,1.18166,1.187088,1.1781,1.183582,1.183582,0.0017787585703409,0.0044112502940124,,1453.75,195.2,6990418.0,259.82675,,0.088,,480450.5,92.94200134277344,105.01025
2020-09-04,0.682,18425.0,,,,95.9669,7.8,1.1892679999999998,1.19273,1.1834,1.18781,1.18781,-0.0010387779846126,0.0038668141524526,,1473.0,195.5,7017492.0,259.997,,0.09,,482702.0,92.55799865722656,105.057
2020-09-11,0.6875,18560.3,,,,96.16002499999999,7.575,1.18101,1.186044,1.178658,1.181102,1.181102,0.0001119871183585,0.0030354884937037,,1490.5,195.75,7010614.0,260.0775,,0.09,,482217.25,93.35250091552734,105.0805
2020-09-18,0.688,18644.0,,,,96.35315,7.35,1.1840540000000002,1.18788,1.18032,1.184168,1.184168,-0.0001046424151989,0.0024592797519787,,1508.0,196.0,7064475.0,260.158,,0.09,,481732.5,93.04600067138672,105.104
2020-09-25,0.674,18596.3,,,,96.54627500000001,7.125,1.172792,1.17471,1.16608,1.16863,1.16863,-0.0035530921198028,0.0030986653586671,,1525.5,196.25,7093161.0,260.2385,,0.09,,481247.75,94.1699996948242,105.1275
2020-10-02,0.6799999999999999,18533.7,,,,96.7394,6.9,1.169922,1.173962,1.1673,1.171646,1.171646,0.0014796592422134,0.0038668910756207,,1543.0,196.5,7056129.0,260.319,,0.09,,480763.0,93.91799926757812,105.151
2020-10-09,0.784,18677.4,,,,96.80784,6.86,1.17493,1.1800000000000002,1.172928,1.177176,1.177176,0.0018778495912877,0.0038037962761467,,1543.0,196.86,7074649.0,260.4374,,0.09,,480226.2,93.52799987792967,105.1724
2020-10-16,0.7424999999999999,18689.8,,,,96.87628,6.82,1.176494,1.178344,1.172208,1.174596,1.174596,-0.0018677111803308,0.0039590696660521,,1543.0,197.22,7151426.0,260.55580000000003,,0.09,,479689.4,93.50399932861328,105.1938
2020-10-23,0.828,18745.3,,,,96.94472,6.78,1.179696,1.1849440000000002,1.177492,1.182504,1.182504,0.0024369048323161,0.0037162469761442,,1543.0,197.58,7177265.0,260.6742,,0.09,,479152.6,92.96599884033203,105.2152
2020-10-30,0.8240000000000001,18683.2,,,,97.01316,6.74,1.177406,1.178992,1.1716799999999998,1.173242,1.173242,-0.0036188848260166,0.0035636375033796,,1543.0,197.94,7146306.0,260.7926,,0.09,,478615.8,93.4800018310547,105.2366
2020-11-06,0.834,18870.9,,,,97.0816,6.7,1.171004,1.1783519999999998,1.167156,1.174478,1.174478,0.0038629806963949,0.0048884469114655,,1543.0,198.3,7157479.0,260.911,,0.09,,478079.0,93.1540023803711,105.258
2020-11-13,0.9275,18951.0,,,,97.40195,6.7,1.181858,1.185134,1.1787,1.181774,1.181774,-0.0006140286786959,0.0061575428077544,,1560.75,198.85000000000002,7175417.0,261.1945,,0.09,,480046.5,92.8480010986328,105.36824999999999
2020-11-20,0.8699999999999999,19033.9,,,,97.72229999999999,6.7,1.18551,1.18855,1.18326,1.185844,1.185844,0.0003284943670697,0.0020030177750146,,1578.5,199.4,7243080.0,261.478,,0.086,,482014.0,92.3979995727539,105.4785
2020-11-27,0.865,19008.7,,,,98.04265,6.7,1.18818,1.192742,1.186054,1.190364,1.190364,0.0018113647910338,0.0021060240289336,,1596.25,199.95000000000002,7216480.0,261.7615,,0.08,,483981.5,92.13000106811523,105.58875
2020-12-04,0.92,19088.7,,,,98.363,6.7,1.20425,1.211012,1.20182,1.207388,1.207388,0.002645481816356,0.0044987999345491,,1614.0,200.5,7222414.0,262.045,,0.09,,485949.0,91.14199981689454,105.699
2020-12-11,0.926,19194.5,,,,98.4928,6.625,1.211044,1.215396,1.208912,1.211788,1.211788,-0.0001324949588752,0.0038183325085966,,1618.0,201.575,7242658.0,262.20550000000003,,0.09,,489862.75,90.9240005493164,105.811
2020-12-18,0.926,19243.7,,,,98.6226,6.550000000000001,1.217828,1.222052,1.21542,1.22025,1.22025,0.0023511943160314,0.0021822726791339,,1622.0,202.65,7362592.0,262.366,,0.09,,493776.5,90.29399871826172,105.923
2020-12-25,0.945,19297.1,,,,98.7524,6.4750000000000005,1.219824,1.223038,1.21534,1.219136,1.219136,-0.0011702138104268,0.0037014058532588,,1626.0,203.725,7404039.0,262.5265,,0.09,,497690.25,90.35750198364258,106.035
2021-01-01,0.935,19328.2,,,,98.8822,6.4,1.223094,1.227202,1.220988,1.223742,1.223742,0.0005091416753769,0.0033793643761148,,1630.0,204.8,7363351.0,262.687,,0.09,,501604.0,89.97999954223633,106.147
2021-01-08,1.028,19399.0,,,,98.22874,6.36,1.22754,1.231886,1.223436,1.226636,1.226636,-0.0002669523424965,0.003966494196972,,1584.8,205.96,7334809.0,262.8654,,0.09,,499044.2,89.75599975585938,106.2176
2021-01-15,1.132,19459.6,,,,97.57528,6.32,1.217656,1.220046,1.21172,1.214752,1.214752,-0.0020030006281524,0.0041304699886588,,1539.6,207.12,7333968.0,263.04380000000003,,0.09,,496484.4,90.38600006103516,106.2882
2021-01-22,1.105,19429.7,,,,96.92182,6.28,1.211002,1.215058,1.209,1.212732,1.212732,0.0015767645080575,0.0039895066126934,,1494.4,208.28,7414942.0,263.2222,,0.0849999999999999,,493924.6,90.33499908447266,106.3588
2021-01-29,1.064,19310.4,,,,96.26836,6.24,1.213824,1.21655,1.20896,1.213232,1.213232,-0.0005564462969664,0.0032203602021745,,1449.2,209.44,7404926.0,263.4006,,0.076,,491364.8,90.45,106.4294
2021-02-05,1.14,19414.6,,,,95.6149,6.2,1.204552,1.20735,1.19944,1.202816,1.202816,-0.0015292917105674,0.0034291085873075,,1404.0,210.6,7410598.0,263.579,,0.08,,488805.0,91.18199920654295,106.5
2021-02-12,1.176,19447.9,,,,96.307575,6.175,1.208942,1.212332,1.20718,1.210552,1.210552,0.0012403998238063,0.0045411067743386,,1477.0,211.7,7442225.0,263.9245,,0.078,,501505.5,90.5280014038086,106.6385
2021-02-19,1.3050000000000002,19554.9,,,,97.00025,6.15,1.209638,1.213256,1.20686,1.209518,1.209518,-1.0531776340640031e-05,0.0030519094923519,,1550.0,212.8,7557402.0,264.27,,0.075,,514206.0,90.60249900817873,106.777
2021-02-26,1.42,19564.7,,,,97.692925,6.125,1.215058,1.219032,1.21086,1.21429,1.21429,-0.0007571307632358,0.0035492193473636,,1623.0,213.9,7590111.0,264.6155,,0.07,,526906.5,90.28399963378908,106.9155
2021-03-05,1.488,19651.1,,,,98.3856,6.1,1.204796,1.207066,1.19818,1.201586,1.201586,-0.0027001085050912,0.0041395867966831,,1696.0,215.0,7557524.0,264.961,,0.07,,539607.0,91.27799987792967,107.054
2021-03-12,1.5699999999999998,19742.6,,,,98.428875,6.1,1.1915140000000002,1.195134,1.1873,1.1921940000000002,1.1921940000000002,0.0007408318969848,0.0047536640481754,,1645.75,215.725,7579901.0,265.37425,,0.07,,540255.0,91.83199920654296,107.195
2021-03-19,1.664,19879.3,,,,98.47215,6.1,1.19338,1.196624,1.18914,1.192484,1.192484,-0.0007895738146044,0.0041777124890502,,1595.5,216.45,7693506.0,265.7875,,0.07,,540903.0,91.7740005493164,107.336
2021-03-26,1.648,20056.0,,,,98.515425,6.1,1.184854,1.1874600000000002,1.18094,1.18308,1.18308,-0.0018687597311275,0.004358211160486,,1545.25,217.175,7719622.0,266.20074999999997,,0.07,,541551.0,92.46399841308592,107.477
2021-04-02,1.722,20129.4,,,,98.5587,6.1,1.17542,1.177888,1.17258,1.174902,1.174902,-0.0005360531055286,0.0032044062814491,,1495.0,217.9,7688988.0,266.614,,0.068,,542199.0,93.10000228881836,107.618
2021-04-09,1.6780000000000002,20333.8,,,,98.73362,6.04,1.18442,1.18919,1.18228,1.187306,1.187306,0.0023692466966029,0.0030657793688346,,1513.8,219.3,7708882.0,266.96779999999995,,0.07,,541077.0,92.3239990234375,107.7294
2021-04-16,1.624,20321.8,,,,98.90854,5.9799999999999995,1.1940259999999998,1.197012,1.191912,1.195716,1.195716,0.0013669961632053,0.0022573007112811,,1532.6,220.70000000000002,7793104.0,267.3216,,0.07,,539955.0,91.78199920654296,107.8408
2021-04-23,1.582,20315.9,,,,99.08346,5.92,1.201948,1.206824,1.19924,1.204338,1.204338,0.001903977436975,0.0022845212873602,,1551.4,222.1,7820948.0,267.67539999999997,,0.07,,538833.0,91.13200073242189,107.95219999999999
2021-04-30,1.628,20163.1,,,,99.25838,5.859999999999999,1.210278,1.212426,1.20566,1.208766,1.208766,-0.0012774263520063,0.0033192503643786,,1570.2,223.5,7780962.0,268.0292,,0.064,,537711.0,90.84400024414064,108.0636
2021-05-07,1.602,20286.6,,,,99.4333,5.8,1.203342,1.2082,1.20068,1.20607,1.20607,0.0023861000638987,0.0047116248022361,,1589.0,224.9,7810486.0,268.383,,0.06,,536589.0,90.94599914550784,108.175
2021-05-14,1.65,20366.4,,,,99.52465000000001,5.825,1.211994,1.215318,1.2085940000000002,1.211522,1.211522,-0.0002784634988856,0.0050299739211046,,1604.25,225.9,7830663.0,268.95074999999997,,0.06,,537479.75,90.4259994506836,108.32124999999999
2021-05-21,1.6439999999999997,20416.4,,,,99.616,5.85,1.21846,1.2223700000000002,1.215132,1.219224,1.219224,0.0005494898982986,0.0044659936400381,,1619.5,226.9,7922883.0,269.5185,,0.06,,538370.5,89.99799957275391,108.4675
2021-05-28,1.588,20248.0,,,,99.70734999999999,5.875,1.220548,1.2235900000000002,1.2173,1.220804,1.220804,0.0001843941506736,0.0039729192655918,,1634.75,227.9,7903541.0,270.08625,,0.0579999999999999,,539261.25,89.9020004272461,108.61375000000001
2021-06-04,1.6,20295.4,,,,99.7987,5.9,1.219446,1.222244,1.21543,1.218794,1.218794,-0.0004038504480817,0.0030498504750327,,1650.0,228.9,7935703.0,270.654,,0.06,,540152.0,90.09250068664552,108.76
2021-06-11,1.504,20431.9,,,,99.912,5.775,1.217536,1.220034,1.21414,1.216428,1.216428,-0.0009192747530709,0.0034429018830476,,1636.75,229.6375,7952327.0,270.96625,,0.06,,537264.0,90.15800018310549,108.884
2021-06-18,1.512,20517.4,,,,100.0253,5.65,1.205106,1.206882,1.19832,1.200088,1.200088,-0.0041330386758948,0.0037920766463254,,1623.5,230.375,8064257.0,271.2785,,0.076,,534376.0,91.26199951171876,109.008
2021-06-25,1.502,20421.3,,,,100.1386,5.525,1.191574,1.195516,1.1895,1.192958,1.192958,0.0012436318156027,0.0052554227574865,,1610.25,231.1125,8101945.0,271.59075,,0.1,,531488.0,91.8040008544922,109.132
2021-07-02,1.47,20362.0,,,,100.2519,5.4,1.189272,1.19084,1.18522,1.187796,1.187796,-0.0011915921840347,0.0019358848332475,,1597.0,231.85,8078544.0,271.903,,0.096,,528600.0,92.24000091552732,109.256
2021-07-09,1.3425,20582.9,,,,100.21026,5.34,1.183716,1.187224,1.1808,1.183884,1.183884,0.0002166095576901,0.0021225232836353,,1596.4,232.16299999999998,8097773.0,272.05760000000004,,0.1,,529375.4,92.42000007629396,109.3396
2021-07-16,1.358,20575.3,,,,100.16862,5.28,1.1832319999999998,1.185342,1.17916,1.181742,1.181742,-0.0011676519418655,0.003899765621929,,1595.8,232.476,8201651.0,272.2122,,0.1,,530150.8,92.54000244140624,109.42320000000001
2021-07-23,1.258,20604.4,,,,100.12698,5.22,1.178942,1.18098,1.1755,1.178172,1.178172,-0.0006269171467851,0.0029218419357398,,1595.2,232.789,8240530.0,272.3668,,0.1,,530926.2,92.86800079345704,109.5068
2021-07-30,1.264,20556.1,,,,100.08534,5.16,1.182366,1.186196,1.179796,1.184296,1.184296,0.0017020472269002,0.0019028888122768,,1594.6,233.102,8221473.0,272.52139999999997,,0.094,,531701.6,92.28600006103515,109.5904
2021-08-06,1.224,20682.5,,,,100.0437,5.1,1.185318,1.187656,1.18238,1.183202,1.183202,-0.0018137934126969,0.0021417767687595,,1594.0,233.415,8235073.0,272.676,,0.1,,532477.0,92.28800048828124,109.674
2021-08-13,1.338,20741.1,,,,99.74725000000001,5.0,1.173746,1.176384,1.171896,1.17446,1.17446,0.000557430325706,0.002506617424704,,1589.75,233.98075,8257159.0,272.9845,,0.1,,533520.5,92.89599914550782,109.76400000000001
2021-08-20,1.258,20811.4,,,,99.4508,4.9,1.173316,1.174972,1.169788,1.17129,1.17129,-0.0016765357324083,0.0034135019783774,,1585.5,234.54649999999998,8342598.0,273.293,,0.094,,534564.0,93.19399871826172,109.85400000000001
2021-08-27,1.308,20786.6,,,,99.15435,4.8,1.174426,1.177426,1.172344,1.17632,1.17632,0.001663796468819,0.0029958955626158,,1581.25,235.11225,8332743.0,273.6015,,0.088,,535607.5,92.88600006103516,109.944
2021-09-03,1.304,20818.0,,,,98.8579,4.7,1.18227,1.185948,1.18124,1.183972,1.183972,0.0015357519574571,0.0016763783156659,,1577.0,235.678,8349173.0,273.91,,0.076,,536651.0,92.4,110.034
2021-09-10,1.345,20960.3,,,,99.18995,4.65,1.184632,1.1863119999999998,1.18202,1.1833300000000002,1.1833300000000002,-0.0012090286108989,0.0019313781489954,,1577.5,236.87475,8357314.0,274.57000000000005,,0.08,,538828.5,92.5575008392334,110.21600000000001
2021-09-17,1.326,21004.8,,,,99.52199999999999,4.6,1.180168,1.182094,1.176662,1.178392,1.178392,-0.0014839875370672,0.001528942983145,,1578.0,238.0715,8448770.0,275.23,,0.08,,541006.0,92.76399993896484,110.398
2021-09-24,1.368,20959.2,,,,99.85405,4.55,1.172132,1.174774,1.1695,1.172036,1.172036,-9.983247336802e-05,0.0023183684621746,,1578.5,239.26825,8489824.0,275.89,,0.08,,543183.5,93.26599884033205,110.58
2021-10-01,1.514,20869.3,,,,100.1861,4.5,1.165428,1.166718,1.16116,1.162946,1.162946,-0.002121484969329,0.0029258252422323,,1579.0,240.465,8447981.0,276.55,,0.076,,545361.0,93.95599822998048,110.762
2021-10-08,1.55,21074.2,,,,100.32195999999999,4.42,1.15827,1.16042,1.15554,1.157788,1.157788,-0.0004640804045415,0.0028624315309332,,1604.2,241.0294,8464032.0,277.0238,,0.08,,546505.2,94.06999969482422,110.9096
2021-10-15,1.565,21099.4,,,,100.45782,4.34,1.156962,1.1599819999999998,1.1553,1.157588,1.157588,0.0005737419519981,0.0025223376252889,,1629.4,241.59380000000002,8480942.0,277.4976,,0.08,,547649.4,94.16399993896484,111.0572
2021-10-22,1.646,21174.7,,,,100.59367999999999,4.26,1.16223,1.165472,1.16058,1.16315,1.16315,0.0008100802056563,0.0022558067113465,,1654.6,242.1582,8564943.0,277.9714,,0.08,,548793.6,93.73599853515626,111.2048
2021-10-29,1.586,21063.7,,,,100.72954,4.18,1.162424,1.165992,1.1573600000000002,1.160912,1.160912,-0.0014656522236143,0.0029535262069127,,1679.8,242.7226,8556181.0,278.4452,,0.078,,549937.8,93.81799926757812,111.3524
2021-11-05,1.544,21204.0,,,,100.8654,4.1,1.15821,1.160572,1.1543,1.158278,1.158278,9.209558574276e-05,0.0056485594403271,,1705.0,243.287,8574871.0,278.919,,0.08,,551082.0,94.0999984741211,111.5
2021-11-12,1.5275,21283.3,,,,100.7922,4.05,1.153218,1.154982,1.14926,1.151028,1.151028,-0.0020978570030859,0.0043138530343074,,1709.25,242.79975000000002,8663117.0,279.40049999999997,,0.08,,550130.75,94.63399963378906,111.67275000000001
2021-11-19,1.598,21347.7,,,,100.719,4.0,1.136468,1.138588,1.12968,1.1331099999999998,1.1331099999999998,-0.002894681673717,0.0043085616876065,,1713.5,242.3125,8674970.0,279.882,,0.08,,549179.5,95.7540008544922,111.8455
2021-11-26,1.605,21377.1,,,,100.6458,3.9499999999999997,1.123504,1.127684,1.12076,1.124028,1.124028,0.0006522991631204,0.0047125703981396,,1717.75,241.82524999999998,8681771.0,280.36350000000004,,0.08,,548228.25,96.4799976348877,112.01825
2021-12-03,1.434,21406.1,,,,100.5726,3.9,1.13091,1.134792,1.12702,1.1312,1.1312,-3.963100190289997e-05,0.0048912400660924,,1722.0,241.338,8650402.0,280.845,,0.078,,547277.0,96.1259994506836,112.191
2021-12-10,1.48,21549.7,,,,100.4952,3.92,1.129716,1.13277,1.12584,1.12999,1.12999,2.3266819720640064e-05,0.0034913043154062,,1718.0,242.361,8664524.0,281.18460000000005,,0.08,,549873.0,96.1740005493164,112.3138
2021-12-17,1.436,21605.0,,,,100.4178,3.94,1.129392,1.133042,1.12485,1.12796,1.12796,-0.0013556652099224,0.0038972571028706,,1714.0,243.384,8756666.0,281.5242,,0.08,,552469.0,96.4020004272461,112.4366
2021-12-24,1.4675,21731.2,,,,100.34039999999999,3.96,1.129068,1.132698,1.126872,1.13065,1.13065,0.0014414541735869,0.0044060001501021,,1710.0,244.407,8790495.0,281.8638,,0.08,,555065.0,96.2849998474121,112.55940000000001
2021-12-31,1.512,21776.1,,,,100.26299999999999,3.98,1.132316,1.135672,1.12918,1.133446,1.133446,0.0008459472193382,0.0025944660129876,,1706.0,245.43,8757460.0,282.2034,,0.078,,557661.0,95.9719985961914,112.68220000000001
2022-01-07,1.698,21753.5,,,,100.1856,4.0,1.131192,1.1349,1.1279,1.130918,1.130918,-0.000108055929819,0.0035457750488062,,1702.0,246.453,8765721.0,282.543,,0.08,,560257.0,96.14199981689453,112.805
2022-01-14,1.75,21773.6,,,,100.3408,3.975,1.138714,1.143064,1.13554,1.139912,1.139912,0.0008831678536466,0.0039969329255483,,1710.25,248.00475,8788278.0,283.03225,,0.08,,561137.0,95.31399993896484,112.9715
2022-01-21,1.82,21746.8,,,,100.496,3.95,1.135854,1.138842,1.1323599999999998,1.134462,1.134462,-0.001202684191652,0.0043165924064825,,1718.5,249.5565,8867834.0,283.5215,,0.08,,562017.0,95.65500068664552,113.138
2022-01-28,1.794,21562.8,,,,100.65119999999999,3.925,1.12697,1.128034,1.12068,1.12314,1.12314,-0.0034523502368804,0.0035626390951269,,1726.75,251.10825,8860485.0,284.01075000000003,,0.08,,562897.0,96.57799835205078,113.3045
2022-02-04,1.826,21551.6,,,,100.8064,3.9,1.127704,1.135846,1.1259,1.13388,1.13388,0.0053768929168456,0.0060540851072772,,1735.0,252.66,8873211.0,284.5,,0.08,,563777.0,95.94600067138671,113.471
2022-02-11,1.954,21588.9,,,,100.95247499999999,3.85,1.143362,1.145744,1.1381599999999998,1.1410440000000002,1.1410440000000002,-0.0017895526079192,0.0049984381789622,,1729.25,254.4985,8878009.0,285.2935,,0.08,,566454.0,95.63200073242186,113.7205
2022-02-18,1.99,21599.1,,,,101.09854999999999,3.8,1.134592,1.137936,1.13097,1.134296,1.134296,-0.0004433386973875,0.0036020102814513,,1723.5,256.337,8911033.0,286.087,,0.08,,569131.0,95.98000030517578,113.97
2022-02-25,1.965,21602.5,,,,101.244625,3.75,1.128898,1.134044,1.12316,1.127894,1.127894,-0.0009520472425576,0.0036253277192035,,1717.75,258.1755,8928129.0,286.8805,,0.08,,571808.0,96.4950008392334,114.2195
2022-03-04,1.802,21687.1,,,,101.3907,3.7,1.113012,1.1162800000000002,1.103634,1.109,1.109,-0.0061305953007349,0.0057020680647151,,1712.0,260.014,8904455.0,287.674,,0.08,,574485.0,97.59000091552734,114.469
2022-03-11,1.912,21840.6,,,,101.403025,3.7,1.094692,1.103016,1.08826,1.09448,1.09448,-0.0002173984723437,0.0080895955961985,,1739.0,261.338,8910748.0,287.89574999999996,,0.08,,576099.5,98.79000091552736,114.55475
2022-03-18,2.164,21891.3,,,,101.41534999999999,3.7,1.098604,1.106336,1.095552,1.101214,1.101214,0.0025624038904355,0.0082288303172438,,1766.0,262.66200000000003,8954306.0,288.11749999999995,,0.18,,577714.0,98.55,114.6405
2022-03-25,2.368,21896.0,,,,101.427675,3.7,1.101992,1.104232,1.097456,1.100588,1.100588,-0.0012329809212781,0.004108600898794,,1793.0,263.986,8962474.0,288.33925,,0.33,,579328.5,98.64199981689453,114.72625
2022-04-01,2.386,21883.2,,,,101.44,3.7,1.1055199999999998,1.111376,1.101604,1.106804,1.106804,0.0011998965386478,0.0042987351997583,,1820.0,265.31,8937142.0,288.561,,0.33,,580943.0,98.44399871826172,114.812
2022-04-08,2.59,22026.4,,,,101.4187,3.68,1.093846,1.0962299999999998,1.08856,1.090548,1.090548,-0.0031298387302227,0.005593932837142,,1762.2,266.8982,8937592.0,289.10839999999996,,0.33,,580723.2,99.52200012207032,114.9546
2022-04-15,2.76,22013.2,,,,101.3974,3.66,1.086656,1.089672,1.08096,1.084604,1.084604,-0.0012819677372295,0.0034875590052925,,1704.4,268.4864,8965487.0,289.6558,,0.33,,580503.4,100.10499954223631,115.0972
2022-04-22,2.886,22086.8,,,,101.3761,3.64,1.08112,1.085824,1.07802,1.080904,1.080904,-0.0001980220838703,0.0041157079649439,,1646.6,270.0746,8955851.0,290.2032,,0.33,,580283.6,100.78600006103515,115.2398
2022-04-29,2.8280000000000003,21640.3,,,,101.3548,3.62,1.064146,1.067336,1.0559999999999998,1.058858,1.058858,-0.0047223103600297,0.0045948462282641,,1588.8,271.6628,8939199.0,290.7506,,0.33,,580063.8,102.71600036621092,115.3824
2022-05-06,3.012,21646.8,,,,101.3335,3.6,1.054728,1.060356,1.0491199999999998,1.054794,1.054794,0.0002069428825779,0.0056135660486888,,1531.0,273.251,8939972.0,291.298,,0.53,,579844.0,103.44199981689454,115.525
2022-05-13,2.944,21584.1,,,,101.254625,3.6,1.05038,1.054074,1.04436,1.047766,1.047766,-0.0026335005013691,0.0058370379229317,,1536.0,275.001,8942008.0,292.21275,,0.8299999999999998,,581272.0,104.16599884033204,115.80325
2022-05-20,2.874,21616.8,,,,101.17575,3.6,1.04854,1.055382,1.04522,1.051732,1.051732,0.0028556308006832,0.0077641947917868,,1541.0,276.751,8945898.0,293.1275,,0.8299999999999998,,582700.0,103.44600067138671,116.0815
2022-05-27,2.772,21572.8,,,,101.096875,3.6,1.067748,1.073634,1.064242,1.071224,1.071224,0.00324697080228,0.0076974276127236,,1546.0,278.501,8914281.0,294.04224999999997,,0.8299999999999998,,584128.0,101.9,116.35975
2022-06-03,2.9175,21558.8,,,,101.018,3.6,1.072744,1.076526,1.06742,1.072526,1.072526,-0.0002191152618603,0.0056708377947627,,1551.0,280.251,8915050.0,294.957,,0.83,,585556.0,102.05249977111816,116.638
2022-06-10,3.048,21657.6,,,,101.06925,3.575,1.069052,1.072616,1.0623,1.064936,1.064936,-0.0038243966312622,0.005736282855087,,1508.5,278.25675,8918254.0,294.946,,0.8299999999999998,,583983.75,102.93400115966796,116.63625
2022-06-17,3.3560000000000003,21632.6,,,,101.12049999999999,3.55,1.046712,1.053498,1.03944,1.046326,1.046326,-0.0002984218667193,0.0064179106031748,,1466.0,276.2625,8932420.0,294.935,,1.13,,582411.5,104.81799926757812,116.6345
2022-06-24,3.1725,21590.0,,,,101.17175,3.525,1.052308,1.057732,1.04874,1.05368,1.05368,0.0010681121151252,0.0058063611745675,,1423.5,274.26824999999997,8934346.0,294.924,,1.58,,580839.25,104.31500053405762,116.63275
2022-07-01,3.072,21564.3,,,,101.223,3.5,1.051528,1.054552,1.04458,1.048958,1.048958,-0.0023882575367926,0.0043542727074338,,1381.0,272.274,8913553.0,294.913,,1.58,,579267.0,104.6780014038086,116.631
2022-07-08,2.9625,21659.9,,,,101.19766,3.52,1.028994,1.032008,1.02042,1.02424,1.02424,-0.0047244399575166,0.0059601268314911,,1411.0,271.7284,8891851.0,294.9498,,1.58,,579652.8,106.93499946594238,116.696
2022-07-15,2.95,21625.7,,,,101.17232,3.54,1.006556,1.010724,0.99962,1.004578,1.004578,-0.0019210881086512,0.0067641079757089,,1441.0,271.1828,8895867.0,294.9866,,1.58,,580038.6,108.12999877929688,116.761
2022-07-22,2.938,21603.3,,,,101.14698,3.56,1.017264,1.02554,1.0126000000000002,1.019716,1.019716,0.0024921218715047,0.006074236413922,,1471.0,270.6372,8899213.0,295.0234,,1.58,,580424.4,106.9540023803711,116.82600000000001
2022-07-29,2.75,21557.4,,,,101.12164,3.58,1.01903,1.0243559999999998,1.01268,1.019144,1.019144,0.0003072572961565,0.0058990738046799,,1501.0,270.09159999999997,8890004.0,295.0602,,1.878,,580810.2,106.4740005493164,116.891
2022-08-05,2.718,21627.3,,,,101.0963,3.6,1.02111,1.025712,1.015598,1.02032,1.02032,-0.000839210947131,0.0061382618602388,,1531.0,269.546,8874620.0,295.097,,2.33,,581196.0,106.1020004272461,116.956
2022-08-12,2.812,21619.8,,,,101.145175,3.575,1.0241,1.0306000000000002,1.0211,1.025656,1.025656,0.0015183679297319,0.0057203731019824,,1520.25,269.134,8879138.0,295.40999999999997,,2.33,,580758.5,105.7459991455078,117.05975000000001
2022-08-19,2.872,21628.4,,,,101.19405,3.55,1.016994,1.019094,1.01054,1.012476,1.012476,-0.0043958893032997,0.0058831572894793,,1509.5,268.722,8849762.0,295.72299999999996,,2.33,,580321.0,107.0540008544922,117.1635
2022-08-26,3.052,21575.3,,,,101.242925,3.525,0.997832,1.003752,0.99246,0.996308,0.996308,-0.0014510149450343,0.0048649144640861,,1498.75,268.31,8851436.0,296.036,,2.33,,579883.5,108.72400207519532,117.26724999999999
2022-09-02,3.168,21509.4,,,,101.2918,3.5,0.99931,1.005028,0.99426,0.99913,0.99913,-0.0002066270373092,0.0041078727278041,,1488.0,267.898,8826093.0,296.349,,2.33,,579446.0,109.10599822998049,117.371
2022-09-09,3.305,21578.2,,,,101.28402,3.52,0.995148,1.001696,0.99071,0.997542,0.997542,0.0017948936340699,0.0058607807323653,,1477.4,267.3306,8822401.0,296.68059999999997,,2.33,,580558.0,109.68999862670898,117.4806
2022-09-16,3.4200000000000004,21575.2,,,,101.27624,3.54,1.00299,1.009272,0.997412,1.001446,1.001446,-0.0004479634246818,0.0075681677364071,,1466.8,266.7632,8832759.0,297.0122,,2.33,,581670.0,109.46200103759766,117.5902
2022-09-23,3.592,21519.2,,,,101.26845999999999,3.56,0.993664,0.996302,0.98386,0.987078,0.987078,-0.0065551987646051,0.00703724789385,,1456.2,266.1958,8816802.0,297.3438,,2.63,,582782.0,111.02799987792967,117.6998
2022-09-30,3.832,21397.3,,,,101.26068,3.58,0.968568,0.97619,0.960202,0.971066,0.971066,0.0022994180010007,0.0087122863259554,,1445.6,265.6284,8795567.0,297.6754,,3.08,,583894.0,113.03600006103515,117.8094
2022-10-07,3.754,21470.0,,,,101.2529,3.6,0.985538,0.991654,0.977872,0.984404,0.984404,-0.0011652060503736,0.0097839880004907,,1435.0,265.061,8759053.0,298.007,,3.08,,585006.0,111.59000091552734,117.919
2022-10-14,3.9525,21438.9,,,,101.17847499999999,3.6,0.972484,0.97755,0.967,0.972108,0.972108,-0.0004415251267851,0.0077199114429224,,1432.25,264.585,8758969.0,298.20175,,3.08,,582843.5,113.06999969482422,117.99525
2022-10-21,4.124,21472.5,,,,101.10405,3.6,0.979606,0.986298,0.974786,0.982374,0.982374,0.002931612642328,0.0071570938724622,,1429.5,264.109,8743922.0,298.3965,,3.08,,580681.0,112.40800018310549,118.0715
2022-10-28,4.074,21332.7,,,,101.02962500000001,3.6,0.995312,1.00113,0.989472,0.99684,0.99684,0.0020939208294871,0.0077054763060763,,1426.75,263.633,8723090.0,298.59125,,3.08,,578518.5,110.77999725341796,118.14775
2022-11-04,4.116,21383.6,,,,100.9552,3.6,0.98564,0.994044,0.980022,0.985534,0.985534,-3.746620095061992e-05,0.0089207225692149,,1424.0,263.157,8676870.0,298.786,,3.38,,576356.0,111.63399963378906,118.224
2022-11-11,4.075,21426.5,,,,100.658,3.575,1.004188,1.016102,0.999136,1.013278,1.013278,0.0078626332436791,0.0109448314627569,,1395.0,261.842,8678886.0,298.7975,,3.83,,574546.75,108.95800170898436,118.26400000000001
2022-11-18,3.788,21426.7,,,,100.36080000000001,3.55,1.035292,1.041628,1.029794,1.035056,1.035056,-0.0005806904896321,0.0095474276143132,,1366.0,260.527,8625620.0,298.80899999999997,,3.83,,572737.5,106.59200134277344,118.304
2022-11-25,3.745,21433.3,,,,100.06360000000001,3.525,1.03337,1.038488,1.029696,1.034864,1.034864,0.0013987901100318,0.0060713660162081,,1337.0,259.212,8621390.0,298.8205,,3.83,,570928.25,106.77499961853027,118.344
2022-12-02,3.632,21393.0,,,,99.7664,3.5,1.039346,1.047984,1.035014,1.042582,1.042582,0.0026502005803811,0.0058993445593623,,1308.0,257.897,8584576.0,298.832,,3.83,,569119.0,105.74600067138672,118.384
2022-12-09,3.516,21461.1,,,,99.91412,3.5,1.050904,1.056612,1.047316,1.05085,1.05085,1.3947079118180068e-05,0.005833986386574,,1318.6,258.363,8582735.0,299.1496,,3.83,,573688.0,105.10999908447266,118.5108
2022-12-16,3.506,21456.6,,,,100.06184,3.5,1.06003,1.066962,1.056414,1.061228,1.061228,0.0009806595480111,0.0044219790293339,,1329.2,258.829,8583413.0,299.4672,,4.029999999999999,,578257.0,104.42799835205078,118.6376
2022-12-23,3.672,21469.1,,,,100.20956,3.5,1.060306,1.065088,1.05794,1.060936,1.060936,0.0006297282219391,0.0042683787861063,,1339.8,259.29499999999996,8564411.0,299.7848,,4.33,,582826.0,104.31800079345705,118.7644
2022-12-30,3.8575,21440.7,,,,100.35728,3.5,1.06306,1.0677,1.061126,1.064932,1.064932,0.0016050800734332,0.0021386160594954,,1350.4,259.76099999999997,8551169.0,300.1024,,4.33,,587395.0,103.99999809265135,118.8912
2023-01-06,3.685,21407.8,,,,100.505,3.5,1.060716,1.066142,1.05399,1.059524,1.059524,-0.0011107401688811,0.0058221198154489,,1361.0,260.227,8507429.0,300.42,,4.33,,591964.0,104.42249870300292,119.018
2023-01-13,3.5200000000000005,21460.4,,,,100.53914999999999,3.525,1.074166,1.080652,1.071564,1.078008,1.078008,0.0035347831044068,0.007754368583738,,1370.5,259.8375,8508587.0,300.6775,,4.33,,590514.25,102.7759994506836,119.10575
2023-01-20,3.4425,21371.7,,,,100.57329999999999,3.55,1.081296,1.0866060000000002,1.0784,1.081744,1.081744,0.0004582749537575,0.0044594722309707,,1380.0,259.448,8489039.0,300.935,,4.33,,589064.5,102.20499992370604,119.1935
2023-01-27,3.49,21227.2,,,,100.60745,3.575,1.088596,1.091558,1.0843599999999998,1.08857,1.08857,0.000186405226087,0.002142455862169,,1389.5,259.0585,8470557.0,301.1925,,4.33,,587614.75,101.89399871826171,119.28125
2023-02-03,3.478,21136.1,,,,100.6416,3.6,1.089436,1.09525,1.08326,1.088054,1.088054,-0.00129882938585,0.0044598674370218,,1399.0,258.669,8433610.0,301.45,,4.43,,586165.0,102.05399932861329,119.369
2023-02-10,3.668,21205.0,,,,100.736325,3.575,1.073554,1.07739,1.06909,1.0715119999999998,1.0715119999999998,-0.0021807506918034,0.00685235150275,,1393.5,258.26725,8435369.0,301.54275,,4.578,,584326.75,103.46200103759766,119.41125
2023-02-17,3.796,21138.4,,,,100.83105,3.55,1.069948,1.073988,1.0656599999999998,1.070214,1.070214,0.0003322340580394,0.0041792864489046,,1388.0,257.8655,8384767.0,301.6355,,4.58,,582488.5,103.64400024414064,119.45349999999999
2023-02-24,3.9275,21129.8,,,,100.925775,3.525,1.064294,1.066166,1.06028,1.061458,1.061458,-0.0028048502647029,0.0028060253488808,,1382.5,257.46375,8382190.0,301.72825,,4.58,,580650.25,104.64499855041504,119.49575
2023-03-03,3.98,21127.8,,,,101.0205,3.5,1.059814,1.065372,1.05658,1.061582,1.061582,0.001717491587866,0.0049124159342035,,1377.0,257.062,8339684.0,301.821,,4.572,,578812.0,104.71399993896485,119.538
2023-03-10,3.912,21175.5,,,,101.067,3.48,1.059472,1.065088,1.055954,1.059778,1.059778,0.0001151637600482,0.0068680222341523,,1372.4,257.0312,8342283.0,302.0258,,4.57,,579824.4,105.10400085449218,119.6206
2023-03-17,3.53,21171.0,,,,101.1135,3.46,1.066858,1.071582,1.0599500000000002,1.066212,1.066212,0.0005044177817051,0.0073814606750809,,1367.8,257.0004,8639300.0,302.23060000000004,,4.58,,580836.8,103.9959991455078,119.7032
2023-03-24,3.46,21032.3,,,,101.16,3.44,1.077238,1.08401,1.07246,1.07871,1.07871,0.0017888530053578,0.0070892793361783,,1363.2,256.9696,8733787.0,302.4354,,4.68,,581849.2,102.90800018310549,119.7858
2023-03-31,3.536,20906.3,,,,101.2065,3.42,1.082904,1.087438,1.080234,1.084376,1.084376,0.0014788975686005,0.0051310805009133,,1358.6,256.9388,8705942.0,302.64020000000005,,4.83,,582861.6,102.51600036621092,119.8684
2023-04-07,3.354,20969.6,,,,101.253,3.4,1.090426,1.094422,1.086338,1.091586,1.091586,0.0011726976107088,0.0049236165142338,,1354.0,256.908,8632384.0,302.845,,4.83,,583874.0,101.83749771118164,119.951
2023-04-14,3.444,21062.9,,,,101.1719,3.45,1.09412,1.099786,1.090844,1.095912,1.095912,0.001651103064678,0.004597750186739,,1411.5,256.0985,8614797.0,302.96725000000004,,4.83,,584477.0,101.76800079345703,120.00075
2023-04-21,3.5780000000000003,20983.4,,,,101.0908,3.5,1.096216,1.099002,1.09228,1.09611,1.09611,-4.860962904366002e-05,0.0051301292105094,,1469.0,255.289,8593263.0,303.08950000000004,,4.83,,585080.0,101.89599914550782,120.0505
2023-04-28,3.464,20699.3,,,,101.00970000000001,3.55,1.101358,1.1064219999999998,1.09694,1.101938,1.101938,0.000483260444986,0.0043241927901092,,1526.5,254.4795,8562768.0,303.21175,,4.83,,585683.0,101.56999969482422,120.10025
2023-05-05,3.444,20661.5,,,,100.9286,3.6,1.101332,1.105492,1.09713,1.101312,1.101312,6.846116834536013e-05,0.0042461218828403,,1584.0,253.67,8503994.0,303.334,,4.93,,586286.0,101.61199951171876,120.15
2023-05-12,3.466,20726.2,,,,100.72635,3.6,1.097504,1.099966,1.092476,1.094034,1.094034,-0.0031069260374314,0.0037107919378606,,1543.25,253.7175,8503017.0,303.504,,5.08,,586882.0,101.84600067138672,120.22975
2023-05-19,3.592,20721.3,,,,100.5241,3.6,1.083946,1.086922,1.080444,1.0829179999999998,1.0829179999999998,-0.0008271632177042,0.0038645133522775,,1502.5,253.765,8456760.0,303.674,,5.08,,587478.0,102.92999877929688,120.3095
2023-05-26,3.756,20702.2,,,,100.32185000000001,3.6,1.077346,1.0793659999999998,1.074142,1.07573,1.07573,-0.0014266102484745,0.003269886153114,,1461.75,253.8125,8436255.0,303.844,,5.08,,588074.0,103.7999984741211,120.38924999999999
2023-06-02,3.6575,20761.6,,,,100.1196,3.6,1.07213,1.07547,1.06748,1.071852,1.071852,-0.0003447080413194,0.0028481060008727,,1421.0,253.86,8385854.0,304.014,,5.08,,588670.0,104.01749801635742,120.469
2023-06-09,3.732,20863.3,,,,100.27702000000001,3.58,1.0718260000000002,1.075348,1.06886,1.07259,1.07259,0.0007532930807888,0.0044330204683383,,1428.8,253.85500000000002,8389325.0,304.133,,5.08,,588787.4,103.82599792480468,120.4966
2023-06-16,3.778,20790.1,,,,100.43444000000001,3.56,1.081256,1.08802,1.079628,1.085154,1.085154,0.003593082693111,0.0041092808254266,,1436.6,253.85000000000002,8388323.0,304.252,,5.078,,588904.8,102.88000030517578,120.5242
2023-06-23,3.75,20759.5,,,,100.59186,3.54,1.094308,1.097082,1.089852,1.0933540000000002,1.0933540000000002,-0.0008914162894456,0.0045727270491778,,1444.4,253.845,8362060.0,304.371,,5.07,,589022.2,102.47500038146973,120.5518
2023-06-30,3.772,20688.4,,,,100.74928,3.52,1.09085,1.094656,1.087618,1.090958,1.090958,0.0003092520055919,0.0043578496877974,,1452.2,253.84,8340914.0,304.49,,5.072,,589139.6,102.86800079345704,120.57939999999999
2023-07-07,3.98,20788.4,,,,100.9067,3.5,1.0887980000000002,1.09264,1.085896,1.089912,1.089912,0.0010422658136759,0.0039775997801269,,1460.0,253.835,8298312.0,304.609,,5.08,,589257.0,102.94999885559082,120.607
2023-07-14,3.89,20799.2,,,,100.88985,3.55,1.106436,1.112846,1.105064,1.111654,1.111654,0.0047509843353916,0.0041756642008469,,1424.25,254.79625000000001,8296923.0,304.97724999999997,,5.078,,590740.5,100.78000030517578,120.69775
2023-07-21,3.81,20791.1,,,,100.87299999999999,3.6,1.120526,1.12278,1.116192,1.11842,1.11842,-0.0018193854402858,0.0049306889889915,,1388.5,255.7575,8274552.0,305.3455,,5.08,,592224.0,100.4019989013672,120.7885
2023-07-28,3.92,20678.7,,,,100.85615,3.6500000000000004,1.10628,1.110758,1.100506,1.103948,1.103948,-0.0019688273523845,0.0034925613871695,,1352.75,256.71875,8243344.0,305.71375,,5.18,,593707.5,101.39599914550782,120.87925
2023-08-04,4.07,20721.5,,,,100.8393,3.7,1.098358,1.101768,1.0941,1.09817,1.09817,-0.0001273205905595,0.0051213271437378,,1317.0,257.68,8206764.0,306.082,,5.33,,595191.0,102.26199951171876,120.97
2023-08-11,4.072,20776.3,,,,100.88475,3.7,1.098522,1.101812,1.094996,1.09712,1.09712,-0.0011553818848834,0.0040110681928283,,1330.5,257.99350000000004,8208241.0,306.3805,,5.33,,596132.25,102.48599853515626,121.08225
2023-08-18,4.248,20756.5,,,,100.9302,3.7,1.090066,1.09319,1.0868600000000002,1.088522,1.088522,-0.001327530042494,0.0024138950560215,,1344.0,258.307,8145727.0,306.679,,5.33,,597073.5,103.32799987792968,121.1945
2023-08-25,4.2700000000000005,20696.3,,,,100.97565,3.7,1.085762,1.088684,1.08142,1.084126,1.084126,-0.0014368199801118,0.0024223732023663,,1357.5,258.6205,8139066.0,306.9775,,5.33,,598014.75,103.66200103759766,121.30675
2023-09-01,4.142,20669.0,,,,101.0211,3.7,1.08514,1.089642,1.080706,1.084696,1.084696,-0.0003505793924908,0.0041717632592528,,1371.0,258.934,8121316.0,307.276,,5.33,,598956.0,103.7260009765625,121.419
2023-09-08,4.275,20754.1,,,,100.91066000000001,3.74,1.074222,1.0766459999999998,1.07115,1.072682,1.072682,-0.0013787728128884,0.0048998975496376,,1370.4,258.1856,8101318.0,307.36,,5.33,,598268.2,104.95499801635742,121.432
2023-09-15,4.286,20754.0,,,,100.80022000000001,3.7800000000000002,1.071888,1.07467,1.067736,1.070764,1.070764,-0.0007279711642775,0.0038525682756516,,1369.8,257.4372,8098779.0,307.444,,5.33,,597580.4,104.95599975585938,121.445
2023-09-22,4.394,20724.7,,,,100.68978,3.82,1.0671,1.06998,1.064124,1.066724,1.066724,-0.0003064426611508,0.0038572582956602,,1369.2,256.6888,8024090.0,307.528,,5.33,,596892.6,105.3,121.458
2023-09-29,4.58,20620.3,,,,100.57934,3.86,1.057496,1.06069,1.053468,1.056032,1.056032,-0.0013536300060765,0.0028941957100955,,1368.6,255.9404,8002064.0,307.612,,5.33,,596204.8,106.25800018310548,121.47099999999999
2023-10-06,4.746,20719.0,,,,100.4689,3.9,1.051306,1.055388,1.04712,1.051664,1.051664,0.000292082252552,0.0049794550381888,,1368.0,255.192,7955782.0,307.696,,5.33,,595517.0,106.61400146484377,121.484
2023-10-13,4.6425,20714.8,,,,100.56765,3.85,1.057472,1.060542,1.05345,1.05648,1.05648,-0.0015340008528264,0.0042622063111339,,1404.5,254.608,7952054.0,307.809,,5.33,,595029.5,106.19000091552736,121.48625
2023-10-20,4.872,20765.4,,,,100.66640000000001,3.8,1.05542,1.059438,1.0532240000000002,1.056844,1.056844,0.0016878838333832,0.0047535519292191,,1441.0,254.024,7933162.0,307.922,,5.33,,594542.0,106.29400024414062,121.48849999999999
2023-10-27,4.868,20604.1,,,,100.76515,3.75,1.0595560000000002,1.0629000000000002,1.055482,1.058912,1.058912,-0.0006038545293496,0.0046477136007259,,1477.5,253.44,7907830.0,308.035,,5.33,,594054.5,106.2999984741211,121.49074999999999
2023-11-03,4.754,20599.2,,,,100.8639,3.7,1.058822,1.065898,1.056036,1.062144,1.062144,0.0032017590759523,0.0043443312142581,,1514.0,252.856,7866664.0,308.148,,5.33,,593567.0,106.16000061035156,121.493
2023-11-10,4.593999999999999,20713.3,,,,100.7987,3.725,1.070302,1.072256,1.06709,1.06956,1.06956,-0.0008419862953538,0.0048683485503875,,1515.75,252.1085,7860691.0,308.29625,,5.33,,593739.25,105.6240005493164,121.53475
2023-11-17,4.498,20714.5,,,,100.73349999999999,3.75,1.079086,1.0858,1.076864,1.083794,1.083794,0.0042734807190686,0.0064372192998286,,1517.5,251.361,7814991.0,308.4445,,5.33,,593911.5,104.47000122070312,121.5765
2023-11-24,4.43,20765.6,,,,100.6683,3.775,1.090952,1.094378,1.088504,1.091578,1.091578,0.0004219904271586,0.0052422511359067,,1519.25,250.61350000000002,7810814.0,308.59275,,5.33,,594083.75,103.59499931335448,121.61824999999999
2023-12-01,4.318,20755.9,,,,100.6031,3.8,1.094774,1.097644,1.090532,1.093658,1.093658,-0.0009987171967079,0.0031426150602694,,1521.0,249.866,7796145.0,308.741,,5.33,,594256.0,103.097998046875,121.66
2023-12-08,4.19,20858.3,,,,100.32694,3.78,1.081258,1.083306,1.076356,1.079022,1.079022,-0.002230687812219,0.0035436661044863,,1493.0,250.15400000000002,7737385.0,308.9324,,5.33,,593193.6,103.8780014038086,121.774
2023-12-15,4.0600000000000005,20851.6,,,,100.05078,3.76,1.083596,1.090334,1.080596,1.086336,1.086336,0.0024536401524214,0.0042758389416423,,1465.0,250.442,7739566.0,309.12379999999996,,5.33,,592131.2,103.07000122070312,121.888
2023-12-22,3.906,20924.8,,,,99.77462,3.74,1.095014,1.09911,1.093274,1.097344,1.097344,0.0021784118411395,0.0066385405196298,,1437.0,250.73000000000002,7724063.0,309.3152,,5.33,,591068.8,102.1259994506836,122.002
2023-12-29,3.85,20950.5,,,,99.49846000000001,3.72,1.10465,1.10823,1.102314,1.105016,1.105016,0.0004851483082507,0.0041166738256891,,1409.0,251.018,7712781.0,309.5066,,5.33,,590006.4,101.25500106811523,122.116
2024-01-05,3.975,20933.1,,,,99.2223,3.7,1.0978020000000002,1.100548,1.093114,1.09582,1.09582,-0.001777867530712,0.0042868476551632,,1381.0,251.306,7681024.0,309.698,,5.33,,588944.0,102.37249946594238,122.23
2024-01-12,4.002,20959.6,,,,99.487975,3.75,1.095356,1.098102,1.0924140000000002,1.09547,1.09547,0.0001685893360735,0.0031792291656472,,1423.75,252.211,7686710.0,310.01525,,5.33,,590009.5,102.36600036621094,122.322
2024-01-19,4.115,20945.2,,,,99.75365,3.8,1.09064,1.092164,1.087022,1.089566,1.089566,-0.0009527829676,0.00287770890562,,1466.5,253.11599999999999,7673741.0,310.3325,,5.33,,591075.0,103.40999984741212,122.414
2024-01-26,4.144,20815.4,,,,100.019325,3.85,1.087106,1.090904,1.083624,1.086348,1.086348,-0.0008211002445284,0.0026619233882225,,1509.25,254.021,7677230.0,310.64975,,5.33,,592140.5,103.44600067138671,122.506
2024-02-02,4.006,20762.2,,,,100.285,3.9,1.08418,1.087344,1.079238,1.083034,1.083034,-0.001215947906492,0.0027999904691288,,1552.0,254.926,7630124.0,310.967,,5.33,,593206.0,103.45,122.598
2024-02-09,4.134,20889.3,,,,100.328125,3.9,1.076558,1.078328,1.073946,1.076554,1.076554,-4.989710433730006e-05,0.0041979509384617,,1492.0,254.96824999999998,7631300.0,311.3115,,5.33,,593896.75,104.18000030517578,122.708
2024-02-16,4.258,20811.2,,,,100.37125,3.9,1.075068,1.078212,1.072092,1.0750499999999998,1.0750499999999998,-0.0001279131765297,0.0030448526552158,,1432.0,255.01049999999998,7633874.0,311.656,,5.33,,594587.5,104.48600006103516,122.818
2024-02-23,4.295,20822.6,,,,100.41437499999999,3.9,1.0799340000000002,1.083614,1.078538,1.080912,1.080912,0.0008140632355185,0.002535805821894,,1372.0,255.05275,7581683.0,312.0005,,5.33,,595278.25,103.99750137329102,122.928
2024-03-01,4.26,20811.7,,,,100.4575,3.9,1.083338,1.085446,1.080706,1.083488,1.083488,0.0003351746155009,0.0016285107169825,,1312.0,255.095,7567807.0,312.345,,5.33,,595969.0,103.93200225830078,123.038
2024-03-08,4.128,20979.0,,,,100.41467999999999,3.9,1.08792,1.0917819999999998,1.086056,1.089898,1.089898,0.0018649309675922,0.0024514430548618,,1326.6,255.4716,7538857.0,312.48060000000004,,5.33,,595910.4,103.31200103759764,123.09859999999999
2024-03-15,4.21,21030.4,,,,100.37186,3.9,1.092494,1.094208,1.08978,1.091414,1.091414,-0.0009344772365709,0.0027433437406025,,1341.2,255.8482,7541969.0,312.61620000000005,,5.33,,595851.8,103.08200073242188,123.1592
2024-03-22,4.279999999999999,21108.9,,,,100.32903999999999,3.9,1.08814,1.090328,1.083858,1.086472,1.086472,-0.0015016422014632,0.0032083059218345,,1355.8,256.2248,7514348.0,312.7518,,5.33,,595793.2,103.84600067138672,123.21979999999999
2024-03-29,4.2225,21062.0,,,,100.28622,3.9,1.081812,1.083562,1.079576,1.081446,1.081446,-0.0002758224213442,0.0037500424290874,,1370.4,256.6014,7484739.0,312.8874,,5.33,,595734.6,104.35500144958496,123.2804
2024-04-05,4.35,21237.0,,,,100.2434,3.9,1.079558,1.082792,1.076828,1.080476,1.080476,0.0008566719149448,0.0031758229738267,,1385.0,256.978,7439558.0,313.023,,5.33,,595676.0,104.50200042724607,123.341
2024-04-12,4.478,21218.9,,,,100.39829999999999,3.9,1.080446,1.08201,1.07435,1.076492,1.076492,-0.0036601882754755,0.0042062048488806,,1367.75,256.56175,7438176.0,313.06100000000004,,5.33,,596850.0,104.97200012207033,123.34275
2024-04-19,4.63,21220.0,,,,100.5532,3.9,1.06377,1.067318,1.061562,1.0641,1.0641,0.0002687066278131,0.0047709992262574,,1350.5,256.14549999999997,7405506.0,313.09900000000005,,5.33,,598024.0,106.14400024414064,123.3445
2024-04-26,4.65,20955.0,,,,100.7081,3.9,1.068696,1.071782,1.065824,1.069404,1.069404,0.0007463591067353,0.0031649204725672,,1333.25,255.72924999999998,7402434.0,313.137,,5.33,,599198.0,105.83400115966796,123.34625
2024-05-03,4.606,20871.7,,,,100.863,3.9,1.070348,1.074888,1.0679539999999998,1.071662,1.071662,0.0012867594312041,0.0033267479220699,,1316.0,255.313,7362474.0,313.175,,5.33,,600372.0,105.5780014038086,123.348
2024-05-10,4.478,20956.4,,,,100.8692,3.94,1.076296,1.078208,1.07439,1.076446,1.076446,0.0001592485497588,0.0026724305105698,,1318.2,255.4332,7353408.0,313.1488,,5.33,,600293.4,105.31000213623048,123.3862
2024-05-17,4.418,20910.4,,,,100.8754,3.98,1.082522,1.085842,1.080688,1.084416,1.084416,0.0018167950451652,0.0024023458006043,,1320.4,255.55339999999998,7304272.0,313.1226,,5.33,,600214.8,104.6979995727539,123.4244
2024-05-24,4.442,20940.2,,,,100.8816,4.02,1.084418,1.086836,1.082442,1.083934,1.083934,-0.0004108607841768,0.0026235268357101,,1322.6,255.6736,7299566.0,313.0964,,5.33,,600136.2,104.80000152587893,123.4626
2024-05-31,4.5525,20888.2,,,,100.8878,4.06,1.08389,1.086886,1.08185,1.0838839999999998,1.0838839999999998,3.4957801119552164e-06,0.0023410877556739,,1324.8,255.79379999999998,7284319.0,313.0702,,5.33,,600057.6,104.77499961853027,123.5008
2024-06-07,4.348000000000001,21034.2,,,,100.894,4.1,1.08772,1.09032,1.0839919999999998,1.086814,1.086814,-0.0008211844911565,0.0035292144863869,,1327.0,255.914,7255687.0,313.044,,5.33,,599979.0,104.30199890136718,123.539
2024-06-14,4.322,21065.6,,,,100.66442500000001,4.125,1.076586,1.079376,1.0716800000000002,1.075172,1.075172,-0.0018024679524813,0.0045909117677556,,1311.5,256.26575,7258974.0,313.17525,,5.33,,601437.75,105.15600128173828,123.58825
2024-06-21,4.25,21082.5,,,,100.43485000000001,4.15,1.07248,1.07445,1.06981,1.072206,1.072206,-0.0002126790640355,0.0042857318703581,,1296.0,256.6175,7252542.0,313.3065,,5.33,,602896.5,105.49250030517578,123.6375
2024-06-28,4.290000000000001,20988.1,,,,100.205275,4.175,1.070406,1.073198,1.068026,1.070828,1.070828,0.0003809601564228,0.0027705103058454,,1280.5,256.96925,7231163.0,313.43775,,5.33,,604355.25,105.78200225830078,123.68675
2024-07-05,4.3875,21028.3,,,,99.9757,4.2,1.076352,1.079944,1.074908,1.07833,1.07833,0.0023385143624277,0.0021897648718291,,1265.0,257.321,7221520.0,313.569,,5.33,,605814.0,105.47500038146973,123.736
2024-07-12,4.248,21096.5,,,,100.0895,4.2,1.083018,1.086404,1.082356,1.084766,1.084766,0.0012612765763313,0.0018723064412145,,1296.5,256.85650000000004,7224079.0,313.69225,,5.33,,605260.75,104.74200134277343,123.77425
2024-07-19,4.202,21082.5,,,,100.2033,4.2,1.090336,1.09238,1.088346,1.090196,1.090196,-0.0004229154017489,0.0024042154688595,,1328.0,256.392,7208247.0,313.81550000000004,,5.33,,604707.5,104.15599975585936,123.8125
2024-07-26,4.252,21015.8,,,,100.3171,4.2,1.086226,1.088096,1.084224,1.08566,1.08566,-0.0004990696943885,0.0024498913987466,,1359.5,255.9275,7205455.0,313.93875,,5.33,,604154.25,104.36599884033204,123.85075
2024-08-02,4.04,20986.0,,,,100.4309,4.2,1.082176,1.086352,1.07922,1.08326,1.08326,0.0010214026558045,0.0024036931509737,,1391.0,255.463,7178391.0,314.062,,5.33,,603601.0,104.16799926757812,123.889
2024-08-09,3.914,21151.9,,,,100.3064,4.18,1.092792,1.095704,1.089814,1.092704,1.092704,9.368626683654004e-05,0.0049271626627221,,1384.2,254.9068,7175256.0,314.196,,5.33,,604635.6,103.04199981689452,123.944
2024-08-16,3.878,21130.9,,,,100.1819,4.16,1.096482,1.100226,1.094566,1.098908,1.098908,0.0020235035277025,0.0033292285345787,,1377.4,254.3506,7177688.0,314.33000000000004,,5.33,,605670.2,102.74199981689452,123.999
2024-08-23,3.828,21144.9,,,,100.0574,4.14,1.109922,1.115136,1.107902,1.113236,1.113236,0.0029998820701751,0.0039288845886778,,1370.6,253.7944,7139952.0,314.464,,5.33,,606704.8,101.32000122070312,124.054
2024-08-30,3.854,21089.3,,,,99.9329,4.12,1.114602,1.11624,1.110068,1.111722,1.111722,-0.0025980522100348,0.0043094191114338,,1363.8,253.23819999999998,7123238.0,314.598,,5.33,,607739.4,101.10599822998049,124.109
2024-09-06,3.765,21189.8,,,,99.8084,4.1,1.107048,1.11042,1.1049099999999998,1.107764,1.107764,0.0006629086259661,0.0034591941939905,,1357.0,252.682,7112567.0,314.732,,5.33,,608774.0,101.3700008392334,124.164
2024-09-13,3.668,21276.2,,,,99.723675,4.1,1.104482,1.107458,1.102496,1.104294,1.104294,-0.0001627806644767,0.0030699607040664,,1355.75,252.78175,7115001.0,314.95675,,5.33,,609773.5,101.46800079345704,124.2465
2024-09-20,3.688,21253.9,,,,99.63895,4.1,1.11189,1.1166740000000002,1.109704,1.113646,1.113646,0.0015877009925362,0.0032552218379423,,1354.5,252.8815,7109137.0,315.1815,,5.13,,610773.0,100.71600036621092,124.32900000000001
2024-09-27,3.764,21151.8,,,,99.554225,4.1,1.115176,1.11909,1.11114,1.1151620000000002,1.1151620000000002,-3.614163255939934e-06,0.0038781338426936,,1353.25,252.98125,7080059.0,315.40625,,4.83,,611772.5,100.63799896240236,124.4115
2024-10-04,3.834000000000001,21198.4,,,,99.4695,4.1,1.108828,1.110486,1.103,1.105118,1.105118,-0.0033736325027742,0.0037882945678873,,1352.0,253.081,7046925.0,315.631,,4.83,,612772.0,101.63199920654296,124.494
2024-10-11,4.0600000000000005,21284.2,,,,99.42525,4.125,1.095914,1.097472,1.09352,1.095232,1.095232,-0.0007035163348723,0.0022620878175898,,1337.75,253.1135,7046840.0,315.85524999999996,,4.83,,613665.0,102.78000030517578,124.52975
2024-10-18,4.055,21256.1,,,,99.381,4.15,1.0885,1.089956,1.085164,1.087148,1.087148,-0.0012865373504431,0.0017176641274955,,1323.5,253.14600000000002,7039284.0,316.0795,,4.83,,614558.0,103.49400024414062,124.5655
2024-10-25,4.218,21253.2,,,,99.33675,4.175,1.081786,1.083722,1.0785360000000002,1.080334,1.080334,-0.0013244297792153,0.002761437984172,,1309.25,253.1785,7029408.0,316.30375000000004,,4.83,,615451.0,104.16800079345704,124.60125
2024-11-01,4.3,21221.9,,,,99.2925,4.2,1.083216,1.08638,1.080666,1.084006,1.084006,0.0007627240670149,0.0030605073735803,,1295.0,253.211,7013490.0,316.528,,4.83,,616344.0,104.1699996948242,124.637
2024-11-08,4.319999999999999,21394.8,,,,99.49946,4.18,1.08419,1.088356,1.076456,1.0810879999999998,1.0810879999999998,-0.0020994033376087,0.0065497504360993,,1338.8,253.2534,6994299.0,316.7432,,4.779999999999999,,617435.8,104.38199920654296,124.7054
2024-11-15,4.4325,21437.6,,,,99.70642,4.16,1.061446,1.064412,1.055802,1.05811,1.05811,-0.0033557278428385,0.0078486846052232,,1382.6,253.2958,6967108.0,316.9584,,4.58,,618527.6,106.28000030517578,124.7738
2024-11-22,4.412,21478.3,,,,99.91338,4.14,1.05473,1.057426,1.047034,1.052558,1.052558,-0.0022797180603008,0.004225519468894,,1426.4,253.3382,6923731.0,317.1736,,4.58,,619619.4,106.7259994506836,124.8422
2024-11-29,4.25,21406.2,,,,100.12034,4.12,1.051578,1.0566,1.048308,1.053436,1.053436,0.0029743522845849,0.0055758448698845,,1470.2,253.38060000000002,6905140.0,317.3888,,4.58,,620711.2,106.41250038146973,124.9106
2024-12-06,4.186,21533.2,,,,100.3273,4.1,1.05328,1.057456,1.0492,1.053332,1.053332,-0.0001312845498926,0.004971319431062,,1514.0,253.423,6895827.0,317.604,,4.58,,621803.0,106.16799926757812,124.979
2024-12-13,4.279999999999999,21572.8,,,,100.26165,4.074999999999999,1.051884,1.055142,1.0485099999999998,1.050878,1.050878,-0.0012421072493211,0.0038512501918869,,1475.0,254.40725,6897485.0,317.94325,,4.58,,620345.5,106.64400024414064,125.0885
2024-12-20,4.476,21610.7,,,,100.196,4.05,1.043994,1.0488300000000002,1.039698,1.04276,1.04276,-0.0014553129327841,0.0042506146066266,,1436.0,255.3915,6889332.0,318.2825,,4.48,,618888.0,107.5760009765625,125.19800000000001
2024-12-27,4.595,21644.3,,,,100.13034999999999,4.025,1.041022,1.042826,1.039136,1.041054,1.041054,-8.815380098820057e-06,0.0053225853766969,,1397.0,256.37575000000004,6885963.0,318.62175,,4.33,,617430.5,108.10750007629396,125.3075
2025-01-03,4.575,21660.4,,,,100.0647,4.0,1.036186,1.038548,1.030868,1.0335899999999998,1.0335899999999998,-0.0022508127266658,0.0030948089336211,,1358.0,257.36,6852491.0,318.961,,4.33,,615973.0,108.73999786376952,125.417
2025-01-10,4.682,21669.8,,,,100.27162,4.04,1.032938,1.03724,1.028032,1.0318,1.0318,-0.0012059856951415,0.0057434220440242,,1384.4,257.7876,6853554.0,319.1046,,4.33,,616121.2,108.94400024414062,125.51780000000001
2025-01-17,4.69,21663.1,,,,100.47854,4.08,1.027456,1.031174,1.023992,1.0281559999999998,1.0281559999999998,0.0005316042595025,0.0042450132897871,,1410.8,258.2152,6834070.0,319.2482,,4.33,,616269.4,109.32599792480468,125.6186
2025-01-24,4.6125,21584.0,,,,100.68546,4.12,1.038998,1.0457040000000002,1.035848,1.04235,1.04235,0.0042820300921003,0.0061482055231265,,1437.2,258.6428,6831760.0,319.3918,,4.33,,616417.6,107.93000030517578,125.71940000000001
2025-01-31,4.546,21477.4,,,,100.89238,4.16,1.0441600000000002,1.047442,1.039694,1.0417960000000002,1.0417960000000002,-0.0025211290608115,0.0050381646598374,,1463.6,259.0704,6818186.0,319.5354,,4.33,,616565.8,107.8760009765625,125.8202
2025-02-07,4.486,21503.3,,,,101.0993,4.2,1.034734,1.039964,1.03017,1.036644,1.036644,-0.0006559994784138,0.0031765991637374,,1490.0,259.498,6810935.0,319.679,,4.33,,616714.0,108.0520004272461,125.921
2025-02-14,4.532,21497.8,,,,101.084575,4.2,1.035992,1.0425799999999998,1.034176,1.04009,1.04009,0.0031866661558994,0.003940563951391,,1456.25,259.25475,6813513.0,319.7055,,4.33,,618815.75,107.61999969482422,125.926
2025-02-21,4.5,21524.2,,,,101.06985,4.2,1.046718,1.049252,1.043384,1.046164,1.046164,-0.000666739853073,0.0044488170112687,,1422.5,259.01149999999996,6782332.0,319.73199999999997,,4.33,,620917.5,106.79249954223631,125.93100000000001
2025-02-28,4.296,21520.3,,,,101.055125,4.2,1.046712,1.049778,1.042782,1.044696,1.044696,-0.0015492714200895,0.004705483293059,,1388.75,258.76824999999997,6766101.0,319.7585,,4.33,,623019.25,106.83599853515624,125.936
2025-03-07,4.254,21645.3,,,,101.0404,4.2,1.061618,1.073408,1.0600619999999998,1.070206,1.070206,0.0086440065511299,0.0081895032724788,,1355.0,258.525,6756764.0,319.785,,4.33,,625121.0,105.22599792480467,125.941
2025-03-14,4.279999999999999,21748.0,,,,101.062275,4.2,1.086438,1.091264,1.083266,1.087164,1.087164,0.000864036813327,0.0060804774056168,,1365.75,258.49174999999997,6759571.0,319.91425000000004,,4.33,,624721.0,103.702001953125,125.99325
2025-03-21,4.268,21863.8,,,,101.08415,4.2,1.09006,1.0921800000000002,1.084618,1.0886939999999998,1.0886939999999998,-0.0011806508689909,0.0037168534113407,,1376.5,258.45849999999996,6755982.0,320.0435,,4.33,,624321.0,103.59599914550782,126.0455
2025-03-28,4.33,21825.9,,,,101.106025,4.2,1.0788319999999998,1.083146,1.075782,1.078952,1.078952,0.0002210585567086,0.003409177706258,,1387.25,258.42525,6740253.0,320.17275,,4.33,,623921.0,104.22000122070312,126.09775
2025-04-04,4.134,21912.6,,,,101.1279,4.2,1.08605,1.09716,1.081408,1.08891,1.08891,0.0025045049622487,0.0056410975296852,,1398.0,258.392,6723452.0,320.302,,4.33,,623521.0,103.4739990234375,126.15
2025-04-11,4.3260000000000005,22016.0,,,,101.0873,4.225,1.098478,1.11704,1.096724,1.1073080000000002,1.1073080000000002,0.0072669395480396,0.0104200469238838,,1369.0,258.4635,6727416.0,320.3815,,4.33,,622150.0,101.9540008544922,126.20750000000001
2025-04-18,4.34,22045.2,,,,101.0467,4.25,1.134298,1.140466,1.130648,1.13577,1.13577,0.0005905402411357,0.0103929224233326,,1340.0,258.53499999999997,6727113.0,320.461,,4.33,,620779.0,99.65499877929688,126.265
2025-04-25,4.368,21863.0,,,,101.0061,4.275,1.13976,1.146996,1.133868,1.1388820000000002,1.1388820000000002,-0.0004485757339199,0.0080954869190402,,1311.0,258.6065,6726930.0,320.5405,,4.33,,619408.0,99.15999908447266,126.32249999999999
2025-05-02,4.234,21703.2,,,,100.9655,4.3,1.135564,1.13937,1.1311,1.1342120000000002,1.1342120000000002,-0.0012071473130747,0.0059680469632998,,1282.0,258.678,6709277.0,320.62,,4.33,,618037.0,99.59400024414064,126.38
2025-05-09,4.332,21751.1,,,,101.0681,4.26,1.130512,1.135064,1.125516,1.1293700000000002,1.1293700000000002,-0.0008614348569838,0.0041356314093435,,1302.0,259.0406,6710889.0,320.783,,4.33,,619258.8,99.93199920654295,126.45259999999999
2025-05-16,4.470000000000001,21738.9,,,,101.1707,4.22,1.11703,1.123018,1.112338,1.1159940000000002,1.1159940000000002,-0.0014353671351116,0.0074253419561439,,1322.0,259.40319999999997,6713270.0,320.946,,4.33,,620480.6,101.15999908447266,126.5252
2025-05-23,4.514,21761.7,,,,101.2733,4.18,1.126156,1.1331479999999998,1.12403,1.129862,1.129862,0.0035063090272517,0.0054767561023868,,1342.0,259.7658,6688726.0,321.109,,4.33,,621702.4,99.83600006103516,126.59779999999999
2025-05-30,4.435,21699.0,,,,101.3759,4.14,1.134886,1.138918,1.1298,1.1344340000000002,1.1344340000000002,-0.0002659421864395,0.0048825860320488,,1362.0,260.1284,6673244.0,321.272,,4.33,,622924.2,99.38799896240236,126.6704
2025-06-06,4.44,21842.0,,,,101.4785,4.1,1.140456,1.145816,1.136784,1.14128,1.14128,0.0008751397997445,0.0054476591431826,,1382.0,260.491,6672885.0,321.435,,4.33,,624146.0,98.93399963378906,126.743
2025-06-13,4.428,21898.7,,,,101.582375,4.1499999999999995,1.14622,1.1526,1.14266,1.1493,1.1493,0.0027656537079996,0.0043803967805266,,1391.5,260.95775,6677155.0,321.6185,,4.33,,625296.25,98.54400024414062,126.79724999999999
2025-06-20,4.4025,21945.3,,,,101.68625,4.199999999999999,1.15114,1.15526,1.1478,1.1507,1.1507,-0.000514187707732,0.0048825758174803,,1401.0,261.42449999999997,6681056.0,321.802,,4.33,,626446.5,98.61000061035156,126.85149999999999
2025-06-27,4.296,21857.6,,,,101.790125,4.25,1.16032,1.1677,1.1589,1.16522,1.16522,0.0033969843716235,0.0029080554075779,,1410.5,261.89125,6662200.0,321.9855,,4.33,,627596.75,97.70200042724608,126.90575
2025-07-04,4.2875,21949.2,,,,101.894,4.3,1.17706,1.1804400000000002,1.17352,1.17846,1.17846,0.0010095567660571,0.0022201882333221,,1420.0,262.358,6659598.0,322.169,,4.33,,628747.0,96.91499900817873,126.96
2025-07-11,4.388,22022.7,,,,101.82667500000001,4.3,1.17246,1.17492,1.16762,1.1707800000000002,1.1707800000000002,-0.0015128021554261,0.0032605776768628,,1387.75,262.296,6661912.0,322.4495,,4.33,,629597.5,97.59200134277344,127.04325
2025-07-18,4.46,21983.8,,,,101.75935000000001,4.3,1.16346,1.16846,1.15888,1.16232,1.16232,-0.0010918344321117,0.0027524081311239,,1355.5,262.23400000000004,6659273.0,322.73,,4.33,,630448.0,98.46000213623049,127.1265
2025-07-25,4.392,21939.0,,,,101.692025,4.3,1.17164,1.176,1.16862,1.17424,1.17424,0.0019753713548059,0.0039110292826898,,1323.25,262.172,6657715.0,323.0105,,4.33,,631298.5,97.4959991455078,127.20975
2025-08-01,4.348000000000001,21883.6,,,,101.6247,4.3,1.15394,1.16,1.14578,1.1507200000000002,1.1507200000000002,-0.0026202697456155,0.0069400349310932,,1291.0,262.11,6642578.0,323.291,,4.33,,632149.0,99.24600219726562,127.293
2025-08-08,4.232,22039.2,,,,101.64094,4.32,1.16084,1.16456,1.15744,1.16214,1.16214,0.0009533878428645,0.0082933375358937,,1298.4,262.1068,6640843.0,323.4818,,4.33,,632198.2,98.46399993896485,127.35940000000001
2025-08-15,4.284000000000001,22028.4,,,,101.65718,4.34,1.16554,1.17064,1.16254,1.16668,1.16668,0.0010022882696159,0.0043602193081476,,1305.8,262.10360000000003,6643615.0,323.6726,,4.33,,632247.4,98.11199798583984,127.42580000000001
2025-08-22,4.304,22071.0,,,,101.67342000000001,4.36,1.16512,1.1697,1.16184,1.16554,1.16554,0.000319191128438,0.0040802534489348,,1313.2,262.1004,6618415.0,323.8634,,4.33,,632296.6,98.2,127.4922
2025-08-29,4.246,21971.9,,,,101.68966,4.38,1.16588,1.16888,1.16098,1.16526,1.16526,-0.0005211045570851,0.0056402301181545,,1320.6,262.0972,6603384.0,324.0542,,4.33,,632345.8,98.09400024414064,127.5586
2025-09-05,4.1925,22060.0,,,,101.7059,4.4,1.16684,1.17128,1.16344,1.16748,1.16748,0.0005721181551952,0.0040284454049044,,1328.0,262.094,6602071.0,324.245,,4.33,,632395.0,98.16499900817873,127.625
2025-09-12,4.048,22139.2,,,,101.593675,4.411111111111111,1.17224,1.17532,1.16888,1.17254,1.17254,0.0002779573904865,0.0039844454723105,,1314.0,261.75149999999996,6605962.0,324.3358888888889,,4.33,,632132.75,97.62200012207032,127.6885
2025-09-19,4.08,22177.0,,,,101.48145,4.4222222222222225,1.17918,1.1842,1.1751,1.1793600000000002,1.1793600000000002,0.0001998576746349,0.0043853791774274,,1300.0,261.409,6608597.0,324.4267777777778,,4.23,,631870.5,97.15800018310549,127.75200000000001
2025-09-26,4.162000000000001,22058.1,,,,101.369225,4.433333333333334,1.1752600000000002,1.17802,1.17064,1.1744,1.1744,-0.000721973708268,0.0048088358201299,,1286.0,261.0665,6608395.0,324.5176666666667,,4.09,,631608.25,97.83200225830078,127.8155
2025-10-03,4.132,22063.0,,,,101.257,4.444444444444445,1.17196,1.17618,1.17026,1.17284,1.17284,0.0006837087200784,0.0039942328212389,,1272.0,260.724,6587119.0,324.60855555555554,,4.09,,631346.0,97.79199981689452,127.879
2025-10-10,4.128,22208.1,,,,101.28110000000001,4.455555555555556,1.16584,1.16792,1.15978,1.16342,1.16342,-0.0020975738064842,0.0026477762270901,,1282.0,260.8508,6590815.0,324.69944444444445,,4.095999999999999,,632019.0,98.81200103759764,127.933
2025-10-17,4.0225,22182.3,,,,101.3052,4.466666666666667,1.16252,1.16626,1.15972,1.16314,1.16314,0.0005735896305978,0.0041837431817365,,1292.0,260.9776,6596454.0,324.7903333333333,,4.105,,632692.0,98.78600006103515,127.98700000000001
2025-10-24,3.996,22207.4,,,,101.3293,4.477777777777778,1.16252,1.16626,1.15972,1.16314,1.16314,0.0005735896305978,0.0041837431817365,,1302.0,261.1044,6589533.0,324.8812222222222,,4.11,,633365.0,98.86199951171876,128.041
2025-10-31,4.0600000000000005,22097.0,,,,101.3534,4.488888888888889,1.16252,1.16626,1.15972,1.16314,1.16314,0.0005735896305978,0.0041837431817365,,1312.0,261.2312,6587034.0,324.9721111111111,,4.018,,634038.0,99.2040008544922,128.095
2025-11-07,4.1240000000000006,22263.9,,,,101.3775,4.5,1.16252,1.16626,1.15972,1.16314,1.16314,0.0005735896305978,0.0041837431817365,,1322.0,261.358,6572732.0,325.063,,3.87,,634711.0,99.9240005493164,128.149
2025-11-14,4.115,22232.5,,,,101.440525,4.475,1.16252,1.16626,1.15972,1.16314,1.16314,0.0005735896305978,0.0041837431817365,,1342.5,261.22275,6580462.0,325.305,,3.875,,634717.75,99.4020004272461,128.263
2025-11-21,4.108,22292.4,,,,101.50354999999999,4.45,1.16252,1.16626,1.15972,1.16314,1.16314,0.0005735896305978,0.0041837431817365,,1363.0,261.0875,6555283.0,325.547,,3.88,,634724.5,99.94200134277344,128.377
2025-11-28,4.0175,22265.7,,,,101.566575,4.425000000000001,1.16252,1.16626,1.15972,1.16314,1.16314,0.0005735896305978,0.0041837431817365,,1383.5,260.95225,6552419.0,325.789,,3.8825,,634731.25,99.71500015258788,128.49099999999999
2025-12-05,4.098,22387.0,,,,101.6296,4.4,1.16252,1.16626,1.15972,1.16314,1.16314,0.0005735896305978,0.0041837431817365,,1404.0,260.817,6535781.0,326.031,,3.89,,634738.0,99.11999969482422,128.605
2025-12-12,4.162,22416.0,,,,101.8075,4.375,1.16252,1.16626,1.15972,1.16314,1.16314,0.0005735896305978,0.0041837431817365,,1404.0,260.99375,6539303.0,326.17025,,3.79,,634738.0,98.76999969482422,128.605
2025-12-19,4.154,22500.7,,,,101.9854,4.35,1.16252,1.16626,1.15972,1.16314,1.16314,0.0005735896305978,0.0041837431817365,,1404.0,261.1705,6556861.0,326.3095,,3.64,,634738.0,98.34000091552734,128.605
2025-12-26,4.16,22586.2,,,,102.16329999999999,4.325,1.16252,1.16626,1.15972,1.16314,1.16314,0.0005735896305978,0.0041837431817365,,1404.0,261.34725000000003,6581231.0,326.44875,,3.64,,634738.0,98.0575008392334,128.605
2026-01-02,4.1575,22634.5,,,,102.3412,4.3,1.16252,1.16626,1.15972,1.16314,1.16314,0.0005735896305978,0.0041837431817365,,1404.0,261.524,6640618.0,326.588,,3.64,,634738.0,98.24499893188477,128.605
2026-01-09,4.174,22646.2,,,,102.3412,4.3,1.16252,1.16626,1.15972,1.16314,1.16314,0.0005735896305978,0.0041837431817365,,1404.0,261.524,6573602.0,326.588,,3.64,,634738.0,98.71799926757812,128.605
2026-01-16,4.186,22577.9,,,,102.3412,4.3,1.16252,1.16626,1.15972,1.16314,1.16314,0.0005735896305978,0.0041837431817365,,1404.0,261.524,6581700.0,326.588,,3.64,,634738.0,99.16599884033204,128.605
2026-01-23,4.265,22482.6,,,,102.3412,4.3,1.16252,1.16626,1.15972,1.16314,1.16314,0.0005735896305978,0.0041837431817365,,1404.0,261.524,6584580.0,326.588,,3.64,,634738.0,98.34000015258788,128.605
2026-01-30,4.244,22384.7,,,,102.3412,4.3,1.16252,1.16626,1.15972,1.16314,1.16314,0.0005735896305978,0.0041837431817365,,1404.0,261.524,6587568.0,326.588,,3.64,,634738.0,96.59599914550782,128.605
2026-02-06,4.258,22462.7,,,,102.3412,4.3,1.16252,1.16626,1.15972,1.16314,1.16314,0.0005735896305978,0.0041837431817365,,1404.0,261.524,6605909.0,326.588,,3.64,,634738.0,97.6240005493164,128.605
2026-02-13,4.138,22462.7,,,,102.3412,4.3,1.16252,1.16626,1.15972,1.16314,1.16314,0.0005735896305978,0.0041837431817365,,1404.0,261.524,6622382.0,326.588,,3.64,,634738.0,96.85200042724608,128.605
2026-02-20,4.075,22462.7,,,,102.3412,4.3,1.16252,1.16626,1.15972,1.16314,1.16314,0.0005735896305978,0.0041837431817365,,1404.0,261.524,6613395.0,326.588,,3.64,,634738.0,97.64750099182127,128.605
2026-02-27,4.022,22462.7,2714.25,67.0199966430664,22668.2109375,102.3412,4.3,1.16252,1.16626,1.15972,1.16314,1.16314,0.0005735896305978,0.0041837431817365,5230.5,1404.0,261.524,6613797.0,326.588,6878.8798828125,3.64,19.86000061035156,634738.0,97.73599853515626,128.605
2026-03-06,4.066666666666666,22462.7,2801.6666666666665,75.04500198364258,22705.50390625,102.3412,4.3,1.16252,1.16626,1.15972,1.16314,1.16314,0.0005735896305978,0.0041837431817365,5166.550048828125,1404.0,261.524,6628894.0,326.588,6849.614990234375,3.64,22.477499961853027,634738.0,98.78824996948242,128.605
